ID,Region,Age,Sex,Height,Weight,BMI,FatPct,Waist,Grip,GripD,AgeGrp
1,1,19,1,178.3,100.2,31.51846331,23.3,99.1,56.7,54,4
2,1,19,1,167.9,52.9,18.76524676,11.7,69.5,27.1,26.5,4
3,1,19,1,172.7,59.8,20.05009842,8.9,71.2,38.2,35.7,4
4,1,19,1,175.5,73.6,23.89590994,18.3,83,40.2,37.4,4
5,1,19,1,172.6,57.7,19.36842162,17.1,73,37.3,37.5,4
6,1,19,1,171.2,51.2,17.46877457,12.1,67.9,26.6,24.6,4
7,1,19,1,164.3,58.04,21.50068403,23.6,75.2,29,28.7,4
8,1,19,2,165.9,49.8,18.09408269,18.6,64.5,25.3,26.3,4
9,1,19,2,156.1,46.9,19.24717684,28.5,65.5,20.1,18.9,4
10,1,19,2,158.2,47,18.77953782,22.8,68.2,18.9,16,4
11,1,19,2,162,57.2,21.79545801,30.9,82.6,25.6,27.4,4
12,1,19,2,158.8,43.4,17.21031159,24.4,60.8,28.8,21.7,4
13,1,19,2,157.1,69.1,27.99791414,33.2,83,23.9,19,4
14,1,19,2,155.2,44.7,18.55769742,32,65.5,15.7,15,4
15,1,19,2,162.7,59.02,22.29585336,26.1,74.6,21.3,20.2,4
16,1,19,2,169.4,58.4,20.35101316,35.6,73,25.8,22.3,4
17,1,20,1,166,54.52,19.78516476,13.9,73.6,40.5,36.2,5
18,1,20,1,182.5,83.9,25.19046725,14.6,82,49.3,43,5
19,1,20,1,177.4,81.8,25.9923815,28.7,92.7,36.9,40.2,5
20,1,20,1,163.1,70,26.31419677,21.6,86.8,47,52.7,5
21,1,20,1,175.2,69.2,22.54435896,20.1,81.3,44.4,40.3,5
22,1,20,1,170,60,20.76124567,16.7,75,45,41,5
23,1,20,1,180.6,83.92,25.72941922,19.8,88,46.3,42.1,5
24,1,20,1,175.7,62.5,20.24587235,10.1,72.3,43.6,41,5
25,1,20,1,180.8,86.6,26.4923839,10.3,79.8,52.5,46.3,5
26,1,20,2,151.2,48.5,21.21476162,33.8,71,14.5,10.3,5
27,1,20,2,162.6,52.7,19.93285616,31.7,72.5,22.7,21.2,5
28,1,20,2,165.1,55.86,20.49305874,32.2,71.5,19.5,16.6,5
29,1,20,2,156.1,48.1,19.7,24.2,71,24.3,27.6,5
30,1,20,2,158.1,45.3,18.12318243,19,67.2,22,19.9,5
31,1,20,2,162.1,52.3,19.90378442,18.8,72,27.6,24.7,5
32,1,20,2,170.2,67.66,23.35677526,36.1,84.7,28.4,22.4,5
33,1,20,2,168.4,57.5,20.27606479,25.3,68.2,29.8,21.7,5
34,1,20,2,156,53.9,22.14825773,25.1,70.3,32.6,30.5,5
35,1,21,1,166.1,71.1,25.77094451,18.9,85,45.4,41,5
36,1,21,1,180.2,83.3,25.65283857,18.4,91.7,48.3,45.1,5
37,1,21,1,172.2,80.6,27.1812076,28.8,84.8,46.2,42.7,5
38,1,21,1,174,70.3,23.21971198,22.5,81,41.2,33.2,5
39,1,21,2,155.4,47.1,19.50378398,19.3,68.5,27.5,26.5,5
40,1,21,2,153.9,53.8,22.714597,32,69,16.3,14,5
41,1,21,2,159.3,48.9,19.26980445,15.3,61.5,26.7,22.8,5
42,1,21,2,159.4,46.56,18.32467739,27.9,67.2,21.5,21.8,5
43,1,21,2,173.1,64.6,21.55948499,15.1,76.2,32.6,31.3,5
44,1,21,2,161,59,22.76146754,27.2,78.1,33.8,30.2,5
45,1,21,2,158,45.92,18.39448806,25.6,67.8,16,15,5
46,1,22,1,174,62.5,20.64341393,10.7,77.6,41.3,41.5,5
47,1,22,1,167.5,63.8,22.74003119,13.1,73,39.1,36.3,5
48,1,22,1,181.6,112.54,34.12520134,36.1,107.8,44,43.1,5
49,1,22,1,175.3,63.5,20.66378589,14.7,78.9,44.7,42.8,5
50,1,22,1,177.8,75.6,23.91433354,13.8,75.5,55.7,47.7,5
51,1,22,1,171.9,75.24,25.46226498,17.6,83.1,39.4,39.2,5
52,1,22,1,185,84,24.54346238,13.6,79,53.9,50.4,5
53,1,22,1,170.3,72.3,24.92923786,20.6,85.5,44.4,36.2,5
54,1,22,1,172.9,65.9,22.0442551,18.8,79.8,40.3,37.6,5
55,1,22,1,165.3,61.4,22.47101367,16.3,78.5,41.4,37.2,5
56,1,22,2,160.7,58.6,22.69163883,31.3,70.6,35.1,35.1,5
57,1,22,2,159.5,46.3,18.19950669,18,66.5,27.5,25.8,5
58,1,22,2,158.9,59.5,23.56509372,38.2,80.6,20.1,18,5
59,1,23,1,183.9,80.2,23.71433277,19,91.6,46,39.5,5
60,1,23,1,169.3,78.9,27.5,49,87.8,42.1,49.5,5
61,1,23,1,172.5,83.3,27.99411888,30.6,88,41.2,42.6,5
62,1,23,1,186.3,96.7,27.86126072,23.8,90.3,53.6,53.7,5
63,1,23,1,177.3,67.3,21.40905969,12.1,76,45.6,41.1,5
64,1,23,1,177.8,80.92,25.59719405,20.7,86.5,47.5,39.2,5
65,1,23,1,177.9,77.6,24.5,20.8,85.2,46.5,45.1,5
66,1,23,2,163.4,54.2,20.29996,29.3,74.5,27.5,25.6,5
67,1,23,2,149.9,43.6,19.40364067,27.6,71.5,23.3,22.4,5
68,1,23,2,165.2,60,21.98523765,29.9,83.5,25.2,22.7,5
69,1,23,2,165.2,54.7,20.04320832,25,67,24.8,21.1,5
70,1,23,2,150.5,65.2,28.78555424,40.5,79.5,24.7,20.8,5
71,1,23,2,158.2,58.9,23.53435696,31.7,81.5,18.9,17.7,5
72,1,23,2,166.7,58,20.8716505,17,78.5,30.5,26.3,5
73,1,23,2,158.6,57.4,22.81946858,32.1,77,30.9,25.7,5
74,1,24,1,172.2,72.94,24.59798117,19.6,84.5,45.6,45.7,5
75,1,24,1,174.9,71.52,23.38018196,16.7,81.4,47.9,44.1,5
76,1,24,1,175.7,62.4,20.21347896,11,72.5,42.5,35.5,5
77,1,24,1,170.6,78,26.8001083,16.9,90,47.7,45.8,5
78,1,24,1,180.1,73.9,22.78332014,8.9,82,47,49.6,5
79,1,24,1,173.7,75,24.85773916,21.2,85,44.2,35.3,5
80,1,24,2,167,61.5,22.05170497,24.1,72.3,30,27.7,5
81,1,24,2,176.1,64.9,20.92791607,24.9,67.3,28.9,28.1,5
82,1,24,2,162.9,50.4,18.99277257,23.7,68.9,24,21.9,5
83,1,24,2,161.8,59.8,22.84252713,21.7,69.8,44.3,40.2,5
84,1,24,2,165.9,52.5,19.07508717,23.2,67.9,28.6,23.2,5
85,1,24,2,155.1,44,18.29064753,13.2,62.5,30.3,25.8,5
86,1,24,2,168.8,87.8,30.8141102,39.3,99.2,25.7,25.5,5
87,1,25,1,173.1,68.8,22.96118525,19.2,83.8,45.2,42,6
88,1,25,1,174,72.5,23.94636015,24,88.6,41.2,43.3,6
89,1,25,1,176.6,72.64,23.29133796,18.5,78.11,42.6,39.1,6
90,1,25,1,173,98.9,33.04487287,29.9,107.6,30.7,33.7,6
91,1,25,1,167,68.7,24.63336799,22.8,77,43.2,39.9,6
92,1,25,1,169,63.6,22.3,15.7,77.5,43.9,49.7,6
93,1,25,1,169,69,24.15881797,10,85,37.8,42.3,6
94,1,25,1,178.8,105.8,33.09410487,31.3,109,49.4,40.5,6
95,1,25,1,174.8,76.4,25.00405825,17.1,83.2,39.5,39.2,6
96,1,25,1,187.4,79.38,22.60330376,11.3,79.3,47.5,46.5,6
97,1,25,1,180,76.3,23.54938272,20.2,84.6,31.6,33.1,6
98,1,25,2,156.6,53.1,21.7,30.8,67.1,24.4,21.9,6
99,1,25,2,160.8,59.5,23,30.2,63.3,21.2,22,6
100,1,25,2,156.2,48.4,19.83733386,30,64.4,21.8,16.6,6
101,1,25,2,168.2,51.1,18.06212807,23.5,68.8,23.9,20.2,6
102,1,25,2,165.2,57.8,21.17911227,27.5,78.5,29.9,29.1,6
103,1,25,2,161.6,67.9,26.000821,39.6,87,21,24.4,6
104,1,25,2,152.7,47.1,20.19960296,25.3,69.2,27.2,19.9,6
105,1,25,2,168.1,60.4,21.37477303,31.5,78,25.4,19.9,6
106,1,25,2,156.2,54,22.13256257,31.8,75.7,29.5,27.1,6
107,1,25,2,163.5,58.9,22.03331182,24.9,69.1,37.6,34.7,6
108,1,25,2,163.5,58.9,22.03331182,24.9,75.6,37.6,34.7,6
109,1,25,2,165,56,20.56932966,23.8,75,28.5,26,6
110,1,25,2,165.6,51.4,18.74314453,33.9,69.2,22.6,19.6,6
111,1,25,2,164.5,56.62,20.92367957,32.9,73.9,24.5,25.7,6
112,1,25,2,159.9,49.9,19.5165756,13.8,67.8,33.4,27.5,6
113,1,25,2,160.9,52.5,20.27903175,33.2,67,27.2,26.2,6
114,1,26,1,179.1,86.5,26.9,22.3,89,44.6,44.2,6
115,1,26,1,168.6,69.9,24.59019854,21.6,83,32.9,32.9,6
116,1,26,1,173.5,79.2,26.3,25,81.5,52.8,45.4,6
117,1,26,1,178.9,51.16,15.98489746,9.8,67.6,39.7,33.4,6
118,1,26,1,166.7,76.5,27.5,30.8,94.6,38.5,34.4,6
119,1,26,1,174.6,68.74,22.54867614,14.9,79.2,34.9,35.2,6
120,1,26,1,189.8,86.48,24.00619142,15.1,84.9,34.1,37.4,6
121,1,26,1,175.6,85.6,27.76033748,22.7,94.5,55.5,52.9,6
122,1,26,2,169.2,67.2,23.47299767,32.7,84,30.9,30,6
123,1,26,2,160,51.8,20.234375,28.4,73,28.8,25.6,6
124,1,26,2,163.5,52.22,19.53445744,22.7,69,23.7,21.2,6
125,1,26,2,164.2,48.6,18.02560972,24.4,75,27.6,26.3,6
126,1,26,2,164.5,57.1,21.10106152,29.4,67,26.7,23.5,6
127,1,26,2,168.9,60.18,21.09564868,26.9,69.8,23.1,20.3,6
128,1,26,2,162.4,61.9,23.47029775,31.9,75.3,20.5,19,6
129,1,27,1,182.7,75.1,22.5,21.8,88,39.9,40.1,6
130,1,27,1,184.5,82.9,24.4,14.7,84.7,41.9,35.5,6
131,1,27,1,168.8,65.8,23.09303475,19.7,76,34.5,33.8,6
132,1,27,1,174.8,61.1,19.99670104,18.7,74.5,33.7,32.3,6
133,1,27,1,181.5,95.06,28.85655959,25.1,95,51.1,45.4,6
134,1,27,1,171.1,75.4,25.75557955,23,81,38.6,32.9,6
135,1,27,1,176.4,97.7,31.39766867,37,107.2,48.8,37.5,6
136,1,27,1,170.8,76.5,26.22320092,26.8,81.5,41.4,40.3,6
137,1,27,1,177.9,71,22.43398642,17.3,83.6,40.3,39.5,6
138,1,27,1,174.6,80,26.24227657,25.9,87,43.5,37.3,6
139,1,27,2,169.1,104.3,36.47515056,47.2,107.3,41.7,38.8,6
140,1,27,2,157.1,44.1,17.86842277,17.8,63.1,25.9,22.7,6
141,1,27,2,165,66.7,24.49954086,32.6,80,19.9,19,6
142,1,27,2,160.6,62.3,24.15443953,31.7,76,18.5,17,6
143,1,27,2,168.3,52.8,18.64084909,12.2,65,29.8,25.5,6
144,1,27,2,155,47.5,19.7710718,27.7,69.6,24.2,18.9,6
145,1,27,2,169,79.2,27.73012149,33.4,87.6,32.8,25.9,6
146,1,28,1,170,67.18,23.24567474,17.3,77.5,45.9,45.9,6
147,1,28,1,175.1,112.7,36.75797888,40.6,119.7,31.4,29.2,6
148,1,28,1,169.7,59,20.48746983,13.8,70.6,37.6,35.7,6
149,1,28,1,178.3,73.44,23.10095754,15.3,93.3,36.8,38.3,6
150,1,28,1,173,70.5,23.55574861,10.9,79,35,28,6
151,1,28,1,178.5,64.4,20.21200637,17.5,77,38.1,32.3,6
152,1,28,2,162.4,51.8,19.64073382,21,70.8,20.3,23.3,6
153,1,28,2,164.8,50.5,18.59417711,30.3,70.8,25.4,22.8,6
154,1,28,2,161.1,50.4,19.41956313,27.8,70.6,22.8,22.8,6
155,1,28,2,152.4,49.6,21.35559827,36.9,68.2,23.6,20.1,6
156,1,29,1,175,77.6,25.33877551,17.4,83.1,60,59.2,6
157,1,29,1,174,76.5,25.26753864,14.8,78.6,53.9,49.4,6
158,1,29,1,181.9,87,26.29383023,21.9,87.1,48.6,45.3,6
159,1,29,1,182.1,78.2,23.5823381,14.2,87.5,47.1,45.2,6
160,1,29,1,177.1,83.38,26.58427179,26.8,94,43.8,38.1,6
161,1,29,1,180.5,101.7,31.21523009,32.8,102,42.8,42.9,6
162,1,29,1,172.6,71.1,23.86646061,21.5,84,39.3,38.8,6
163,1,29,1,170.9,61.4,21,10.9,72,51.4,48,6
164,1,29,2,161,61,23.53304271,36.8,79.5,20.2,23.5,6
165,1,29,2,158,49,19.6,21,71,25.5,26.9,6
166,1,29,2,158.9,59.16,23.43043604,18.4,71.3,36,26.4,6
167,1,29,2,160,50,19.53125,33.3,79.8,21.6,17.4,6
168,1,29,2,169.3,67.9,23.68949802,34.4,76.1,17.9,19.2,6
169,1,29,2,164.1,60.7,22.54091436,35,75,27.6,25.3,6
170,1,29,2,158.9,48.16,19.07386409,21.2,66.5,19.4,17.8,6
171,1,29,2,157.2,50.58,20.46792145,26.3,64,25.1,20.6,6
172,1,29,2,165.8,55.1,20.04391473,26.7,69.3,20.4,19.9,6
173,1,30,1,178.2,73.9,23.2717498,13.7,81.3,47.3,47.7,7
174,1,30,1,160.8,53.4,20.65233534,16.2,76.1,39.3,39,7
175,1,30,1,171.4,76.12,25.91058058,24.3,86.5,37.9,37,7
176,1,30,1,175.8,85.9,27.79427962,33.8,96,37.5,40.4,7
177,1,30,1,178.9,61.7,19.27811128,8.3,77,34.1,32.9,7
178,1,30,1,170.9,73,24.99417088,24.7,83.2,50.7,42.8,7
179,1,30,1,187.7,88.9,25.23325146,19,86,50.4,41.6,7
180,1,30,1,175.1,73.3,23.90736337,16.2,83.6,48.8,43.2,7
181,1,30,1,175.2,82.04,26.72744522,27.1,96.1,46,40.6,7
182,1,30,1,173.9,72,23.80857115,23.2,79.1,44.1,35.7,7
183,1,30,1,170.4,68.9,23.72903304,21.6,80.4,39,42.7,7
184,1,30,2,151.8,53.5,23.21722119,36.1,81.2,20.8,20.6,7
185,1,30,2,171,60.88,20.82008139,28,74.4,26.4,23.1,7
186,1,30,2,158,43.9,17.6,21.4,67,26.5,23.2,7
187,1,30,2,164.1,62.32,23.14250054,23.3,74.6,27.1,26.2,7
188,1,31,1,171.2,85.3,29.10325138,22.4,95.4,60,53.3,7
189,1,31,1,173,72.6,24.2574092,24.9,91.8,40.2,30.6,7
190,1,31,1,172.8,79.9,26.8,25.5,89.9,48.9,48.9,7
191,1,31,1,171,81.22,27.77606785,27.2,95.6,35.6,32.2,7
192,1,31,1,164.5,61,22.54228989,17.4,78.5,50.4,41.9,7
193,1,31,1,183.4,81.98,24.37301475,21.9,88.4,30.8,30.3,7
194,1,31,1,174.5,75.1,24.66318011,19.7,83.7,48.6,51.7,7
195,1,31,1,175.8,81.9,26.50001747,25.5,92.6,44.4,38.9,7
196,1,31,1,171.8,71.3,24.15701177,24.1,84,39.9,42.9,7
197,1,31,1,164.5,61,22.5,17.4,67,50.4,41.9,7
198,1,31,2,163.1,59.3,22.3,31.5,78.4,23.3,28.3,7
199,1,31,2,161.2,55.48,21.4,33.3,72.6,21.7,20.3,7
200,1,31,2,168.1,54.6,19.3,23,72.2,25.2,25.4,7
201,1,31,2,155.2,54.9,22.79233978,32.7,82.2,27.3,22.3,7
202,1,31,2,162.7,59.2,22.36385155,27.9,81,32.7,30.3,7
203,1,31,2,162,59.7,22.7,28.1,79.8,24.1,27.7,7
204,1,31,2,158,51.1,20.46947605,26.6,79.2,28.8,30,7
205,1,31,2,172.4,52.5,17.6638261,23.2,71.2,30.9,29.8,7
206,1,31,2,156.5,48.16,19.6633629,18.8,66.7,22,24.8,7
207,1,31,2,160.3,49.2,19.14688188,21.1,64,22.3,29.1,7
208,1,32,1,178,72.1,22.75596516,15,81.3,49.4,45.4,7
209,1,32,1,168.4,75.1,26.48230376,24.1,87,46.4,45.8,7
210,1,32,1,165,61.1,22.4426079,8.8,72.4,51.1,46.7,7
211,1,32,1,168,81.52,28.88321995,28.4,93,36.4,30,7
212,1,32,1,166.7,63.6,22.88684435,22.5,83,34.6,32.7,7
213,1,32,1,170,60.46,20.92041522,12.3,73.8,39.6,38.9,7
214,1,32,1,175.3,78.9,25.7,18.2,87.9,47.1,51.2,7
215,1,32,1,187.9,99.24,28.10821038,28.7,98.8,32.7,30.7,7
216,1,32,1,171.2,69.7,23.78073413,23.9,84,39.7,39.2,7
217,1,32,1,170,60.46,20.9,12.3,78,38.9,39.6,7
218,1,32,1,176.7,113.3,36.3,29.8,112.5,48.9,44.4,7
219,1,32,2,154.5,63.1,26.43457861,36.8,88.1,23.3,23.4,7
220,1,32,2,154.9,45.48,19,32.5,66,18.8,18,7
221,1,32,2,155.7,67.2,27.7,38.3,68.2,23.6,23.8,7
222,1,32,2,173.2,66.2,22.06796132,27.1,77,30.9,26.2,7
223,1,32,2,160.7,55.3,21.4,20.4,70.1,29,27.8,7
224,1,32,2,168.1,56.9,20.13616863,24.8,78.2,29.1,27.7,7
225,1,32,2,155.6,57.84,23.88961215,34.9,83,21.7,20.5,7
226,1,32,2,170.6,63.92,21.96234516,23.8,77,31.1,29.9,7
227,1,32,2,165.4,63.6,23.24802721,29.5,80.3,32.4,29.2,7
228,1,32,2,168.3,53.8,18.99389547,28.2,61,21.5,19.5,7
229,1,33,1,172,66.4,22.44456463,18.5,76.4,45.6,39.8,7
230,1,33,1,171.1,68,23.22784363,19.4,80.1,38.7,34,7
231,1,33,1,177,89.2,28.5,24.7,95.3,53.8,46.9,7
232,1,33,1,176.3,85.4,27.47598345,26.4,93.8,53.4,49.3,7
233,1,33,1,176,106.3,34.3,37.6,108,47.7,54,7
234,1,33,1,174.4,84.4,27.74913728,25.3,88.2,51.1,51.2,7
235,1,33,1,183.9,83.74,24.76107514,11.1,78.4,56.1,50.1,7
236,1,33,1,186.4,93.3,26.85281549,20.7,95,46.3,47.7,7
237,1,33,1,166.6,66.7,24,34.6,86.9,29.9,33,7
238,1,33,1,177.4,74.7,23.73631905,17.3,81.9,49.7,47.6,7
239,1,33,2,162,57,21.71925011,24.9,73,33.2,34.4,7
240,1,33,2,157,46.4,18.8,24.5,71,24.3,28.5,7
241,1,33,2,165.2,55.3,20.2630607,25.5,65.5,22.9,23.1,7
242,1,33,2,168,59.1,20.93962585,17.3,77.5,32.8,43.7,7
243,1,33,2,162.1,54,20.55075256,26.5,72.5,26.2,23.2,7
244,1,33,2,155.5,63.1,26.09567726,32.2,83.2,30,28.1,7
245,1,33,2,160.8,96.7,37.39851736,48.3,106,23.7,23.2,7
246,1,33,2,160.2,57.66,22.46723431,35.4,75.9,20.3,17.8,7
247,1,33,2,167.1,60,21.48811653,23.4,73.7,23.5,22.9,7
248,1,33,2,155.3,53.28,22.09130159,31.4,75.7,23.9,23.1,7
249,1,34,1,180.6,75.2,23.05591427,18.8,79,40.5,39.4,7
250,1,34,1,170.5,73.8,25.38677858,22.1,88.5,43.5,38.5,7
251,1,34,2,174,74.2,24.50786101,30.5,81.8,29.5,28.8,7
252,1,34,2,158.7,55.9,22.19514335,27.2,70.7,31.8,26.7,7
253,1,34,2,153,50.24,21.46183092,29.3,73.7,16.8,15.9,7
254,1,34,2,161,69.86,26.95112071,41.9,84,27.7,25.3,7
255,1,34,2,164,51.7,19.22218917,25.4,74,22.4,20.6,7
256,1,34,2,157.3,54.4,21.98575856,27.2,65.5,23.2,22.5,7
257,1,34,2,163.7,49,18.28515816,27.3,65.6,22.9,20.5,7
258,1,34,2,147,44.1,20.40816327,31.5,68.7,18.3,15.9,7
259,1,34,2,161.2,53.5,20.58845261,27.7,63.4,26.1,23.4,7
260,1,34,2,150,55,24.44444444,31.4,77,31.1,29.4,7
261,1,35,1,180.2,85.6,26.4,19.8,91,48.5,54.3,8
262,1,35,1,175.8,87.98,28.46729594,30.9,91.5,35.4,33.9,8
263,1,35,1,184.7,104.2,30.54456384,27.3,96,69.7,63.2,8
264,1,35,1,170.2,66.5,22.95633395,15,75,39.1,36.4,8
265,1,35,1,169.2,70,24.45103924,28.6,83.7,40.7,35.3,8
266,1,35,1,168.9,70.6,24.7,16.8,80,51.9,56.1,8
267,1,35,1,176.3,66.5,21.39523301,12.7,78,40.8,32.5,8
268,1,35,1,181.3,80.3,24.42980144,16.2,85.6,45.1,45.6,8
269,1,35,1,176.7,80.4,25.75033893,25.5,93.4,40.5,38.8,8
270,1,35,2,157.6,58.7,23.63337113,28.1,74,24.4,22.6,8
271,1,35,2,163.8,52.8,19.67914056,25.1,67.7,27.1,23.1,8
272,1,35,2,160,58.86,22.9921875,32.7,77.9,17.8,18.9,8
273,1,35,2,160,58.8,22.96875,28.6,73.2,22,18.6,8
274,1,35,2,170,47.7,16.50519031,20.7,63.4,25.8,22.5,8
275,1,35,2,167.3,55,19.65037341,32.8,69.9,28.6,25.4,8
276,1,36,1,175.3,70.2,22.84405936,22.8,81.1,31.7,30.2,8
277,1,36,1,175,52.2,17.04489796,13.1,69.7,31.8,30.5,8
278,1,36,1,166.3,71.2,25.74515407,18,75.5,46.1,45.7,8
279,1,36,1,164.7,58.9,21.71341318,13.7,72.9,43.2,41.8,8
280,1,36,1,178,93,29.3523545,30.5,98.3,48.7,42.9,8
281,1,36,1,163.8,64.2,23.92804591,23.5,82.1,44.6,27.6,8
282,1,36,1,163.9,56.8,21.14415961,15.6,72.7,45.4,43.8,8
283,1,36,1,158.2,59.4,23.7,31.4,80.1,32.5,33.7,8
284,1,36,1,172,61,20.6,14,68,44,40.2,8
285,1,36,2,157.5,49.5,20,23.8,68.4,22.1,23.5,8
286,1,36,2,159,49,19.38214469,19.2,69,18.6,16.6,8
287,1,36,2,172.2,59.68,20.12623411,18.2,71.4,24.8,23.8,8
288,1,36,2,169.7,56.8,19.72353028,19.3,73.7,29.6,26.8,8
289,1,36,2,164.6,84.2,31.07795473,41.9,90.8,20.4,15,8
290,1,36,2,163.9,63.06,23.47448425,23.9,80.5,28.6,27.9,8
291,1,36,2,161.5,49.8,19.1,22.7,71,29.2,27.4,8
292,1,36,2,163.4,68.24,25.55847362,35.3,86.5,28,21.7,8
293,1,36,2,167.9,74.1,26.28553469,38,95.8,15.1,21.1,8
294,1,37,1,166.8,59,21.20605674,15.5,78.5,46.9,45.5,8
295,1,37,1,169.4,74.2,25.85693795,26.4,81.6,47.9,46.5,8
296,1,37,1,165.4,72,26.31852137,28.5,90,42,36,8
297,1,37,1,167.4,75.1,26.79964429,33.2,89.5,45.4,38.3,8
298,1,37,1,174.9,77.24,25.25007347,17,88.4,37.6,37.1,8
299,1,37,1,176.8,98.8,31.6,30.6,110.8,49.4,52.8,8
300,1,37,1,173.2,73.5,24.50143742,20.1,82.1,37.5,36.9,8
301,1,37,1,174.3,64.32,21.17148209,15,75.5,39.6,35.7,8
302,1,37,2,165,58.9,21.63452709,28.7,77.8,29.7,34.1,8
303,1,37,2,160,70.7,27.6,39.8,97.10800919,29.8,32,8
304,1,37,2,168.8,60.7,21.30314908,28.5,76.5,34.9,32.6,8
305,1,37,2,162.1,49.6,18.9,10.1,65.6,25.3,24,8
306,1,37,2,165.5,61.5,22.45324522,32.5,77,32.9,30,8
307,1,38,1,181.1,84.6,25.79487706,16.9,87.8,51.2,45.1,8
308,1,38,1,176.6,66.5,21.32260427,16.5,80.6,48.9,47.2,8
309,1,38,1,169.5,70,24.36456348,28.3,86.7,35,26,8
310,1,38,1,178.6,65,20.37747869,17.8,75.8,38.6,39.1,8
311,1,38,1,169.7,77.5,26.91150698,26.8,91.5,39.7,40.2,8
312,1,38,1,180.9,91,27.80764808,28.5,100,46.9,44.2,8
313,1,38,1,170.7,77.9,26.73439839,24.8,95.6,43,39.3,8
314,1,38,1,166,74.8,27.1,27.8,82.7,37.7,42,8
315,1,38,2,162.7,67.3,25.42377043,33.5,78.6,36.2,35.9,8
316,1,38,2,159.5,49.1,19.3,16.7,64.2,30.6,26.9,8
317,1,38,2,158.9,52.7,20.87194015,24.8,74.3,20.7,22.4,8
318,1,38,2,164.3,44.4,16.44780101,18.4,68,24,25.6,8
319,1,38,2,163,62.6,23.56129324,35.1,88,24.3,25.4,8
320,1,38,2,157,56.1,22.759544,28.3,76,28.9,24.9,8
321,1,39,1,178.6,68.1,21.3,15.2,79,43.9,39,8
322,1,39,1,171,71.38,24.41092986,21.4,78.5,38.5,33,8
323,1,39,1,170,70.6,24.4,24.8,83.8,34.8,28.5,8
324,1,39,1,170.3,74.2,25.58436306,26.2,94.5,44.8,41.5,8
325,1,39,1,174.7,65.2,21.4,6.3,72.9,39.8,42,8
326,1,39,1,167.7,72.8,25.88601831,25,82.1,45.8,48.9,8
327,1,39,1,173,59.7,19.94720839,13.6,76,41,40.8,8
328,1,39,1,172.7,63.8,21.39124213,21.7,69,48.9,46.8,8
329,1,39,1,171.5,53.1,18.05370211,13.4,70,36.3,32.9,8
330,1,39,2,164.1,63.6,23.6178279,37.7,86.1,23.2,22.7,8
331,1,39,2,160.4,53.9,20.94980753,32.2,78.5,27.3,29.8,8
332,1,39,2,159,55.9,22.1,35.8,68.5,25.4,18.8,8
333,1,39,2,159.1,60.58,23.93254641,36.5,79.8,18.2,16.5,8
334,1,39,2,158.6,54.6,21.70632378,24.9,69.3,25.5,23.7,8
335,1,39,2,161.2,51,19.62637539,32.8,72.1,19.7,15.3,8
336,1,39,2,157.4,45.4,18.3,22.8,64.9,22,27,8
337,1,39,2,165,58,21.30394858,34.6,73,20.9,19,8
338,1,39,2,163.8,61.5,22.92172622,33.3,71.3,25.4,21.5,8
339,1,39,2,171.8,100.6,34.08408673,38.7,103,34.5,29.5,8
340,1,39,2,159.8,55.1,21.57734715,36,75.9,21.6,16.6,8
341,1,39,2,160,42.1,16.4,13.9,61.5,26.4,27.4,8
342,1,39,2,156.4,53.5,21.8715864,26.6,73,24,24,8
343,1,39,2,158.6,55.9,22.22314101,31.3,74.8,22.5,19,8
344,1,39,2,152.7,65.9,28.26228949,41.1,81,23,23.1,8
345,1,39,2,149.2,40,17.9689353,30.5,57,17.4,16.4,8
346,1,39,2,167.5,54.6,19.5,30.4,73,28.8,26.8,8
347,1,40,1,164,68.6,25.5056514,25.5,93.7,37.2,36.7,9
348,1,40,1,177.4,84.1,26.72321863,22.3,86,44.8,42,9
349,1,40,1,164.2,61.4,22.77309541,23.6,87.90350318,34.4,30,9
350,1,40,1,174.7,67.1,22,16.7,80,48.7,45.3,9
351,1,40,1,173.4,75.6,25.14337711,24.9,89.5,46.8,44.3,9
352,1,40,1,172.8,67.52,22.6,16.1,78.5,46.8,44.1,9
353,1,40,1,166.6,69.2,24.9,27.4,89.5,37.7,42.6,9
354,1,40,1,169.3,72.68,25.4,21.7,81.2,46.9,41.8,9
355,1,40,1,177.6,64.7,20.5,11.8,70.2,36,35.8,9
356,1,40,1,182.4,79.6,23.92563096,22.6,86.3,42.4,37.5,9
357,1,40,2,164.3,61.9,22.93060547,35.7,81.6,19.6,19.2,9
358,1,40,2,161.6,59.96,22.96037153,34.2,79.5,20.1,20.3,9
359,1,40,2,163.7,54,20.15099063,30.4,73.9,26.2,23.8,9
360,1,40,2,161.5,51.4,19.70688878,29.4,75.5,19.3,17.5,9
361,1,40,2,154.8,46.5,19.40488352,27.2,67.1,26.6,27.5,9
362,1,40,2,166.3,61.8,22.34621519,29,76.5,25.7,22.9,9
363,1,40,2,162.8,47.8,18.03512246,22.9,69.4,25.8,22.2,9
364,1,40,2,157.7,51,20.50721995,25.2,65,25.2,23.9,9
365,1,40,2,158.6,62.02,24.65615752,37.7,81.5,29.6,25,9
366,1,40,2,160,55.6,21.71875,28.6,72.3,20.6,19.5,9
367,1,41,1,170.7,73.9,25.36164365,23,91.4,56.4,50.9,9
368,1,41,1,179.7,104.6,32.39183342,33.9,113.1,55.8,51.1,9
369,1,41,1,174.2,82.7,27.25267946,22.4,85.7,39.5,40,9
370,1,41,1,173.4,86.36,28.72198476,25.6,92.8,44.4,43.3,9
371,1,41,1,170.6,87,29.89242849,24.1,102.5,51.6,48,9
372,1,41,1,174.3,71.5,23.5,24.6,85,40.8,37.5,9
373,1,41,2,154.7,74.3,31.04618109,32.9,92,30,28.1,9
374,1,41,2,167.5,52.8,18.81933616,18.4,72.5,34.1,30.9,9
375,1,41,2,154.7,46.78,19.54697647,25.4,70.7,20.9,18.4,9
376,1,41,2,155.3,74.9,31.0555272,47.7,102.5,20.3,20.1,9
377,1,41,2,171.7,61,20.6913699,29.3,80.5,28.2,25.6,9
378,1,41,2,149,48.4,21.8,35.1,69,17.4,21.8,9
379,1,41,2,164.1,80.5,29.89363436,40.9,101.3,37.2,30.7,9
380,1,41,2,157.9,47.6,19.09161609,22.4,69.4,26.4,22.3,9
381,1,42,1,173.9,69.8,23.1,13.2,77.1,47.7,57.4,9
382,1,42,1,173.7,75.2,24.92402646,29.1,93.4,39.9,35.5,9
383,1,42,1,170.2,72.88,25.15876117,23,80.9,44.4,41.9,9
384,1,42,1,165.7,72.4,26.36899327,33,94.5,25.1,17.3,9
385,1,42,1,181.9,92.8,28.04675224,20.8,85.5,48.8,47.8,9
386,1,42,1,181.6,74.4,22.56011178,15,81.8,41.9,36.4,9
387,1,42,1,170.2,72.88,25.2,23,80.9,31.1,29.4,9
388,1,42,1,170.2,64.82,22.4,23.3,84.1,40,37.5,9
389,1,42,1,173.5,71.7,23.81881753,23.5,84.2,40,39,9
390,1,42,2,161.9,63.66,24.28694765,39.6,86.3,23.7,22.4,9
391,1,42,2,162.3,53.5,20.31031889,28.1,80.2,19.8,20.9,9
392,1,42,2,151.6,45,19.58006419,19.5,62,24.3,24.9,9
393,1,43,1,170,60,20.76124567,16.8,74.4,41.1,47.2,9
394,1,43,1,174.4,76.7,25.21752167,23.5,85,39.4,46.6,9
395,1,43,1,177.6,73.04,23.15660255,20.8,85.2,36,30.7,9
396,1,43,1,164.7,71.6,26.39525269,26.8,91.3,37.4,35.7,9
397,1,43,1,167.8,73.2,25.99723549,29.1,78.6,41.8,33.9,9
398,1,43,1,173.4,70.6,23.48045535,19.4,84.3,51.3,42,9
399,1,43,2,156.1,48.6,19.9448357,21.5,64.9,25.6,24.1,9
400,1,43,2,156.2,65.46,26.82958419,40.6,92,19.2,16,9
401,1,43,2,164,51,18.96192742,28.2,65.7,23.8,23.4,9
402,1,43,2,162,52.9,20.15698826,24,67.2,29.3,22.7,9
403,1,43,2,162.5,55,20.82840237,25.6,81.7,27.4,23.7,9
404,1,43,2,163.4,65.5,24.53223948,34.8,85,29.8,26.9,9
405,1,43,2,162.9,55.2,20.8,21.9,67.5,30.6,32.8,9
406,1,43,2,161.4,51.58,19.80041428,27.9,65,25.1,25.6,9
407,1,44,1,171.3,68.7,23.41218845,21.5,78.9,36.4,35.7,9
408,1,44,1,177.7,73.8,23.3712266,19.9,86,38.6,36.5,9
409,1,44,1,172.8,99,33.15489969,32.6,107.9,50.6,47,9
410,1,44,1,173.9,82.7,27.34678936,17.2,90.2,55.4,52.5,9
411,1,44,1,169.4,65,22.65095643,12.1,75,53.3,46.5,9
412,1,44,1,167.1,61.3,21.95369239,18.9,80.3,31.5,31.6,9
413,1,44,1,165.3,66.3,24.26430304,20.1,81.4,40.2,37.5,9
414,1,44,1,169.4,65.72,22.9,9.1,70.2,48.3,49.7,9
415,1,44,1,171.9,96.58,32.7,33,107.6,47,42.7,9
416,1,44,1,173.9,81.52,27,16,85.1,50,50.8,9
417,1,44,1,169.9,64.06,22.2,12.2,76,45.4,40.6,9
418,1,44,1,173.4,79.7,26.50697296,29.1,83.2,31.3,26,9
419,1,44,2,156.8,60.4,24.56658684,33.8,68.9,30.8,28,9
420,1,44,2,166.4,76.5,27.62833996,38.4,94.5,28.5,26.3,9
421,1,44,2,166.8,57.12,20.53033832,29.9,70.3,25.4,23.3,9
422,1,44,2,163.4,63.62,23.82810803,32.6,81.2,23.3,22.6,9
423,1,44,2,165.3,66.4,24.30090078,35.7,85,25.9,23.3,9
424,1,44,2,152.6,44,18.89485699,26.4,63.6,24.2,24.1,9
425,1,44,2,156.6,55.18,22.50081146,25,80,26.7,25.6,9
426,1,44,2,169,48.4,16.94618536,27.2,64.4,23.5,23.2,9
427,1,44,2,159,54.9,21.7,27.2,74.3,28.5,24.6,9
428,1,44,2,153.9,42.1,17.77480546,15.4,67,26.9,23.5,9
429,1,44,2,153.1,52.5,22.39798358,34,74.5,15.9,17.5,9
430,1,44,2,149.6,41.5,18.5432097,24.3,68.9,25.1,23.2,9
431,1,44,2,153.5,72,30.55735339,38.2,85.6,25.1,24.2,9
432,1,44,2,169.8,52.6,18.24359289,29.7,72.3,19.1,14.5,9
433,1,45,1,175.9,85.9,27.76268624,28.2,92.5,48.3,45.7,10
434,1,45,1,180.6,81,24.83416298,22.7,92,42.3,26.9,10
435,1,45,1,172,72.2,24.4,17.9,88.3,47.8,54.5,10
436,1,45,1,174.4,71.4,23.47498106,19.8,87.5,40.6,39.9,10
437,1,45,2,172.9,51.78,17.32096402,22.1,68.7,17.6,18.7,10
438,1,45,2,167.5,59.2,21.10046781,28.1,76.2,34.9,32.2,10
439,1,45,2,158.5,66.4,26.43075361,35.1,81,30.3,29.3,10
440,1,45,2,150.5,53.7,23.70834759,30.7,78.2,24.3,23.4,10
441,1,45,2,164,51,18.96192742,28.2,92.7,23.8,23.4,10
442,1,45,2,156.6,57.94,23.62625981,34.8,78,19.8,17.7,10
443,1,45,2,151.2,56.8,24.84532908,32.9,83.9,21.2,20.8,10
444,1,46,1,166.3,76.3,27.58925921,25.1,92.9,29,35.1,10
445,1,46,1,169.2,76.2,26.61670271,22.9,86,42.1,38,10
446,1,46,1,165.6,83.1,30.3026325,28.6,93.7,53.2,43.4,10
447,1,46,1,167,62.4,22.4,24.8,86.1,38.3,37.8,10
448,1,46,1,167,64.8,23.23496719,21.6,80,41,39.1,10
449,1,46,1,175,67.9,22.17142857,15.8,77.8,44.2,41.5,10
450,1,46,1,175.4,62.5,20.3151877,20.5,84.2,31,28.5,10
451,1,46,1,171.2,98.4,33.57280112,29.2,98.1,45.7,41,10
452,1,46,1,169.3,80.82,28.2,18.7,89.2,44.1,45.1,10
453,1,46,1,179.3,95.32,29.6,22.9,97.6,40.4,44.5,10
454,1,46,2,163.6,63.8,23.83713632,26,82.6,33.9,31.4,10
455,1,46,2,161,58.4,22.52999498,26.3,77,27.1,24.7,10
456,1,46,2,160.3,52,20.23654182,26.8,73.8,26.5,23.3,10
457,1,46,2,159.2,53.6,21.14845585,30,76.5,15.7,14.9,10
458,1,46,2,155.4,46.1,19.0896909,19.2,63.5,28.5,25.4,10
459,1,46,2,155.8,48.8,20.10411294,32.7,69.5,20.4,18.8,10
460,1,46,2,160.1,54.56,21.28588433,28.4,77.2,20,17.6,10
461,1,47,1,166.5,74.4,26.8,24,85.5,47.3,47.6,10
462,1,47,1,175.2,68.3,22.25115198,24.1,82,34,37.2,10
463,1,47,1,164.7,58.7,21.63968342,21.6,85.15509554,32.9,30.7,10
464,1,47,1,163.5,66.74,24.966099,31.5,85,34.1,31.5,10
465,1,47,1,159.3,58.6,23.0922401,17.1,76.2,32.8,31.8,10
466,1,47,1,167.6,66.86,23.80226816,20.4,82.2,44.4,40.1,10
467,1,47,1,165.6,62.6,22.82725384,17.2,79.8,40.4,39.1,10
468,1,47,1,183,88.3,26.36686673,22.2,95.2,59,53.9,10
469,1,47,1,166.9,60.4,21.68324442,14.9,78.4,41.5,35.1,10
470,1,47,1,180.7,77.68,23.8,22,86.7,46.1,46.4,10
471,1,47,1,167.6,66.86,23.8,20.4,82.2,44.4,43.1,10
472,1,47,1,164.7,58.7,21.6,19.8,69.6,30.7,32.9,10
473,1,47,1,177.4,79.5,25.3,23.2,91.2,48.3,39.2,10
474,1,47,2,161.8,61.4,23.45369843,28.3,78,27.9,26.6,10
475,1,47,2,154.3,51.62,21.6813414,27,69,22.2,22.4,10
476,1,47,2,158.4,53.64,21.37855831,28.1,73.1,17,17.6,10
477,1,47,2,156,50.7,20.8,35.6,75.8,15.2,15,10
478,1,47,2,162,54.8,20.9,24.6,75,29.5,27.7,10
479,1,47,2,157.1,50.48,20.45346897,31.6,78.5,21.3,19.6,10
480,1,47,2,162.3,45.48,17.26566922,19.15,67,21.4,20.4,10
481,1,47,2,154.8,57.9,24.2,36.3,82.5,30.9,26.9,10
482,1,47,2,159,57.5,22.7,26.9,74.7,29,21.7,10
483,1,47,2,159.8,46.36,18.15473347,26.1,66.7,23.4,18.9,10
484,1,47,2,159.9,53.6,21,22.3,76.3,30,30.5,10
485,1,48,1,171.4,81.4,27.70784629,21.8,89.7,40,36,10
486,1,48,1,172.4,76,25.57049111,25.9,93.2,41.7,39.5,10
487,1,48,1,167,76.8,27.53773889,26.2,85.9,37.9,45.6,10
488,1,48,1,182.9,82.4,24.63200708,20.8,87.5,52.8,46.7,10
489,1,48,1,171.5,71.8,24.41159721,20.4,82.8,45.4,36.9,10
490,1,48,1,171.5,71.84,24.42519698,21,85.2,48.8,45.5,10
491,1,48,1,166,77.7,28.19712585,30.2,102,27.5,25.2,10
492,1,48,1,165.3,65,23.78853239,21.5,85.01767516,36.2,33.7,10
493,1,48,1,165.3,65,23.8,21.5,72.5,36.2,33.7,10
494,1,48,1,178.9,98.08,30.6,29.7,102.9,36.1,35.3,10
495,1,48,1,166.1,69.64,25.2,26.4,91.2,33.7,29.3,10
496,1,48,1,181.2,76.92,23.4,24.7,92.8,50.4,40.5,10
497,1,48,2,159.1,68.72,27.14830949,38.5,98.2,12.2,14.9,10
498,1,48,2,156.1,50.1,20.56041705,29,68.8,21.4,24.7,10
499,1,48,2,160.1,56.82,22.16759435,38.3,83.7,19.8,17.8,10
500,1,48,2,153.5,59.8,25.37957962,36,82.4,24.2,22.9,10
501,1,48,2,162,61.1,23.28151196,29.5,79.7,28.3,24.6,10
502,1,48,2,156.9,59.1,24.0072046,38.7,78.5,21.7,20,10
503,1,48,2,159.6,47.4,18.6,26.5,69.2,19,22.1,10
504,1,48,2,162,65.82,25.08001829,36.5,86.5,24.5,24.1,10
505,1,48,2,155.7,51.32,21.16944258,24.7,71,23.2,17.2,10
506,1,49,1,169.7,71.8,24.93220905,20.9,86.6,33.5,31.8,10
507,1,49,1,169.4,97.2,33.87189177,39.4,106.4,42.1,39.5,10
508,1,49,1,165.5,69.9,25.52002994,23.5,87.8,48.4,43.6,10
509,1,49,1,165.5,75.08,27.4,32.8,90.5,40.1,35,10
510,1,49,2,153.7,57,24.1,31.4,82,24.6,25.7,10
511,1,49,2,153.7,65.9,27.8957267,38.5,87.5,25.4,21,10
512,1,49,2,156.5,66.3,27.06978738,36.8,84.9,24.1,21.2,10
513,1,49,2,155.1,67.8,28.18422506,43.8,94,22.2,21.6,10
514,1,49,2,155.5,77.8,32.17501887,38.1,88.6,22.7,17.9,10
515,1,49,2,154.7,56.1,23.44132919,38.5,78.5,19.7,15.2,10
516,1,49,2,155.4,55.32,22.90762909,38.3,80,20.6,20.3,10
517,1,49,2,159,53.7,21.24124837,28.8,78.7,28.7,27.7,10
518,1,49,2,158.4,50.82,20.25462963,15.4,68,25.7,27.3,10
519,1,50,1,172.6,70.6,23.69862333,18.8,85.3,47.7,49.7,11
520,1,50,1,171.5,89.1,30.29350016,24.9,98,42,43.9,11
521,1,50,1,170.4,52.4,18.04646344,14.7,79,35.5,35.1,11
522,1,50,1,181.3,72.2,21.96552508,15.2,84.5,46.2,41.4,11
523,1,50,1,171,63.4,21.68188502,19.6,82.3,43.3,40.7,11
524,1,50,1,171.1,67.8,23.15952644,15.3,76.4,43,37,11
525,1,50,1,170.2,70.1,24.19908285,21.1,85.5,40.1,39.2,11
526,1,50,1,169.2,71.62,25.01690615,25.3,88.3,34.8,33.1,11
527,1,50,1,156.9,66.98,27.20816521,34.5,92,22.3,19.3,11
528,1,50,2,155,56.3,23.433923,29.3,73,23.8,23,11
529,1,50,2,156.1,50.62,20.77381859,23.2,71.5,26.5,21.7,11
530,1,50,2,156.1,50.2,20.60145581,23.4,71,27.5,24.6,11
531,1,50,2,153.4,61.2,26.0076255,38.1,79.5,27.7,26.7,11
532,1,50,2,164.9,72.7,26.73579482,37.2,93.1,27.2,25,11
533,1,50,2,165.2,81.5,29.86328114,38.8,92,30.7,27.8,11
534,1,51,1,166.6,69.1,24.9,24.2,84.5,47.7,42.7,11
535,1,51,1,175.2,75.5,24.59680782,13.3,79.6,54.7,50.7,11
536,1,51,1,164,77.3,28.7,24.1,78,25.2,26,11
537,1,51,1,166.8,65.5,23.54231723,15.9,75.6,43.8,42.3,11
538,1,51,1,185,64.2,18.75821768,38.1,92.6,38.2,37.8,11
539,1,51,1,163.2,79.4,29.81125048,33.2,95,42.6,37.9,11
540,1,51,1,161,67.4,26.00208325,22.9,78,40,39.9,11
541,1,51,1,165.5,70.2,25.62955796,17.6,83,35.3,34.9,11
542,1,51,2,158.1,68.9,27.56484039,35.6,92,17.9,16.1,11
543,1,51,2,150.9,55.2,24.24156189,32.8,72,26.7,22.5,11
544,1,51,2,150.3,63.14,27.95030918,44.7,92,18.7,18.5,11
545,1,51,2,152.7,53.62,22.99581126,33.6,82.5,17.5,18.5,11
546,1,51,2,153.2,53.5,22.79482442,26.7,75.5,28,28.8,11
547,1,51,2,160.6,49.9,19.34681433,17.6,68.1,25.3,23.3,11
548,1,51,2,155.7,62.3,25.7,35,79,29.9,33.3,11
549,1,51,2,150.9,44.7,19.63039523,32.4,69.1,18.2,17.2,11
550,1,51,2,158.9,51.7,20.47588816,30.9,75.8,25.8,21.5,11
551,1,52,1,162.9,65.1,24.5,26.5,82.5,33.7,36.9,11
552,1,52,1,167.7,72.34,25.72245281,23.2,86.8,40.6,36.8,11
553,1,52,1,167.3,51.62,18.4,23.6,70.9,26.6,24.9,11
554,1,52,1,166.3,80.3,29,29.8,80,31.4,34.5,11
555,1,52,1,166.2,69.08,25.00865239,24.1,82.4,36.3,32.3,11
556,1,52,1,167,77.8,27.9,24,78.5,37,36.6,11
557,1,52,1,178.2,79.2,24.94076568,23.9,89.8,42.1,38.6,11
558,1,52,1,162.9,65.1,24.53233124,26.5,83,36.9,33.7,11
559,1,52,1,170.6,84.8,29.136528,26.1,90.1,52.3,49.8,11
560,1,52,1,172,76.5,25.8585722,23.2,91.5,45.4,41.6,11
561,1,52,1,169.6,72.3,25.1,24.9,79,33.8,33.3,11
562,1,52,2,154.4,59.9,25.12651346,36.4,79.1,26.5,22.3,11
563,1,52,2,167.1,62.26,22.29750226,29.9,83,22.5,21.9,11
564,1,52,2,161.7,64.74,24.76011487,32.3,86.7,25.9,26.3,11
565,1,52,2,158,55.2,22.11184105,29.7,74.8,24.6,23.5,11
566,1,52,2,152.3,59.2,25.52242287,35.7,79.1,12.4,12.6,11
567,1,52,2,156.1,52.74,21.64384023,35.1,76.7,21.4,20.3,11
568,1,52,2,157.9,50.9,20.41519452,22.6,70.7,29.9,29,11
569,1,53,1,179.2,63.86,19.9,13.8,75.6,33.9,37.3,11
570,1,53,1,169.3,72.5,25.3,23.9,87.9,33.5,27.4,11
571,1,53,1,166.2,74.2,26.9,27.5,68.5,49.1,46.5,11
572,1,53,1,174,80.6,26.6217466,28.4,94.5,42,35.5,11
573,1,53,1,174,77.14,25.4789272,23.5,87.5,39.5,36.8,11
574,1,53,1,163.5,61.2,22.89369582,19.6,77.6,40.3,38.9,11
575,1,53,2,159.4,62.24,24.49587459,35.3,82,23.4,23.5,11
576,1,53,2,157.4,60,24.21819626,36.1,82.9,19,23.6,11
577,1,53,2,151.5,69.1,30.1059809,39.3,94.5,27.6,28.3,11
578,1,53,2,151.1,53.3,23.34523663,22,72.5,26.6,25.1,11
579,1,53,2,156.6,51.7,21.0817679,32.7,70.5,25.6,25.5,11
580,1,53,2,149.6,68.1,30.42873688,42,93.6,22.5,24.3,11
581,1,53,2,159.6,57.82,22.69929209,32.5,89.4,14.2,13,11
582,1,53,2,162.1,64.7,24.62284612,26.2,80.7,26.4,25.5,11
583,1,53,2,163.6,65.1,24.32284599,33.9,81.4,31.9,28.8,11
584,1,53,2,163,67.3,25.33027212,35.6,85.6,26.3,30,11
585,1,54,1,171.2,87.6,29.88798148,30.5,102,44.8,42,11
586,1,54,1,168.2,72.6,25.66165357,28.4,89.6,35.3,28.4,11
587,1,54,1,175.2,76.5,24.92259336,24.5,92,42.6,41.5,11
588,1,54,1,168.6,65.5,23.04231766,23.5,80.3,23.5,20.2,11
589,1,54,1,169.1,75.2,26.29847864,26.3,89,41.5,40.1,11
590,1,54,1,166.9,56.4,20.24726797,18.8,77.6,32.4,28.6,11
591,1,54,1,159.4,57.1,22.47291836,12.6,69.4,42.3,37.8,11
592,1,54,1,168.6,61.3,21.564795,23.4,84.3,42.7,40.8,11
593,1,54,1,177.3,84.8,26.97605144,24.5,95.6,38.6,36.8,11
594,1,54,1,166.2,62,22.44551893,20.3,79,32.6,31.6,11
595,1,54,2,171,63.9,21.9,32.4,74,29.2,26.7,11
596,1,54,2,153.1,49.6,21.16076163,26.2,63.5,24.9,23.5,11
597,1,54,2,146.1,50.2,23.518157,37.3,75.9,21.9,21.1,11
598,1,54,2,160.4,53.8,20.91093961,35.5,77.7,28.2,27.1,11
599,1,54,2,150.5,52.1,23.00195362,31.2,73.5,21.8,20.1,11
600,1,54,2,152.9,49.7,21.25893078,33.8,68.8,20.6,18.4,11
601,1,54,2,155.5,60.6,25.06177562,38.3,82.6,19.4,17.4,11
602,1,54,2,149.8,53.94,24.03739031,34.2,76.5,20.6,20.1,11
603,1,54,2,162.3,58.5,22.20847954,31.3,76.4,21.8,25.7,11
604,1,54,2,161.3,49.9,19.17925842,17.3,67.4,32.1,31,11
605,1,54,2,147.7,49.6,22.73634685,34.9,82,21.5,23.8,11
606,1,54,2,156.9,54.1,21.97613822,33.9,72,22.9,21.9,11
607,1,55,1,174.6,66.4,21.78108955,25.1,86.7,38.7,36.3,12
608,1,55,1,166.3,67.9,24.55190957,23.8,83,36.7,33.8,12
609,1,55,1,173.1,75,25.03036183,20.7,82.9,38.9,38,12
610,1,55,1,176.1,69.36,22.36610568,15.2,81,31.8,32.7,12
611,1,55,1,173.8,68.84,22.78984217,20,86,40.3,34.7,12
612,1,55,1,172.4,71.9,24.19103041,23.2,85.3,42.8,43.5,12
613,1,55,1,172.1,81.4,27.48290675,32.8,88.2,39.7,39.9,12
614,1,55,2,152.3,52.7,22.72012982,30.7,74.9,24.3,22.8,12
615,1,55,2,157.5,74.8,30.15369111,40.8,97.4,28.9,28.1,12
616,1,55,2,155.9,75.3,30.98152176,44.3,106,21.2,17.5,12
617,1,55,2,151.1,67.3,29.47719372,41.7,84.3,28.9,26.1,12
618,1,56,1,167.4,65.6,23.40954281,20.2,79.9,37.7,35.1,12
619,1,56,1,170.8,70.1,24.0293645,22.6,87.5,35,31.9,12
620,1,56,1,177.9,83.7,26.44682624,22.2,92.3,41.8,35.5,12
621,1,56,1,177.7,76.88,24.34661112,29,89.7,35.9,32.8,12
622,1,56,1,172.2,64.9,21.88660513,20.2,82.3,40.7,39.6,12
623,1,56,1,171.8,80.9,27.40956875,27.5,92.2,39.9,36.6,12
624,1,56,1,174.2,73.7,24.3,24.1,82.4,41,39.5,12
625,1,56,1,159.2,65.42,25.8,34.2,87.9,30,29.6,12
626,1,56,1,170.8,70.1,24,22.6,87.5,35,31.9,12
627,1,56,2,152.6,44.2,18.98074271,30.2,69.7,15,15.7,12
628,1,56,2,149,54.5,24.54844376,38.9,75.7,18.8,18.4,12
629,1,56,2,152.7,62.7,26.9,38.3,83.2,20.7,20.6,12
630,1,56,2,150.5,56.4,24.90038741,34.9,77.6,20.8,21.3,12
631,1,56,2,156.8,64.4,26.19351312,41.7,85.5,20.6,20.9,12
632,1,56,2,152.6,48.3,20.74139983,24.7,77.4,25,22.5,12
633,1,56,2,150.6,50.6,22.31005152,37.7,74,15.9,11.4,12
634,1,56,2,156.4,51.6,21.09483847,30.6,68,24.4,22.2,12
635,1,56,2,157.3,55.3,22.34949354,35.6,79.9,22.7,25.3,12
636,1,57,1,171.5,68.22,23.19441729,21.3,88.1,34.7,36.9,12
637,1,57,1,168.3,75.3,26.58439274,27.1,94.1,37.7,30.8,12
638,1,57,1,164.7,68.7,25.32617122,20.2,81.7,51.9,44.5,12
639,1,57,1,158.8,62.5,24.7844349,22.9,77.5,41.2,38.9,12
640,1,57,1,163.7,64,23.88265556,24.1,88.6,33.3,26.4,12
641,1,57,1,171,58.32,19.94459834,15.5,79.6,36.3,34.4,12
642,1,57,1,169.2,64.5,22.52988616,17.4,77.5,38.1,36.4,12
643,1,57,1,168.6,79.1,27.82667674,27.2,88.5,51.2,48.3,12
644,1,57,1,174,73.9,24.4,23.8,84.5,39.7,35.1,12
645,1,57,1,167.8,64.5,22.90740012,24.9,85.7,37.4,35.5,12
646,1,57,2,146.5,48.1,22.41144335,35.2,70.6,17.6,16.5,12
647,1,57,2,160.2,58.1,22.63868043,32.8,79,19.6,19.7,12
648,1,57,2,160.1,53.2,20.75529777,24.6,72.5,27.6,25.6,12
649,1,57,2,160,64.8,25.3125,31.7,85.2,25.2,24.3,12
650,1,57,2,149.8,47.3,21.0783938,28.9,74,25.3,25.8,12
651,1,57,2,160.1,61.4,23.95442261,34,78.5,29.3,25.3,12
652,1,57,2,168.8,84.6,29.69104468,41.5,102,18.6,22.2,12
653,1,57,2,153.8,54.3,22.95552125,27.9,78.7,18.7,19.8,12
654,1,57,2,158.9,63.6,25.1889069,36.7,88,16.3,17.6,12
655,1,57,2,153.2,46.9,19.98275263,27.2,71.2,28.6,25.1,12
656,1,57,2,165.3,69.22,25.33295711,26.4,83.6,25.7,22.7,12
657,1,57,2,152.6,67.4,28.94348548,39.2,96,22.3,15.2,12
658,1,57,2,151.6,50.3,21.88616064,35.3,74.7,18.1,20.8,12
659,1,58,1,167.5,65.8,23.45288483,17,83.2,47.2,41.2,12
660,1,58,1,168,64.8,23,23.2,80.5,48.3,41.9,12
661,1,58,1,167.5,65.8,23.5,17,83.2,47.2,41.2,12
662,1,58,1,167.6,81.56,29,24.4,86.9,42.8,37.5,12
663,1,58,2,156.9,51.9,21.08246901,25.1,76.1,32.5,30.2,12
664,1,58,2,158.8,51.9,20.58099474,27,69,25,22.8,12
665,1,58,2,153,52.7,22.5,33.4,75.5,23.8,21.8,12
666,1,58,2,150.5,67,29.58024746,39.9,94.2,25,23.5,12
667,1,58,2,148.7,43.6,19.71807673,27,73.5,21.9,21.8,12
668,1,58,2,163,79.7,29.99736535,36.1,99.5,22.3,24.3,12
669,1,58,2,153.4,50.9,21.63052513,27.1,80.2,21.6,27.4,12
670,1,58,2,157.6,61.18,24.63185086,39.6,85.7,19.5,16.5,12
671,1,58,2,166,57.5,20.86659893,28,73.8,25.6,24.5,12
672,1,58,2,152,45.1,19.52042936,24.2,65.5,22.6,21.9,12
673,1,59,1,169,68.82,24.09579497,24.8,82,38.9,36.3,12
674,1,59,1,162.5,73.6,27.87218935,34.9,95.4,33.8,33,12
675,1,59,1,170,78.6,27.19723183,30.3,97.5,38.7,38.5,12
676,1,59,1,175.4,66.3,21.55035111,22.7,81,42.2,31.6,12
677,1,59,1,163.8,61.8,23.03353952,22.7,82.4,36.7,34.2,12
678,1,59,1,162.9,67.1,25.28601269,23,83,41.3,38.2,12
679,1,59,1,169.5,68.9,23.98169177,24.4,88.7,38.3,33.3,12
680,1,59,1,172.5,72.3,24.3,23.9,85.7,40.7,41.4,12
681,1,59,1,158,62.4,24.99599423,21.8,84.6,26.8,26.3,12
682,1,59,1,162.7,45.3,17.11287965,13.6,67.5,35.9,39.5,12
683,1,59,1,168.4,50.8,17.91346246,16,72.5,31.8,28,12
684,1,59,1,177.4,95.1,30.21852666,31.1,108.5,33.1,32.4,12
685,1,59,1,169.9,67.3,23.31461813,17,80,44.8,39,12
686,1,59,1,170.3,78.3,26.99805428,25,87,41.7,35.6,12
687,1,59,2,147.6,51.74,23.74945836,28,80.2,21.5,17.6,12
688,1,59,2,157,55.1,22.4,31.3,75,25.6,26.8,12
689,1,59,2,163.7,53.8,20.07635733,20.1,72,23,23.3,12
690,1,59,2,161,58.1,22.41425871,37.5,86.7,20,21.7,12
691,1,59,2,152.4,61.1,26.30699706,35.4,80.9,21.2,21,12
692,1,59,2,158.9,57.8,22.89180533,28.5,76.7,20.3,18.9,12
693,1,59,2,157.7,49.4,19.86385619,28,83,26,24.2,12
694,1,59,2,158.4,63.58,25.34020763,42.4,91.3,23.2,20.6,12
695,1,60,1,172.1,70.46,23.7892581,20.8,94.2,28.2,31.6,13
696,1,60,1,163,63.2,23.78712033,21.2,83.7,38,45.4,13
697,1,60,1,166.9,65.9,23.65771204,21.7,78.6,32.1,28.1,13
698,1,60,1,173.4,76.36,25.39614122,22.6,89.1,40.5,39.3,13
699,1,60,1,171.5,68.7,23.3576146,21.6,85.5,35.6,36.9,13
700,1,60,1,169,74.9,26.22457197,24.2,97.5,45.3,40.3,13
701,1,60,1,168.6,67.8,23.9,16.8,79.8,37.7,38.3,13
702,1,60,1,166.7,67.98,24.46301382,18.3,80.6,40.9,40.7,13
703,1,60,1,165.8,54.6,19.86202802,13.1,68,34.7,37.5,13
704,1,60,1,158.8,58.5,23.19823107,32.9,78.5,32.4,25.4,13
705,1,60,1,171.2,72.7,24.80429513,20.6,89.4,40.1,32.8,13
706,1,60,2,157.5,44.6,17.97933988,17.5,72.2,17.8,17.2,13
707,1,60,2,151.3,59.84,26.14049028,37.7,82,20.5,17.1,13
708,1,60,2,152.9,59,25.23696008,37.2,80.1,24,16.8,13
709,1,60,2,163.7,50.9,18.9941745,25.4,74.5,19.3,21.9,13
710,1,60,2,152.4,50.9,21.91532161,32.3,73.5,20.3,19.4,13
711,1,61,1,164.8,67.1,24.70632246,13.2,79,41.3,39.7,13
712,1,61,1,163.3,62.6,23.4748034,22.7,79.7,37.8,34.1,13
713,1,61,2,156.7,65.4,26.63420606,38.3,84.5,19.3,21.5,13
714,1,61,2,161.2,57.2,22.0123269,24.9,81.5,18.7,24.7,13
715,1,61,2,162.6,56.1,21.21884687,33.4,77.5,20.2,21.5,13
716,1,62,1,168.5,66.26,23.33735438,18.2,82.8,38.9,35.1,13
717,1,62,1,166.1,65.64,23.79190995,26.2,85.4,29.2,30.9,13
718,1,62,1,170.2,52.34,18.06818825,10.1,72.8,39.6,34.4,13
719,1,62,1,170.1,74,25.57543873,20.1,88,47.4,49.8,13
720,1,62,1,162,70,26.6727633,22.1,82.1,44.2,42.4,13
721,1,62,1,165.4,67.4,24.63706028,23,81.3,40.5,33.8,13
722,1,62,1,171.3,61.2,20.9,17.1,78.2,42.6,44.6,13
723,1,62,1,174.6,79.7,26.14386803,25.8,96.5,34.5,30.5,13
724,1,62,2,153.4,38.6,16.40350236,17.9,59.5,21.1,20.8,13
725,1,62,2,151.5,50.1,21.82792537,29.7,77,19.7,25.8,13
726,1,62,2,153,56.3,24.1,30.7,81.6,22.1,22.4,13
727,1,62,2,152.8,46.3,19.83052822,23.7,74.5,19.3,23.5,13
728,1,63,1,162.9,58.3,21.9698143,24,74,37.4,32.8,13
729,1,63,1,175.3,70.1,22.8,19.4,81.1,38,43.3,13
730,1,63,1,173,70.1,23.42209897,21.4,82.1,41.3,36.5,13
731,1,63,1,167.3,71.9,25.68839724,29.3,87.1,45.1,38.8,13
732,1,63,2,156.9,56.9,23.11353539,36.2,84.7,25.7,25.3,13
733,1,63,2,150.2,47.98,21.26769279,33.5,72,16.8,17.6,13
734,1,63,2,157.9,58,23.26289356,34.3,73,22.1,21.1,13
735,1,63,2,164.1,50.9,18.90168931,23,76,28.3,23.6,13
736,1,63,2,159.1,65.7,25.95523768,35.9,85.2,24.5,21.1,13
737,1,63,2,162.7,50.9,19.22837912,24.9,70.3,25.8,26,13
738,1,63,2,162.7,46.8,17.6795313,23.4,67.5,21.4,24.8,13
739,1,64,1,162.8,70.5,26.59991911,32.1,87.9,31.5,25.3,13
740,1,64,2,161.2,72.8,28.01568879,40.7,94,22.3,29.4,13
741,1,64,2,144.1,53.16,25.60100478,36.3,79.4,23.8,18.2,13
742,1,64,2,151.3,61.1,26.69090836,37.5,87.4,27,21.5,13
743,1,64,2,161.9,57.8,22.05129712,28,79,21.8,26.6,13
744,1,64,2,157.3,54.5,22.02617356,27.2,71,24.9,24,13
745,1,64,2,150.7,53.5,23.55739572,37.5,79.5,19.6,21.8,13
746,1,64,2,154.7,51.8,21.64457847,28.8,76,24.3,23.4,13
747,2,19,1,178.9,72.5,22.65256188,18.9,82.5,32.1,34.3,4
748,2,19,2,161.6,52.3,20.02714195,30.3,69.9,18.8,16.5,4
749,2,19,2,158,54.6,21.87149495,38.4,67.5,19.3,16.7,4
750,2,19,2,161.2,57.3,22.05080999,32.2,79.5,24.1,22.9,4
751,2,19,2,160.8,56.7,21.92860325,36.7,76,22.8,17.5,4
752,2,19,2,165.6,53.9,19.65477607,29.3,70,20.6,16.1,4
753,2,19,2,159.2,53.6,21.14845585,29.1,67.5,20.9,25.1,4
754,2,20,2,165.5,58.6,21.39447431,33.5,76.8,19.8,19,5
755,2,20,2,166.7,61.5,22.13114666,30.1,70,26.3,23.4,5
756,2,20,2,161.4,76.7,29.44342333,45.9,90.9,23.7,22.1,5
757,2,22,1,174.6,60.3,19.78011596,13.5,71.5,29.7,29.3,5
758,2,22,1,184.6,111.2,32.6318273,34.5,111.8,41.9,39.2,5
759,2,22,1,178.7,67.5,21.13755097,20.1,75.8,41.7,34.9,5
760,2,22,1,172.6,69.4,23.29581387,15.8,80.5,43,34.6,5
761,2,23,1,172,79.6,26.90643591,21.3,85.2,48,42.8,5
762,2,23,1,175.2,77.8,25.34611455,23.4,87.5,44.6,42.8,5
763,2,23,1,180.7,65.2,19.96784931,18,78.3,28.5,20.6,5
764,2,23,1,175.6,84.4,27.37117387,18.7,89.5,45,42.8,5
765,2,23,1,166.6,56.1,20.2121665,19.8,77.5,33.9,29.9,5
766,2,23,2,161.3,51.8,19.90953078,27.7,65.9,27.6,24,5
767,2,25,1,166.6,64.4,23.20255833,22,78.9,36.6,35.5,6
768,2,25,1,172,73.1,24.70930233,22.1,85,42.1,40.4,6
769,2,25,1,172,68.3,23.08680368,23.5,74,31.1,23.8,6
770,2,25,2,161.9,53.7,20.48710476,32,76.5,28.2,24.1,6
771,2,25,2,173.3,70.2,23.37437389,31.4,86.9,29,25.9,6
772,2,25,2,166.5,54.7,19.73144315,27.5,69.1,21.9,20.3,6
773,2,26,1,173.2,72.5,24.16808453,18.7,85,49,43,6
774,2,26,1,170,61,21.10726644,22.2,82,30.6,34.1,6
775,2,26,2,154.2,50.9,21.40666609,27.6,67.1,25.9,18.5,6
776,2,26,2,157.6,49,19.728027,22.8,71.1,34,31.3,6
777,2,27,1,172,74,25.01352082,21.5,83.5,54.8,46.7,6
778,2,27,1,171.3,69.1,23.54850395,17.3,84.4,51.3,49,6
779,2,28,2,150,46.6,20.71111111,23.5,67.4,32.2,28.7,6
780,2,28,2,164.8,70.1,25.81092704,34.4,70.7,30.7,29.9,6
781,2,29,1,174.4,74.9,24.62571543,17.4,79.2,42.7,36,6
782,2,29,1,165.2,60.2,22.05852177,29.3,83.1,40.1,35.6,6
783,2,29,2,155.3,48.1,19.94353616,23.8,72.5,23.4,24.6,6
784,2,29,2,157.2,49.4,19.99041755,23.3,70.1,19.2,22.7,6
785,2,30,2,170.7,60.9,20.90019078,34,81,19,17.2,7
786,2,30,2,151.2,40.8,17.84664483,30.8,64.5,15.4,13.4,7
787,2,31,1,177.3,75.3,23.9539702,19.4,82.3,35,36.3,7
788,2,31,1,172.7,81.7,27.39286022,18.4,90.2,57.9,54.7,7
789,2,31,1,170.6,72.1,24.77292062,22.8,80.1,40.1,40.8,7
790,2,32,1,173.6,68.4,22.69638344,20.8,81,44.7,45.4,7
791,2,32,1,169,80,28.01022373,24,82.1,52.4,60,7
792,2,32,2,170.8,78.5,26.9087748,27.4,70.4,45.8,44.7,7
793,2,33,1,175.1,83.3,27.16894091,25.5,83.7,48.3,54.8,7
794,2,33,1,180,86.1,26.57407407,30.1,88.8,36.7,33.1,7
795,2,33,2,158.4,54.6,21.76117233,31.5,81.5,24.3,18.1,7
796,2,33,2,159.3,66.5,26.20535779,32.6,70.1,27.2,20.1,7
797,2,33,2,161.5,51.4,19.70688878,27.6,76.3,18.3,17.8,7
798,2,34,1,178.3,82.8,26.04519722,23.1,82.4,50.4,51.1,7
799,2,34,1,174.5,73.6,24.17057331,24.3,80.8,53.8,45.5,7
800,2,34,2,157.6,66.1,26.61270582,38.1,88,17.5,16.2,7
801,2,34,2,152.4,46.7,20.10698466,26.8,67.4,25.8,24.2,7
802,2,34,2,168.5,60.2,21.20296912,25.6,78.2,37,32.9,7
803,2,35,1,167.5,60.8,21.67075072,14,79,42.4,37.6,8
804,2,35,1,168.6,72.6,25.54003453,22.3,86.7,45.8,35.9,8
805,2,35,2,160,58,22.65625,32.3,71,29.9,26.1,8
806,2,35,2,165.6,51.2,18.67021401,32.5,69.4,22.1,21.4,8
807,2,35,2,155.5,48.4,20.01633565,26.5,67,26.2,16.9,8
808,2,36,1,181.6,71.8,21.77172078,26,81.9,34.4,32.9,8
809,2,36,2,161.4,75.6,29.02115781,44.5,90.5,20.1,19.1,8
810,2,37,1,181.5,80,24.28492286,21.5,85,52.8,47.7,8
811,2,37,1,169,69.9,24.47393299,20.3,79,54.2,53.1,8
812,2,37,1,179.3,71.8,22.33386389,18.6,79.8,38.5,31,8
813,2,37,2,164.6,73.8,27.2393475,39.1,96.8,19.7,20.9,8
814,2,38,1,174.5,69.4,22.8,20.5,82,41.6,40.7,8
815,2,38,1,174.2,86,28.34015035,25.2,80.4,41.3,42.9,8
816,2,38,1,170,84.7,29.30795848,24.4,97.4,58.5,54.4,8
817,2,38,2,163.6,52.2,19.5,22.1,78,23.4,22.1,8
818,2,38,2,156.4,48.2,19.70486849,29.6,68.3,30.6,27.6,8
819,2,38,2,156.2,55.5,22.74735598,32.8,78,24.4,20.1,8
820,2,39,2,161.6,60.3,23.0905671,30.9,75.9,23.7,21.4,8
821,2,40,1,171,68.4,23.39181287,25.3,84.5,46.9,51.3,9
822,2,40,2,161.4,60.9,23.3781549,28.7,75.5,31.8,30.3,9
823,2,41,1,168.1,78.3,27.7093498,24.8,88.8,55.2,49.3,9
824,2,41,1,165.2,83.2,30.4861962,30.9,84.5,32.9,33.3,9
825,2,41,1,172,94,31.77393186,29.1,88.7,49.4,42,9
826,2,41,2,163.7,56.2,20.97195691,38.7,80,32,26.8,9
827,2,41,2,167.6,74.2,26.41532003,36.8,91.6,26.6,23.9,9
828,2,42,1,172.1,78.1,26.36873485,18.9,79.8,50.1,48.6,9
829,2,42,1,174,79,26.0932752,29.5,82,49.4,42.4,9
830,2,42,2,150.7,46.9,20.65124971,28.5,73.5,23.3,22.1,9
831,2,42,2,152.5,47.2,20.29561946,36.1,75.5,14.6,14.5,9
832,2,43,1,167.7,72.3,25.70822973,24.6,79.4,36.7,42.7,9
833,2,43,1,180.5,89,27.31716301,30.6,94,37.4,39.1,9
834,2,43,1,179.1,71.3,22.2278961,17.7,80.3,49.3,41.1,9
835,2,43,2,157.3,63.3,25.58269333,35,80.6,24.8,18.8,9
836,2,43,2,157.1,51.5,20.86675221,26.2,71,19,18.5,9
837,2,44,2,165.4,62.3,22.77283168,31.5,82.3,31.1,27,9
838,2,44,2,160.5,52.9,20.53551499,32.9,71.3,23.6,21.9,9
839,2,45,1,163,69.7,26.23358049,28.4,81.1,39.2,37.4,10
840,2,45,1,171.3,75.4,25.6954732,24,86.7,43.1,41.4,10
841,2,45,1,173,54.6,18.24317552,18.3,76.1,43.5,35.4,10
842,2,46,1,180,72.5,22.37654321,15.3,85.8,43.9,44.4,10
843,2,46,2,157,68.3,27.70903485,38.1,90,21.1,20,10
844,2,46,2,161.4,64.3,24.68333925,36.9,89,22.1,24,10
845,2,46,2,155.6,55.1,22.75791199,33.8,79.9,26.2,24.1,10
846,2,47,1,175.9,74.2,23.98127263,34.2,88.9,35.6,32.7,10
847,2,47,2,156.4,51.86,21.20113029,30.9,78.1,26.3,25,10
848,2,47,2,160,62.1,24.2578125,35.1,76.2,22.6,24.3,10
849,2,47,2,161.3,69,26.52041745,35.3,85.1,30.1,34.6,10
850,2,48,1,169.5,82.2,28.61095883,33.2,87.8,14.6,39.4,10
851,2,48,2,167.3,58.5,20.90085172,36.5,78.1,22.8,26.8,10
852,2,48,2,157.8,52.4,21.04346681,28.7,71.3,19.6,20.6,10
853,2,49,1,167.6,63.4,22.57050256,20.4,74,42.3,40.4,10
854,2,49,1,177.6,76.1,24.12674499,20.8,76,48.6,47.3,10
855,2,49,1,173.1,66.9,22.32708275,17.8,80.4,49.7,45.6,10
856,2,49,1,171,82,28.04281659,30.4,97,21.1,19.3,10
857,2,49,2,159.8,74.7,29.25277373,42.9,99.5,17.3,14.7,10
858,2,49,2,141.4,40.9,20.45617777,31.5,66,14.7,13.3,10
859,2,50,1,176.4,72.1,23.17064392,25.3,85.5,38.5,37.3,11
860,2,50,2,152.2,53.8,23.22485284,35.1,77.2,23.6,19.4,11
861,2,50,2,163.1,62.7,23.57000197,34.9,79.9,16.6,15.5,11
862,2,51,1,157.4,70.5,28.45638061,34.3,92.9,41.3,38.1,11
863,2,51,1,168.6,62.5,21.98694433,19.9,76.5,42.8,34.1,11
864,2,52,1,167,83.5,29.94011976,28.3,85.1,63.7,67.8,11
865,2,52,1,165.3,55,20.12875818,23,78.5,36.1,35,11
866,2,52,1,174.3,95.5,31.4346477,36,112,37.5,33.2,11
867,2,52,2,160.3,71,27.63066288,35.4,85.2,28.7,24.9,11
868,2,52,2,154.2,50.5,21.23844082,33.5,78,19.2,17.8,11
869,2,53,1,167.6,65.4,23.2825058,27.1,85.6,35.5,31.4,11
870,2,53,1,164.8,80.6,29.67704308,52,85.4,43.9,46.6,11
871,2,53,1,166.5,69.3,24.99797094,21.8,83.9,47,38.1,11
872,2,53,2,161.2,61.3,23.59013355,38.9,93.4,27.8,25.4,11
873,2,53,2,153.1,66.1,28.2001279,39.7,93.6,13.9,13.8,11
874,2,53,2,151.3,74,32.32614106,35.1,74.5,21.4,21.2,11
875,2,54,1,166.3,69,24.94965774,20.4,85.1,39.1,32.6,11
876,2,54,2,161.2,61.4,23.62861664,33.7,85.5,22.6,19.4,11
877,2,54,2,146.2,54.3,25.40417433,42.8,85,13,13.1,11
878,2,54,2,159.4,51.2,20.15084799,27.9,67.2,18.2,17.6,11
879,2,55,1,165.8,61.3,22.29930985,22.2,82.7,40.9,35.8,12
880,2,55,1,162.7,53.9,20.36168241,20.9,70.6,38.7,39.9,12
881,2,55,1,158.8,65.1,25.81546739,30.4,83.6,39.3,35.9,12
882,2,55,1,167.6,61.3,21.82289916,17.7,83.1,47,41.4,12
883,2,55,2,158.2,63.1,25.21252843,33.5,75.1,34.3,31.1,12
884,2,55,2,151.2,46.9,20.5148932,39.4,75.5,15.6,12.8,12
885,2,55,2,147.5,58.7,26.98075266,40,79.8,16.5,13.9,12
886,2,55,2,153.9,54.8,23.1368014,37.4,76.8,17.6,16.8,12
887,2,55,2,152.4,65.2,28.07227837,40.9,88,35.6,29.7,12
888,2,56,1,171.2,75.1,25.62314394,23.1,89.1,34.6,33.2,12
889,2,56,1,165.7,66.8,24.32940263,27.4,77.5,43.8,36.3,12
890,2,57,2,154.3,59,24.78107599,40.6,86.8,18.3,20.1,12
891,2,58,1,170.2,70.1,24.19908285,25.7,87.1,47.3,46.5,12
892,2,58,1,156,60.1,24.69592373,27.2,78,34.7,27.6,12
893,2,58,2,153.7,50.9,21.54616827,35.1,69.6,20.5,21,12
894,2,58,2,152.5,74.6,32.07739855,48.8,104.4,20.2,20.3,12
895,2,58,2,153.4,51.5,21.88550185,42.5,83.3,15.3,13.7,12
896,2,59,1,166,70.4,25.54797503,22.5,68.2,42.8,41.5,12
897,2,59,1,173,76.3,25.49366835,29,83.7,41,37.6,12
898,2,59,2,151.8,46.4,20.13605726,34.4,74,19.3,16.6,12
899,2,60,1,170.5,70.52,24.25847731,25.9,90.7,37.2,35,13
900,2,60,2,151.4,58.8,25.65225661,42,86.5,16.2,13,13
901,2,61,1,171.9,76,25.71945958,26.7,90.9,40,33.9,13
902,2,61,1,164.4,75,27.74965812,33.3,98.4,31.4,25.6,13
903,2,61,2,155,60.3,25.09885536,33.7,86.5,21.7,21,13
904,2,62,1,169.3,72.5,25.29438301,18.7,87,47.4,43.8,13
905,2,62,1,167.7,58.3,20.73014928,23.8,76.5,34,31.8,13
906,2,63,1,170.4,67,23.07467654,23.2,87,39.9,37.6,13
907,2,63,2,163.1,68.8,25.86309626,46,95.4,19.3,19.2,13
908,2,63,2,158,54.7,21.91155264,26.9,75,25,23.8,13
909,2,64,2,152.4,52.3,22.51810059,35.4,79.2,20.8,17.5,13
910,2,64,2,143.4,60.7,29.51823517,42.4,94.2,18.8,18.5,13
911,3,19,1,176.6,94.1,30.17228664,33.9,98.5,35.5,35.6,4
912,3,19,1,179.2,60.9,18.96449498,9.7,82,31.6,30.8,4
913,3,19,1,166.6,61.6,22.19375145,20.7,72.3,36.7,34.1,4
914,3,19,1,174.8,77.5,25.36406432,20.6,81,46.6,44.6,4
915,3,19,1,167.4,65.3,23.30248698,24.6,82,32.3,31.8,4
916,3,19,1,166.3,74.8,27.04687534,27.4,86.8,37.6,35,4
917,3,19,1,172.9,77.3,25.85767707,25,85,44.6,34.1,4
918,3,19,2,156.1,64.1,26.30584298,33.4,82,31.2,24.4,4
919,3,19,2,164.5,59,21.80319842,34,79.9,23.7,21.7,4
920,3,19,2,164.8,69,25.40590536,34.3,82,30.9,23.9,4
921,3,19,2,166.9,68.1,24.44749909,36.1,80.4,29.4,21.5,4
922,3,19,2,158.7,53.2,21.12310602,29.7,69.3,17.4,23,4
923,3,19,2,163,62.5,23.52365539,33.8,77,27.1,26.5,4
924,3,20,1,168.4,59.1,20.84026834,23,73.1,34.1,28.5,5
925,3,20,1,171.9,69.3,23.45208617,25.1,80,34.4,34.3,5
926,3,20,1,170.6,71.2,24.4636886,21.2,87.2,45.9,38.3,5
927,3,20,1,160.4,87.8,34.12603155,34.1,98.5,41.1,37.7,5
928,3,20,1,175.5,67.7,21.98034107,17.1,76,44.6,43.9,5
929,3,20,1,182.1,70.2,21.16982269,11.1,76.8,43.5,42.1,5
930,3,20,1,181.8,75.8,22.93408659,15.1,81,34.9,28.1,5
931,3,20,1,184.2,72.1,21.24985706,11,80.6,48.3,41,5
932,3,20,1,174.4,67.6,22.22561232,12.5,75.2,51.5,47.6,5
933,3,20,1,159.1,42.3,16.71090645,7.4,70,42.4,38,5
934,3,20,2,166,62.4,22.64479605,26.5,72.6,24.1,22.3,5
935,3,20,2,152.8,46.5,19.91618925,32.3,69,19.1,18.7,5
936,3,20,2,164.2,65.4,24.25668468,37.7,87.2,29.8,27.6,5
937,3,20,2,160.2,53,20.65146407,31.3,68.2,30,26.8,5
938,3,20,2,156.7,48.6,19.79239166,30.6,72.2,26.3,25.8,5
939,3,20,2,167.3,72.4,25.867037,37.5,87.6,31.1,26.8,5
940,3,20,2,165.3,65.7,24.04471659,36.6,75.5,20.3,18,5
941,3,20,2,162,70.6,26.90138698,35.7,85,24.1,20.5,5
942,3,20,2,158.9,74.5,29.50587365,38.8,87,27,25.7,5
943,3,20,2,168.8,53.7,18.84644325,24.2,74.6,25.6,25.3,5
944,3,21,1,173.4,67.3,22.38292698,22.4,76,40.8,36.3,5
945,3,21,1,180.1,78.5,24.20149704,21.3,82.9,38.8,40.1,5
946,3,21,1,174.4,69.3,22.78454044,21.7,75,45.6,33.9,5
947,3,21,1,166.4,70.2,25.3530649,20.5,82.3,39.2,29.6,5
948,3,21,1,179.9,69,21.31997858,17.2,74.2,42.7,33.6,5
949,3,21,1,170,77.6,26.85121107,20.8,81.3,51.6,51.2,5
950,3,21,1,181.5,70.9,21.52251288,14.9,75,45.1,38.8,5
951,3,21,1,176.5,66.6,21.37887312,16.2,75,45.9,42.3,5
952,3,21,1,179.8,85.2,26.35483005,19.6,92.5,43.4,42.9,5
953,3,21,1,182.5,85.8,25.76093076,21.4,83,54.6,50.3,5
954,3,21,2,159.1,54.9,21.68862327,34,77,20.8,17.8,5
955,3,21,2,155.7,51.5,21.24369238,27.3,72.5,23.1,17.8,5
956,3,21,2,152.1,54.3,23.47153007,37.2,76,19,16.4,5
957,3,21,2,162,48.4,18.44231062,27.6,69,19.7,18.6,5
958,3,21,2,157.3,47.5,19.19712375,28.8,70.8,20.3,15.5,5
959,3,21,2,168,65,23.03004535,35.6,88,31.2,30.1,5
960,3,21,2,160,53,20.703125,27,68.5,21.5,18.2,5
961,3,21,2,163.4,66,24.71950849,33.1,74,22.4,19.2,5
962,3,21,2,163.4,66,24.71950849,33.1,73.5,22.4,19.2,5
963,3,21,2,167.8,77.6,27.55991084,42.1,91,20.3,16.8,5
964,3,21,2,159.1,60.1,23.7429191,34.9,82.1,26.5,22.4,5
965,3,22,1,170.9,62.9,21.53607327,25.2,78,27.6,27.1,5
966,3,22,1,178.4,77,24.19362947,17.1,80.5,40.2,28,5
967,3,22,1,181.5,68.4,20.76360904,7.7,76.5,40,38,5
968,3,22,1,178.6,70.8,22.19577678,20.7,73.9,29.5,34.7,5
969,3,22,1,174.2,65.9,21.71646405,13.4,74,36.2,34.8,5
970,3,22,1,172.5,70.9,23.82692712,12.7,73,54.1,54.1,5
971,3,22,1,172.2,75.4,25.4275813,20.5,81,44.3,42.6,5
972,3,22,1,174.5,78.8,25.87827686,19.7,80,55.2,47.1,5
973,3,22,1,167.4,60.2,21.48253777,19.7,74.2,39.9,34.9,5
974,3,22,1,177.3,77.7,24.71744336,22.7,89,48,36.8,5
975,3,22,1,175.8,92.2,29.8327425,29.6,95,42.2,34.2,5
976,3,22,1,175.8,85,27.50307064,21.6,90,43.5,40.9,5
977,3,22,1,169.8,74.6,25.87399296,28.8,93,39.1,36.7,5
978,3,22,1,162.5,82.2,31.12899408,31.7,95,30.9,27.5,5
979,3,22,2,172,98.7,33.36262845,45.1,82,36.1,30.3,5
980,3,22,2,159,73.3,28.99410625,37.2,87.8,13.1,10.8,5
981,3,22,2,169.8,72.9,25.28437114,40.4,93.4,35.5,31.1,5
982,3,22,2,163.9,62.9,23.41492324,25,70.4,29.1,22.9,5
983,3,22,2,158.9,43.5,17.2282618,22.7,65,26.4,19,5
984,3,22,2,160.5,53.7,20.84607098,32.5,69.8,28.2,26.1,5
985,3,22,2,159.7,49.4,19.36944231,15.1,64,26.5,24.3,5
986,3,22,2,165.6,73.5,26.80196737,32.6,85,36.6,28,5
987,3,22,2,156.6,59.5,24.26238279,37.9,77.9,29,24.1,5
988,3,22,2,157,55.5,22.51612641,33.3,82,20.8,20,5
989,3,23,1,173.6,82.7,27.44138759,27.7,86.5,36.3,31.2,5
990,3,23,1,181.3,87.2,26.52899982,20.2,93.2,40.3,38,5
991,3,23,1,181.3,73,22.2089104,8.7,76.2,36.5,42.5,5
992,3,23,1,169.6,75.2,26.14364543,10.4,77.9,46.5,41.5,5
993,3,23,1,169.7,56.9,19.7582548,12.8,69,39.7,37.7,5
994,3,23,2,160.9,57.3,22.13311465,31.8,70,26.4,22.5,5
995,3,23,2,158.9,50.2,19.88181016,33.1,74,20.7,16.3,5
996,3,23,2,159.8,51.4,20.12841459,24.8,68.9,28,27.9,5
997,3,23,2,164.4,55.4,20.49774747,12.8,69,28.7,31.7,5
998,3,23,2,161.5,50.5,19.36182653,24.3,65,21.8,22.6,5
999,3,23,2,179.7,68.4,21.1816578,38.5,89,26.5,23.2,5
1000,3,24,1,170.2,73.6,25.40731095,34.1,89.5,24.2,23.6,5
1001,3,24,1,174.2,74.2,24.45161809,21.8,84.5,35.4,35.3,5
1002,3,24,2,163.3,53.4,20.02483229,23.6,73.6,24.6,24.5,5
1003,3,24,2,162.4,58.5,22.18113762,35.4,80.6,23.7,23.5,5
1004,3,24,2,173.2,64.4,21.46792612,28.8,74.6,27.1,26.8,5
1005,3,24,2,161.8,55.2,21.08540966,24.1,71.5,25.2,22.9,5
1006,3,24,2,166.2,88.2,31.9305608,39.8,102.5,31.6,27.7,5
1007,3,25,1,185.3,81.7,23.79420604,18.2,90.4,42,43.4,6
1008,3,25,1,174,80.4,26.55568767,23.1,91.8,59.2,51.2,6
1009,3,25,1,180,95,29.32098765,33.2,98,54.2,53.1,6
1010,3,25,1,170.1,62.9,21.73912292,11.6,72,47.9,46.1,6
1011,3,25,1,178,82.5,26.03837899,28.5,97.8,43.2,47.1,6
1012,3,25,1,175,69,22.53061224,13.5,76.6,45.8,49.6,6
1013,3,25,1,181.1,66.9,20.39807654,16,82.6,47.8,44.3,6
1014,3,25,1,171.1,76.2,26.0288483,26.4,81,40.1,36.8,6
1015,3,25,1,165,61.5,22.58953168,16.2,75.2,46.1,42.3,6
1016,3,25,1,178.8,72.1,22.55278791,17.8,84.5,38.6,36.2,6
1017,3,25,1,175.7,68.1,22.05990252,16.7,90.2,42.7,45.4,6
1018,3,25,1,171.5,67.3,22.88162245,20.2,80.8,45,41,6
1019,3,25,1,177.9,64.5,20.38017076,16.6,76.5,40,42.4,6
1020,3,25,1,175.5,78,25.32446977,22.1,86,35.3,30.9,6
1021,3,25,1,176.6,74.1,23.75947333,23.7,79.5,28.9,32.8,6
1022,3,25,1,180.1,83.4,25.71216373,12.2,82,55.8,45.5,6
1023,3,25,1,163.6,85.8,32.05683849,39.7,107.8,42.7,40.4,6
1024,3,25,1,175.5,92.4,29.9997565,24.5,90,42.2,41.8,6
1025,3,25,1,176.3,72.9,23.45432311,12.8,78.3,49.6,49.9,6
1026,3,25,1,169.1,58.8,20.56317213,20.3,80.6,33.2,33.8,6
1027,3,25,1,171.5,81.6,27.74354223,20,91,43.7,40.1,6
1028,3,25,2,164.1,50.5,18.75314951,20.1,72.1,32.1,33.5,6
1029,3,25,2,163,56.7,21.34066017,23.5,70.9,23.3,24.6,6
1030,3,25,2,163.9,55.8,20.77190328,27.9,72,25.6,25.7,6
1031,3,25,2,175.5,56.7,18.4,28.7,77.9,23.8,19.4,6
1032,3,25,2,164.2,60.1,22.29092889,34.3,76,26.5,25.1,6
1033,3,25,2,167.6,91,32.4,46.4,107.4,28.1,28.5,6
1034,3,25,2,165.1,50.1,18.37991842,24,69.6,22.3,21.8,6
1035,3,25,2,156.9,47.8,19.41699458,23.7,68.9,22.1,27.3,6
1036,3,25,2,162.1,48.4,18.4195634,27.2,73,23.1,21.2,6
1037,3,25,2,159.9,54.2,21.19836468,26.2,67,21.4,23,6
1038,3,25,2,160.5,55.5,21.54482196,37,74.3,22.6,20.3,6
1039,3,25,2,175.5,56.7,18.40894149,28.7,71,23.8,19.4,6
1040,3,25,2,156,53.9,22.14825773,33.2,77.2,21.3,18.9,6
1041,3,26,1,177.3,72.1,22.936006,17.3,82,48.1,44.8,6
1042,3,26,1,180,73,22.5308642,18.1,82,43.2,45.3,6
1043,3,26,1,179.5,75.6,23.46350509,21.3,87.9,46.5,33.5,6
1044,3,26,1,166.3,60.5,21.87614918,20.3,72,43.1,38.3,6
1045,3,26,1,177.5,90.8,28.81967864,20.7,90.8,58.2,53.5,6
1046,3,26,2,158.6,45.1,17.92958246,26,63.5,23.6,23.1,6
1047,3,26,2,165.7,66.5,24.22013885,31.3,83.5,18.4,17.4,6
1048,3,26,2,159.9,52.06,20.4,25.5,71.4,25.1,26.6,6
1049,3,26,2,161.7,50.5,19.3,21,69.5,26.8,26.2,6
1050,3,26,2,158.9,45.6,18.05997099,21.7,60.5,27.4,25.5,6
1051,3,26,2,163.9,51.4,19.13397543,25.9,73.2,23.2,20.6,6
1052,3,26,2,165.5,51.5,18.80231104,16.6,64.5,29,28.4,6
1053,3,26,2,161.7,50.5,19.31396047,21,69.5,26.8,26.2,6
1054,3,26,2,154.8,62.1,25.91490896,39.9,87,27,26.6,6
1055,3,26,2,159.7,53.6,21.016237,23.6,74.2,20.7,20.4,6
1056,3,26,2,159.5,45.6,17.92435216,22.7,63.3,18.4,14.9,6
1057,3,27,1,176,70.1,22.63042355,27.3,79.2,39,33.2,6
1058,3,27,1,181.2,89.8,27.35016495,29.2,99,57.4,45.2,6
1059,3,27,1,176.3,73.3,23.6,25.3,85,42,34.7,6
1060,3,27,1,166,58,21.04804761,11,73.5,37.5,37.8,6
1061,3,27,1,171.9,79.5,26.90390838,20.5,89,51.1,49,6
1062,3,27,1,183.5,78,23.1644752,19,88,41.3,43.5,6
1063,3,27,1,180.2,85,26.17636588,19,87,41.9,45.8,6
1064,3,27,1,166.2,65.3,23.64019978,22.6,80.2,47.6,40.9,6
1065,3,27,1,166.2,65.3,23.64019978,22.6,81,47.6,40.9,6
1066,3,27,1,184.3,95.6,28.14538682,24.3,99.5,47.3,38.1,6
1067,3,27,1,177.3,73.1,23.25411981,16.2,79.8,33.7,28.4,6
1068,3,27,1,175.6,72.9,23.64168928,25.9,85,20.9,26.4,6
1069,3,27,1,189.5,87.1,24.25491329,19.3,86.3,45.1,41,6
1070,3,27,1,163.7,58.6,21.86755649,22.2,80,36.1,32.3,6
1071,3,27,2,157.2,65.3,26.42458028,37,84.6,21.2,20.8,6
1072,3,27,2,160.2,55,21.4307646,19.1,72,37.5,34.5,6
1073,3,27,2,160.1,56.4,22.00373673,29.1,74,24.2,20.8,6
1074,3,27,2,164.1,59.36,22,38.4,82.8,16.8,13.2,6
1075,3,27,2,160.1,56.4,22,29.1,75.3,24.2,20.8,6
1076,3,27,2,165.4,57.8,21.1,27.6,74.9,30.3,28,6
1077,3,27,2,159.9,61.4,24,32.3,68.9,28.6,23.7,6
1078,3,27,2,164.2,60.14,22.3,30.9,79.7,24.8,22.9,6
1079,3,27,2,160.2,55,21.4,19.1,72,37.5,34.5,6
1080,3,27,2,163.6,75,28.02171197,34.5,90,23.9,22.2,6
1081,3,27,2,157,48.6,19.71682421,25.6,74,27.2,26.2,6
1082,3,28,1,179.4,71.1,22.09147549,9.7,74,58.6,42.6,6
1083,3,28,1,176.3,69.4,22.32825821,10.3,75,23.1,21.5,6
1084,3,28,1,173.5,65.9,21.89205126,17.7,75.5,46.7,39.1,6
1085,3,28,1,180.7,107.8,33.01432754,32.5,103.7,38.4,38.9,6
1086,3,28,2,169.3,60.7,21.17750412,30.2,75.8,20.2,20.5,6
1087,3,28,2,161.5,65.7,25.2,32.1,82.9,30,25.3,6
1088,3,28,2,150.8,54.4,23.92193008,30.9,70,20.9,22.5,6
1089,3,28,2,157.4,71.1,28.69856257,44.4,87.2,24,22.1,6
1090,3,28,2,154.9,53.1,22.13052341,36.7,78.8,19.6,17.5,6
1091,3,29,1,184.2,114.9,33.86419661,38.6,123.2,47.2,41.2,6
1092,3,29,1,172.5,74.2,24.93593783,18.7,82.5,41.3,31.6,6
1093,3,29,1,181.3,96.5,29.35835416,33.4,82,40.1,38.8,6
1094,3,29,1,173,80.1,26.7633399,15.9,82,51.3,49.7,6
1095,3,29,2,159.2,68.9,27.18523522,41.8,88.4,20.5,18.2,6
1096,3,29,2,159.1,60.5,23.90094186,39.2,85.6,25.3,25.3,6
1097,3,29,2,164.9,74.2,27.28742745,35.2,91.5,29.2,32.3,6
1098,3,29,2,161.7,55.9,21.37921565,22.3,87.8,35.8,27.6,6
1099,3,29,2,168.7,49.3,17.32274666,22.1,65.4,18.5,17.8,6
1100,3,29,2,158.2,74.6,29.80752172,37,101,25.5,25.4,6
1101,3,29,2,156.1,52.3,21.4632697,32.9,67,23,21.5,6
1102,3,29,2,161.7,51.2,19.58167874,22.1,70.5,27.7,25.8,6
1103,3,30,1,167.7,80,28.44617397,34.6,97.3,40.6,38.3,7
1104,3,30,1,167.1,63,22.56252236,15.7,73.4,48,41,7
1105,3,30,1,181.7,66.2,20.1,13.8,77.4,49.9,46.4,7
1106,3,30,1,179.7,71.6,22.17261255,23.4,85.3,33.635,35,7
1107,3,30,1,178.7,75.8,23.7,12.1,80.5,60.5,51.5,7
1108,3,30,1,181.7,66.2,20.05155855,13.8,77.4,49.9,46.4,7
1109,3,30,1,173.5,77.4,25.71236369,23,81,46.1,39,7
1110,3,30,1,198,98.9,25.22701765,24.6,102.4,47.9,45.1,7
1111,3,30,1,169.7,72.6,25.21000525,24.6,88.7,38.1,36.6,7
1112,3,30,2,163.3,59.5,22.31231313,28.3,77.8,26.1,22.2,7
1113,3,30,2,173.9,106.8,35.31604721,46.5,101.8,29.3,24.3,7
1114,3,30,2,157.9,50.5,20.3,24.9,71,21.7,19.1,7
1115,3,30,2,158,56.8,22.8,34.3,71.7,22,24.8,7
1116,3,30,2,164,58.3,21.7,23.5,74,30,29.6,7
1117,3,30,2,160.9,60.1,23.21466301,27.3,78.5,23.9,24.7,7
1118,3,31,1,178.2,82.7,26.04294598,15.5,84.3,48.9,48.9,7
1119,3,31,1,184.7,95.1,27.9,19.9,98,54.5,55,7
1120,3,31,1,165.7,67.3,24.5,26.7,82,40.3,37,7
1121,3,31,1,182.6,75.3,22.6,20.3,88,44.7,41.1,7
1122,3,31,1,178.2,82.7,26,15.5,84.3,48.9,48.9,7
1123,3,31,1,170.7,76.7,26.3,19.5,85.8,48.3,46,7
1124,3,31,1,169,92.2,32.28178285,31.8,95,60,52.3,7
1125,3,31,1,169.3,76,26.5,17.4,85.2,56.3,51.3,7
1126,3,31,1,165.7,67.3,24.51150894,26.7,82,40.3,37,7
1127,3,31,1,170.7,76.7,26.32257197,19.5,85,48.3,46,7
1128,3,31,1,171.7,66.1,22.42130411,19,81,44.2,39.8,7
1129,3,31,1,171.5,77,26.17956804,21.9,89,41.8,41,7
1130,3,31,2,171.7,64.8,21.98034048,29.8,88,30.2,27.6,7
1131,3,31,2,164.6,67.5,24.91403734,35.3,83.4,33,27.2,7
1132,3,31,2,156.1,57.28,23.5,29.3,79.1,29,25.2,7
1133,3,31,2,171.7,66.6,22.6,28.9,86.3,32.5,30.6,7
1134,3,31,2,160,51.4,20.1,29.9,67,26.2,21.5,7
1135,3,31,2,166.1,56.3,20.40652849,29.5,67,23,21.8,7
1136,3,31,2,147.7,53.1,24.34072616,30.7,76.5,20.9,19.8,7
1137,3,31,2,156.6,43.1,17.5749361,24.8,67.3,24,26.8,7
1138,3,31,2,153.3,57.7,24.55226164,36,79.2,22,20.5,7
1139,3,31,2,156.2,66.7,27.3378134,42.5,91.4,21.6,18.6,7
1140,3,32,1,171.2,74.5,25.41843174,25.6,86.1,39.9,40.3,7
1141,3,32,1,175.6,81.1,26.3,31.4,96.9,34.8,34.1,7
1142,3,32,1,176.2,74,23.8,26.1,85,41.5,35.4,7
1143,3,32,1,171.2,74.5,25.4,25.6,78.9,39.9,40.3,7
1144,3,32,1,172.2,64.2,21.7,21.3,79,49.5,46.6,7
1145,3,32,1,174.9,69.9,22.9,18.3,77,37.3,33.3,7
1146,3,32,1,173.7,78.5,26,25.2,76.5,45.1,36.8,7
1147,3,32,1,168.7,69.4,24.38536751,14.3,77.5,42.2,40.9,7
1148,3,32,1,176.3,72.7,23.4,17.6,78.4,36.1,36.4,7
1149,3,32,1,172.2,64.2,21.65054005,21.3,79,49.5,46.6,7
1150,3,32,1,175.6,81.2,26.33340425,31.4,96,35.9,33,7
1151,3,32,1,168.8,83.4,29.26989511,28.3,98.9,54.4,51.8,7
1152,3,32,2,158.5,59.9,23.84340575,38.3,80,20.3,14.2,7
1153,3,32,2,161.1,53.4,20.57548951,23.6,75,27,23.3,7
1154,3,32,2,155.7,57.9,23.88368522,21.2,73.5,30.3,30,7
1155,3,32,2,155.7,57.9,23.88368522,21.2,72.8,30.3,30,7
1156,3,32,2,160.5,59.7,23.17524092,32.9,88,29.8,24.8,7
1157,3,32,2,171.3,54.9,18.7,28.1,77,26.6,23.2,7
1158,3,32,2,161.6,50,19.1,29.7,67.6,31.4,28,7
1159,3,32,2,155.4,57.4,23.8,22.1,78,29.7,28.6,7
1160,3,32,2,160.6,52.2,20.2,25.8,74.3,24,24.3,7
1161,3,32,2,164.1,56.3,20.9,33.4,75,19.9,18.9,7
1162,3,32,2,156.3,60.7,24.8,35.8,65.2,17.1,18.3,7
1163,3,32,2,156.6,45.8,18.67591818,22.7,61.8,20.4,20.7,7
1164,3,32,2,162.8,89.7,33.84415239,45.1,110,31.6,26.2,7
1165,3,32,2,168,66.6,23.59693878,29.6,78.1,32.1,28.9,7
1166,3,33,1,172.3,73.4,24.75,23.5,84.5,41.2,41.5,7
1167,3,33,1,171,77,26.33288875,16.6,85.2,40.8,42.8,7
1168,3,33,1,171.9,71,24.02738987,27.5,98,34.2,36.1,7
1169,3,33,1,173,87.2,29.13562097,34.7,93,39,33.8,7
1170,3,33,1,180.3,77.5,23.84021947,13.1,82.2,54.9,52.7,7
1171,3,33,1,183.9,108.4,32.05278893,28.9,109.2,52,50.3,7
1172,3,33,1,174.9,62.5,20.43150689,16.3,75.2,39.1,35.9,7
1173,3,33,1,171,69.2,23.66540132,19.1,78,62,59.4,7
1174,3,33,1,164.8,66.6,24.5222217,18.6,83.7,35.8,33.8,7
1175,3,33,2,156.9,52.4,21.28557565,23.9,71.5,24.2,23.5,7
1176,3,33,2,163.1,54.1,20.33711493,28.9,79.5,23.1,23,7
1177,3,33,2,156.9,52.4,21.3,23.9,71.5,24.2,23.5,7
1178,3,33,2,157.9,54.8,22,25.2,72.9,23.6,22.2,7
1179,3,33,2,153.7,53.92,22.8,37.3,79.7,20.2,19.4,7
1180,3,33,2,157.1,58.2,23.6,34.1,57.3,25.2,21.7,7
1181,3,33,2,160,63.2,24.7,25.6,75.5,36.5,33.7,7
1182,3,33,2,157.9,54.6,21.8992067,27,73.2,25.3,23.3,7
1183,3,33,2,158,61.1,24.47524435,29.1,75,32.3,29.2,7
1184,3,33,2,167.9,64.8,22.98654046,30.9,84.8,23.8,22.7,7
1185,3,34,1,180.4,71.7,22.0316026,13.7,78.5,46.4,45.9,7
1186,3,34,1,186.7,84.2,24.1,21.6,89.1,48.2,47.5,7
1187,3,34,1,175.7,76.5,24.78094776,23.2,93,46.4,43.6,7
1188,3,34,1,173.3,70.46,23.5,23.6,83.5,55.8,44.7,7
1189,3,34,1,174.2,85.9,28.30719668,27.6,94.2,53.4,50.6,7
1190,3,34,1,174.1,69.1,22.79714729,16.9,78.2,44.7,42.8,7
1191,3,34,2,158.4,51.7,20.6,31.8,83,25.8,24.9,7
1192,3,34,2,159.3,55.8,21.98885661,32.1,79.2,23.5,21.9,7
1193,3,34,2,163.5,60.7,22.70665582,28.9,79.3,29.5,28.6,7
1194,3,34,2,158.1,64.5,25.8,22.1,76,31.1,26.1,7
1195,3,34,2,161,75.2,29.01122642,42.6,91.5,30.3,23.6,7
1196,3,34,2,165.3,57.6,21.08029947,32.7,75,24.3,23.5,7
1197,3,34,2,161,63.2,24.4,27.7,83,32.3,32.3,7
1198,3,34,2,161.5,63.4,24.3,27.3,81,28.6,22,7
1199,3,35,1,177,79.2,25.28009193,21,91.3,40.9,39.3,8
1200,3,35,1,180.8,87.3,26.7,26.6,100.1,43.5,42.4,8
1201,3,35,1,175,68.9,22.49795918,21.1,84,47.8,47.8,8
1202,3,35,1,169.1,67.3,23.53573953,15,78.7,57.1,55.6,8
1203,3,35,1,163.9,78.26,29.1,32.1,92.4,38.8,41.4,8
1204,3,35,1,172,65.6,22.2,22.2,67.9,42.3,40.4,8
1205,3,35,1,173.5,75.4,25.04796153,22.6,80.5,45.7,42.8,8
1206,3,35,1,174.4,67.2,22.09409982,11.7,71,51.1,52.7,8
1207,3,35,1,163.6,72.6,27.12501719,27.3,83.8,38.7,40.2,8
1208,3,35,1,176.3,94,30.24288576,29.9,100.8,50.5,49.3,8
1209,3,35,2,147.8,41,18.7687344,29.9,68.5,20.5,18.3,8
1210,3,35,2,155.8,57.1,23.5,36.4,81,22,21.8,8
1211,3,35,2,155.8,57.84,23.8,27.7,78.4,32.5,25.4,8
1212,3,35,2,164.1,53.7,19.9,30.4,78.1,22.5,19.1,8
1213,3,35,2,168.4,57,20.1,29.1,67,25.9,24.5,8
1214,3,36,1,171.5,69.9,23.76560787,25.5,85.5,43,35.3,8
1215,3,36,1,168.2,79.4,28.1,33.7,93.5,42.5,36.6,8
1216,3,36,1,173.4,75.2,25.01034337,18,88.2,51,47.6,8
1217,3,36,1,180.5,78.2,24.00227131,18.7,77.5,45.2,44.8,8
1218,3,36,1,177.7,67.1,21.24944858,20.5,83.7,37.8,36.9,8
1219,3,36,1,179,71.5,22.3151587,19.5,85,46.1,42.2,8
1220,3,36,1,177.8,91.3,28.88067001,36.2,111.2,32.9,31.9,8
1221,3,36,1,177.8,91.3,28.9,36.2,111.2,32.9,31.9,8
1222,3,36,1,177,80.4,25.7,23.3,89.5,49.3,46.9,8
1223,3,36,1,178.9,86.2,26.9,29.4,96.3,41,28.6,8
1224,3,36,1,168.2,79.4,28.1,33.7,93.5,42.5,36.6,8
1225,3,36,1,172.9,96.3,32.2,34.1,105.1,40.7,40,8
1226,3,36,1,171.5,69.9,23.8,25.5,88.7,43,35.3,8
1227,3,36,1,176.8,73.8,23.6,24.6,85.5,45,44,8
1228,3,36,1,178,65.6,20.7,19.6,84,48,44,8
1229,3,36,1,172.9,69.6,23.28194468,13.9,77.6,48.1,42.3,8
1230,3,36,1,167.8,62,22.01951639,18.9,75,35.4,32.2,8
1231,3,36,1,160.6,68.54,26.6,33.4,86.6,36.1,34.7,8
1232,3,36,1,170,70.5,24.39446367,29.1,87.5,42.4,40,8
1233,3,36,2,167.9,64.5,22.88012129,33,80.2,24.8,24,8
1234,3,36,2,166.2,56.46,20.4,25.9,73.8,23.3,24.8,8
1235,3,36,2,165.5,59.9,21.9,24.1,75.1,30.7,31.6,8
1236,3,36,2,166,69.52,25.2,34.1,75.2,29,25.4,8
1237,3,36,2,167.2,55.8,20,24.8,74.6,33.1,25.9,8
1238,3,36,2,154.7,52.5,21.9,31.6,76.9,22.9,21,8
1239,3,36,2,167.5,54.6,19.46090443,20.1,74.5,26.8,24.7,8
1240,3,36,2,159.8,46.6,18.24871828,23.9,65,26.3,25.1,8
1241,3,36,2,163.5,58.2,21.77145583,28.7,74.8,20.8,18.9,8
1242,3,36,2,158.8,55.2,21.8896129,34.9,78.7,22.3,24.1,8
1243,3,37,1,178.6,72.6,22.76007619,14.3,80.5,45,41.3,8
1244,3,37,1,163.2,84,31.53835063,33.5,101.3,35.8,32.2,8
1245,3,37,1,176.5,74.2,23.81850428,26.8,88.7,43.4,37.1,8
1246,3,37,1,182.5,85.6,25.70088197,26.6,93,45.8,44.1,8
1247,3,37,2,155.1,60.1,24.98336175,34.5,85.5,20.1,19.5,8
1248,3,37,2,164.5,60.2,22.2466533,29.2,85.2,25.1,23,8
1249,3,37,2,162.4,57.1,21.65030697,24.8,70.5,24.5,23.7,8
1250,3,37,2,172.5,55.1,18.51711825,25.8,73.8,20.1,19.8,8
1251,3,37,2,152.8,53.2,22.8,28.6,76.7,26.6,23,8
1252,3,37,2,165.7,57.6,21,32.5,78.5,18.9,18.7,8
1253,3,37,2,165,58,21.3,25,69.9,30,30,8
1254,3,37,2,170.1,65.5,22.63771942,32.1,84.5,25.7,24.8,8
1255,3,37,2,169.8,63.5,22.02410929,31.7,85.7,30.5,28.7,8
1256,3,37,2,163.5,63.4,23.7,41,91.2,20.1,18.8,8
1257,3,37,2,158.2,47.9,19.13914599,23.5,63.5,20.7,16.7,8
1258,3,37,2,155.9,57.2,23.53443619,31.4,77,28.6,27.8,8
1259,3,37,2,173.7,63.5,21.04621915,28.7,81.5,25.7,23.2,8
1260,3,37,2,161.7,47.4,18.12835102,19.8,66.5,26.1,21.6,8
1261,3,37,2,158.9,75,29.70389965,41.2,97.1,23.6,23.3,8
1262,3,38,1,178.4,68.3,21.5,12.6,80.6,42.5,41.1,8
1263,3,38,1,174.2,89,29.32876024,20.8,88.2,58.7,49.8,8
1264,3,38,1,169.6,72.1,25.06591536,30.3,92,42.2,38.9,8
1265,3,38,1,180.9,70.7,21.6,19.5,84.5,39.6,36.6,8
1266,3,38,1,173.8,69.9,23.1,17.6,81,45.8,44.4,8
1267,3,38,1,178.4,68.3,21.5,12.6,77.8,42.5,41.1,8
1268,3,38,1,167.6,69.7,24.8,22.4,84,36.1,41.6,8
1269,3,38,1,167.6,69.7,24.81331275,22.4,84,41.6,36.1,8
1270,3,38,2,155.4,54.3,22.48525415,34.4,73,23.2,21.3,8
1271,3,38,2,156.4,64.2,26.24590368,32.6,79,31.2,22.7,8
1272,3,38,2,161.3,53.1,20.4,32.6,83,23.5,21.6,8
1273,3,38,2,165,59.2,21.7,33.4,79.8,22.2,20.1,8
1274,3,38,2,173.4,60.6,20.15461181,28.9,76.5,29.1,25.2,8
1275,3,38,2,164.1,102.6,38.10045821,46.7,107,39.5,34.7,8
1276,3,38,2,167.6,59.3,21.1,32.6,77.3,31.1,28.2,8
1277,3,38,2,161.8,58.9,22.5,29.7,80.8,24.9,21.1,8
1278,3,38,2,164.2,62.7,23.3,33,80.2,23.7,22.8,8
1279,3,38,2,164.1,69.72,25.9,37.5,90.1,28,24.8,8
1280,3,38,2,159,56.5,22.34879949,33.3,77.4,23.9,20.2,8
1281,3,38,2,164.1,60.5,22.46664446,28.2,81.3,28.2,24.1,8
1282,3,39,1,170.1,86.3,29.82649139,24.6,95.3,41.7,40.8,8
1283,3,39,1,158.3,63.5,25.3,26.9,84.2,42.1,36.7,8
1284,3,39,1,180.9,82.5,25.2102304,24.8,86.1,32.8,32.5,8
1285,3,39,1,174.7,71.4,23.39442643,20.4,82.5,42.8,34.8,8
1286,3,39,1,172.4,69.3,23.31625045,18.7,84.5,43.4,42.1,8
1287,3,39,1,173.6,65.7,21.8,16.3,80.7,41.2,35.9,8
1288,3,39,1,177,76.8,24.5,28.5,85.5,30,31.5,8
1289,3,39,2,154.6,55.9,23.38798619,42.7,87,21.7,19.9,8
1290,3,39,2,165.8,72.2,26.26443999,29.4,90,36.7,33.7,8
1291,3,39,2,161.6,69.5,26.61350603,40.3,97,31.7,28.7,8
1292,3,39,2,165.9,73.2,26.59612154,32.6,89.2,26.3,23.5,8
1293,3,39,2,158,54.9,21.991668,29.8,77.8,22,18.5,8
1294,3,39,2,156.4,55.9,22.85274167,32.6,78.8,20.9,18.7,8
1295,3,40,1,172.8,87.1,29.16961377,36.1,106.8,46.4,34.3,9
1296,3,40,1,167,69.8,25,14.9,81.7,36.9,36.7,9
1297,3,40,1,181.4,80.1,24.34209487,16.9,90.1,52.3,47.9,9
1298,3,40,1,174.9,90.7,29.7,30.5,100.5,44.5,41.2,9
1299,3,40,1,169.5,95.7,33.3,34.3,98.7,45.4,45.2,9
1300,3,40,1,176.3,86.3,27.8,30.9,96.2,41.1,51.6,9
1301,3,40,1,172.4,86.9,29.2,28.8,89,52.2,48.7,9
1302,3,40,1,170.5,78,26.8,27.5,93.6,42.5,33.5,9
1303,3,40,1,162,79,30.1,34.9,83,28.9,24,9
1304,3,40,1,173,87.9,29.4,24.8,85.5,53.8,55.3,9
1305,3,40,1,165,65.8,24.2,24.5,85,35.7,33.5,9
1306,3,40,2,154.5,54.5,22.83176758,37.5,80.4,17.3,15.1,9
1307,3,40,2,155.2,48.6,20.17682538,29.8,68,27.9,21.4,9
1308,3,40,2,158.6,56,22.26289618,28.3,78.5,19.7,23.1,9
1309,3,40,2,161.8,70,26.73874413,13,70,35.2,35,9
1310,3,40,2,156.7,57,23.21329886,35.8,82.1,29.5,25.9,9
1311,3,40,2,163.7,72.1,26.9,38.4,74.3,26.1,23.2,9
1312,3,40,2,164.6,53.2,19.6,23.1,73.9,26.5,24.3,9
1313,3,40,2,153.3,61.7,26.3,37.7,90,19.5,19,9
1314,3,40,2,154.5,50.1,21,28.4,75.9,28.3,24.3,9
1315,3,40,2,161.9,51.3,19.57147997,23.7,65.3,25.6,22.2,9
1316,3,40,2,158.4,55.3,22.04016172,29.7,80.3,25.1,24,9
1317,3,40,2,154.7,59.9,25.02915541,37.5,83.5,27,25,9
1318,3,41,1,173.7,66.4,22.00738507,16.7,78.2,41.7,39.7,9
1319,3,41,1,179.7,71.6,22.2,18.7,77,49.2,43.4,9
1320,3,41,1,170.5,67.2,23.1,20.6,78,43.4,44.1,9
1321,3,41,1,170.8,74.8,25.6,29.4,79.6,49.1,46.4,9
1322,3,41,1,169.6,67.5,23.46670301,23.2,85.8,41.1,35.3,9
1323,3,41,1,173,78.7,26.29556617,16.7,83,45.5,43,9
1324,3,41,1,167.8,77.1,27.3823341,22.9,86,43.7,43.5,9
1325,3,41,1,166.6,74.8,26.9,28.1,75,47.2,48.8,9
1326,3,41,1,172,71.2,24.1,20.6,78.2,39.1,36.8,9
1327,3,41,1,165,56.1,20.60606061,16.3,75,42.4,38.4,9
1328,3,41,1,175.2,72,23.45655845,22,92.4,45,45,9
1329,3,41,2,155.8,58,21,24,76,25.9,26,9
1330,3,41,2,156.7,51.7,21.05486932,32.7,78.4,20.9,20.8,9
1331,3,41,2,153.4,57.32,24.4,34.2,82.1,24,21.5,9
1332,3,41,2,154.4,69.1,28.98567747,45.3,91.1,17,17.7,9
1333,3,41,2,156.5,52.7,21.51701048,32.1,76,23.2,22.5,9
1334,3,41,2,173.2,74.5,24.83479031,33.3,90.8,23.6,20.3,9
1335,3,41,2,153.9,52.9,22.33461303,31.8,77,26.4,22.3,9
1336,3,41,2,160.6,55.7,21.59554225,32.1,78.4,27.4,24.6,9
1337,3,41,2,157,56.3,22.84068319,37.1,82.1,22.5,22,9
1338,3,41,2,162.1,57.5,21.88274578,25.6,79.7,31.2,29.6,9
1339,3,41,2,159,78.5,31.05098691,34.7,96,30.3,30.3,9
1340,3,41,2,158.4,62,24.71048873,35,79,20.1,18.9,9
1341,3,41,2,154.4,53.4,22.3999302,28.3,73.3,20.8,17,9
1342,3,42,1,170.1,92.1,31.8310528,28.5,94.2,44.1,32.8,9
1343,3,42,1,172.3,70,23.57911416,18.1,83.8,54.1,53,9
1344,3,42,1,179.5,69.9,21.6944313,19.5,80.9,38.4,39.1,9
1345,3,42,1,173.8,89.5,29.62944326,37.8,89.7,35.1,35,9
1346,3,42,1,179.7,92.9,28.76865511,28,92.7,51.5,45.2,9
1347,3,42,1,185,109.5,32,30.1,108,43.9,41.5,9
1348,3,42,1,178.9,71.34,22.3,14.8,80.2,42.9,43.3,9
1349,3,42,1,178.9,71.3,22.27762292,14.8,80.2,42.9,43.3,9
1350,3,42,1,185,109.5,31.99415632,30.1,108,43.9,41.5,9
1351,3,42,1,171.8,83.5,28.2904696,25.5,94.8,50.3,53.4,9
1352,3,42,1,157,62,25.2,25.8,74.2,37.2,34.2,9
1353,3,42,1,175,74.7,24.39183673,24.8,80.3,34.1,33.2,9
1354,3,42,1,179.5,69.9,21.7,19.5,80.9,39.1,38.4,9
1355,3,42,1,172,77.5,26.2,21.7,77,39.6,38.7,9
1356,3,42,1,180,65,20.1,7.2,73.5,41.5,48.8,9
1357,3,42,1,175,72,23.5,24.1,76,40.3,39.4,9
1358,3,42,2,149.9,57,25.36714492,38.3,74.5,25.1,23.5,9
1359,3,42,2,163.2,61.4,23.05303249,26.9,75,29.9,24.3,9
1360,3,42,2,158.7,53.2,21.12310602,26.8,82.7,25.6,21.2,9
1361,3,42,2,157.1,55.8,22.60902473,29.1,78.5,25,22.7,9
1362,3,42,2,162.1,55.8,21.23577764,25.6,81,24.2,23,9
1363,3,42,2,158,48.4,19.3879186,25.2,78.9,31.2,26.5,9
1364,3,42,2,154.6,53.9,22.55120672,37.6,72,19.9,17.7,9
1365,3,42,2,158.6,66.7,26.51669956,34.1,82.4,31.7,25.8,9
1366,3,42,2,154.5,60.4,25.30346352,41.7,86,19.4,18.4,9
1367,3,43,1,165.3,70.9,25.94779918,30.9,91,31.9,28.9,9
1368,3,43,1,175.4,77.3,25.12582415,25.5,94.7,26.4,28.3,9
1369,3,43,1,167.4,67.8,24.19461895,23.2,78.8,40.2,40,9
1370,3,43,1,166.2,72.8,26.35538352,25.9,88.5,40.9,37.8,9
1371,3,43,1,170.9,68.3,23.38495714,25.9,84.8,38.7,36.6,9
1372,3,43,1,173.2,62,20.66787918,17.8,79.1,39.9,34,9
1373,3,43,1,190.8,91.5,25.13415872,20,85,37.6,34.7,9
1374,3,43,2,167,51.2,18.3584926,27.1,74,19.6,18.7,9
1375,3,43,2,150.9,47.2,20.72829205,19.9,79.4,27.5,24.2,9
1376,3,43,2,162.1,56.5,21.50217629,31.8,74.1,22.6,22.4,9
1377,3,43,2,161.8,57.2,21.84937378,22,77.5,22,22.8,9
1378,3,43,2,161.5,53.1,20.35867304,21.2,68.7,30.5,26.2,9
1379,3,43,2,155.8,46,18.95059826,24.4,66,26.9,28.2,9
1380,3,43,2,150.6,42.1,18.56231559,22,61,19.3,18.9,9
1381,3,43,2,161,52.8,20.36958451,21.8,70,24.7,24.3,9
1382,3,43,2,156,56.1,23.05226824,26,81,19.4,20.1,9
1383,3,43,2,171.8,64,21.68371323,24.3,80.1,29.1,28.1,9
1384,3,44,1,181.1,80.4,24.51428033,13.1,86.7,63.8,58,9
1385,3,44,1,182.5,104.9,31.49559017,23.6,102.3,44.8,43.5,9
1386,3,44,1,174.9,66.9,21.86988497,17.4,79.2,46,43.4,9
1387,3,44,2,157.4,38.5,15.54000927,20.2,57,24.4,21.7,9
1388,3,44,2,170.4,79.2,27.27633406,29.6,92.2,35.9,36.2,9
1389,3,44,2,155.9,54.52,22.43177379,30.2,76.7,31.3,28.1,9
1390,3,44,2,167.7,59.6,21.19239961,18.3,69.7,40.3,35.5,9
1391,3,45,1,172.4,90.64,30.5,30.6,100.5,40.5,41.9,10
1392,3,45,1,171.3,67,22.8,20,81.5,49.4,46.6,10
1393,3,45,1,165.1,67.5,24.8,28.5,89,32.1,35,10
1394,3,45,1,180,66.1,20.4,20.1,84.3,40.9,30,10
1395,3,45,1,167.9,89.8,31.9,35.5,97.2,52.2,50,10
1396,3,45,1,166.8,73.1,26.27394487,25.6,87.6,43.6,41.4,10
1397,3,45,1,172.4,90.6,30.5,30.6,100.5,40.5,41.9,10
1398,3,45,1,169.8,65.8,22.8,22.5,70.7,34.5,35.4,10
1399,3,45,1,165.1,67.5,24.8,28.5,85.8,35,32.1,10
1400,3,45,1,162,73.8,28.1,28.6,92.8,45.1,41.6,10
1401,3,45,1,166.8,73.1,26.3,25.6,87.6,43.6,41.4,10
1402,3,45,1,175,69.4,22.7,24.3,88.5,37.7,40.7,10
1403,3,45,1,179.9,69.5,21.5,16.5,80.6,49.7,46.4,10
1404,3,45,2,158.2,50.9,20.33783989,23.5,77,27.7,24.6,10
1405,3,45,2,168.7,65.9,23.15555791,31.6,83,26.2,25.5,10
1406,3,45,2,146.6,45.3,21.0780418,19.9,66.3,18.7,16.6,10
1407,3,45,2,162.3,67.5,25.6,31.2,83.9,34.6,29.2,10
1408,3,45,2,172,70.4,23.8,33.4,88.1,28.8,26.7,10
1409,3,45,2,164.1,58.7,21.8,27.9,77.7,31,28,10
1410,3,45,2,156,66.6,27.36686391,37.7,96,28.9,28.2,10
1411,3,45,2,171,70.9,24.24677679,31.7,87.8,30.2,28.2,10
1412,3,45,2,161,63.7,24.57466919,31.9,78,29,27,10
1413,3,45,2,157.9,71.2,28.55720727,39.7,95.6,29.7,28.1,10
1414,3,46,1,173,90,30.07116843,26.4,82,54,40.7,10
1415,3,46,1,170.6,64.4,22.1,10.5,72,45.5,42.3,10
1416,3,46,1,169.6,73.1,25.41357022,23.4,76,52.5,47,10
1417,3,46,1,172.6,62.5,21,23.4,87,40.1,40.2,10
1418,3,46,1,174.5,61,20,22.2,75,44.5,37.5,10
1419,3,46,1,175.8,75,24.3,26.2,80,48.5,40.9,10
1420,3,46,1,171.7,67.3,22.82834745,26.2,89.4,46,43,10
1421,3,46,1,178,70,22.1,23.8,85,48,46,10
1422,3,46,1,161.1,78.3,30.16967843,33.6,95.8,36.3,34.8,10
1423,3,46,1,170,70.4,24.35986159,21.6,83.3,34.7,37.8,10
1424,3,46,1,171.7,67.3,22.8,26.2,89.4,46,43,10
1425,3,46,1,168.3,74.3,26.23134635,30.9,89.1,45,41.8,10
1426,3,46,2,158.3,48.5,19.35440875,34.8,72.4,22.4,19.8,10
1427,3,46,2,160.4,79.34,30.8,43.4,101,17.6,17.6,10
1428,3,46,2,158.3,55.5,22.1,26.3,67.5,27.4,25.3,10
1429,3,46,2,158.1,60.4,24.16424324,41.6,90.5,17.7,18.9,10
1430,3,46,2,157.8,47.1,18.91502455,24,70.1,20,19.9,10
1431,3,46,2,158,60.3,24.15478289,30.4,87.5,30.8,29.6,10
1432,3,46,2,154.6,65.9,27.57188354,38.9,88.7,30.7,30.5,10
1433,3,46,2,170,60.7,21.00346021,33.4,83,23.4,21.7,10
1434,3,46,2,159.1,60.4,23.86143617,29.6,86,22.3,24.4,10
1435,3,46,2,155.2,63.2,26.23817621,32,79,26.8,20.4,10
1436,3,47,1,164.2,59.8,22.2,19.5,79.1,46.7,39.6,10
1437,3,47,1,174,60,19.81767737,15.7,67,41,41,10
1438,3,47,1,175.6,63.6,20.6,18.1,75.2,40.2,30.2,10
1439,3,47,1,170,84.9,29.4,25.5,79,42.9,37.4,10
1440,3,47,1,169.5,78.7,27.39273066,30.9,96.8,33.2,28.7,10
1441,3,47,1,178.2,75.2,23.7,18.8,81.5,37.6,36.9,10
1442,3,47,1,179.2,79.5,24.75660674,18.4,85.2,48.3,45.8,10
1443,3,47,1,178,73,23.0400202,17.1,69,38.5,35.7,10
1444,3,47,1,177,90,28.7,27.4,103,63.2,55.2,10
1445,3,47,1,170.7,74.9,25.70483234,27,91,42.1,37.2,10
1446,3,47,1,179.2,79.5,24.8,18.4,83,48.3,45.8,10
1447,3,47,2,154.1,74.2,31.24630213,46.2,92,17.9,15.4,10
1448,3,47,2,153.4,60.7,25.7951449,19.5,79,35,32.1,10
1449,3,47,2,157,61.9,25.11258063,35.4,85,28,25.7,10
1450,3,47,2,148.4,48.2,21.88664715,31,73.9,17.4,16.3,10
1451,3,47,2,146,51,23.9,23.7,68,22.2,15.3,10
1452,3,47,2,159,62.1,24.6,34.5,84.1,25,23,10
1453,3,47,2,161.2,74.2,28.6,43.3,97.7,20.2,20.4,10
1454,3,47,2,153.4,58,20,24,75,26.7,22.6,10
1455,3,47,2,158,59.5,23.83432142,33.1,80,24.1,23.5,10
1456,3,47,2,162.2,63.4,24.0983639,40.5,87,26.8,24.3,10
1457,3,47,2,157.7,53.5,21.51247583,31.9,73.6,26.2,23.9,10
1458,3,48,1,175.4,74.6,24.24820804,18.3,84.3,44.3,31.4,10
1459,3,48,1,163.4,80.1,30,31.5,94.2,39,42.9,10
1460,3,48,1,160.1,60.9,23.75935403,18,76.6,42.3,40.1,10
1461,3,48,1,160.1,60.9,23.8,18,74.2,40.1,42.3,10
1462,3,48,1,169.3,70.6,24.6,21.7,82.2,42.8,44.8,10
1463,3,48,1,170,74,25.6,25,74,28,25,10
1464,3,48,1,163.2,79,29.7,29.8,75,42.5,40.1,10
1465,3,48,2,157,58.7,23.81435352,16.7,83.1,26.9,24.2,10
1466,3,48,2,157.4,66.7,26.92256151,39.2,88.8,13.3,16.1,10
1467,3,48,2,155.2,48.1,19.96924487,22.9,68.3,19.4,21.8,10
1468,3,48,2,155.2,59.4,24.66056435,33.8,86,24.6,23,10
1469,3,48,2,159,58.8,23.25857363,28,76.5,27.8,20.7,10
1470,3,48,2,164.9,66,24.27183573,26,88.7,20.6,23.6,10
1471,3,48,2,149.9,58.2,25.90119008,37.9,83.5,21.2,21.5,10
1472,3,48,2,152.8,55.4,23.72810504,31.8,77.9,22.8,25,10
1473,3,48,2,163.8,59,21.98994873,32.6,84,20.8,18,10
1474,3,48,2,163,61,22.95908766,35.8,85.8,28.1,27.2,10
1475,3,49,1,167.2,70.8,25.32565646,23.5,85.6,44.1,41.6,10
1476,3,49,1,176.7,77.4,24.78950539,28.2,96,41.9,41.9,10
1477,3,49,1,177,80,25.53544639,25.9,85,41,40.4,10
1478,3,49,1,170.1,73.1,25.2643861,24.6,92.1,46,45.5,10
1479,3,49,1,166.5,69.2,24.96189884,17.1,81.6,42.1,41,10
1480,3,49,2,158,51.8,20.74987983,25.6,81,27.2,24.4,10
1481,3,49,2,154.4,49.3,20.68008537,23.9,75,27.9,26.5,10
1482,3,49,2,160.1,72.8,28.40198642,37.6,88,28.2,31.2,10
1483,3,49,2,153,53.9,23.02533214,29.9,72.5,27.6,24.3,10
1484,3,49,2,150.2,57.1,25.31023881,39.2,89,19.6,18.1,10
1485,3,49,2,154,40.7,17.16141002,17.5,68.7,23.3,22.5,10
1486,3,49,2,154.1,40.5,17.05492232,17.2,70,19.6,19.3,10
1487,3,50,1,165.6,69.9,25.5,37.9,85.5,17.3,13.9,11
1488,3,50,1,170.8,71.1,24.37215144,20.7,82.9,49.5,47.6,11
1489,3,50,1,170.8,71.1,24.4,20.7,82.9,49.5,47.6,11
1490,3,50,1,171,73,24.96494648,24.6,80.5,43.6,45.1,11
1491,3,50,1,175.1,87,28.3757246,22.3,88.4,42.3,43.6,11
1492,3,50,1,178,74,23.4,24.1,77,49.6,52.9,11
1493,3,50,1,182.2,75.8,22.8,19.8,73.5,55.3,58.8,11
1494,3,50,1,175,66,21.6,28.5,76.5,34.6,38.8,11
1495,3,50,1,180.1,73,22.50585075,26.5,91.5,44.8,40.7,11
1496,3,50,1,169.3,71.6,24.98038377,22.2,85.8,45.7,40.5,11
1497,3,50,2,160,76.3,29.8046875,40.4,95.6,24.6,27.9,11
1498,3,50,2,165.8,66.8,24.30006359,32.7,97,30,27.4,11
1499,3,50,2,160.4,66.8,25.96376888,32.7,89.3,26.1,24.1,11
1500,3,50,2,146,50.3,23.5972978,31.3,77,25.6,22.3,11
1501,3,50,2,160,60.3,23.5546875,35.2,80.5,28.4,26.8,11
1502,3,50,2,165.8,64,23.28149805,39.6,89,27.2,23.2,11
1503,3,50,2,163,70.3,26.45940758,34.4,86,22.8,19.4,11
1504,3,50,2,151.5,70.9,30.89021773,40.4,90,25.7,24.3,11
1505,3,50,2,153.6,47.4,20.09073893,25.1,66,25.9,27.3,11
1506,3,50,2,158,51.5,20.62970678,23.3,80,21.9,20.6,11
1507,3,50,2,149.3,56.2,25.2125458,36.6,82.6,19.1,15.3,11
1508,3,50,2,166.1,55.3,20.04406795,19.5,76,30.2,28.3,11
1509,3,50,2,150.1,52.3,23.21348282,38,89,22.1,17.9,11
1510,3,51,1,164,60,22.3,26.5,74.6,40.3,37.1,11
1511,3,51,1,165,66.2,24.3,29.3,67.5,49.7,45.2,11
1512,3,51,1,167,76,27.3,29,77.5,43.7,43.8,11
1513,3,51,1,184,81.1,23.95439509,21.3,89.7,52.6,40.2,11
1514,3,51,1,167.6,60.2,21.43129738,20.7,81,35.7,33,11
1515,3,51,1,185.5,84.8,24.6,27.1,98,48,45,11
1516,3,51,1,170,71.2,24.6,27.6,72,37,37.5,11
1517,3,51,1,168.2,68.7,24.28313499,27.5,83,34.3,29.6,11
1518,3,51,1,173,85,28.40054796,41.4,96.8,36.3,34.2,11
1519,3,51,1,185.5,84.8,24.64381979,27.1,85,48,45,11
1520,3,51,2,157.4,69.9,28.21419864,36.3,84,22.3,19,11
1521,3,51,2,154.9,57.6,24.0059915,34.4,78.9,25.4,22.8,11
1522,3,51,2,152.9,63.3,27.07626395,32.9,87,30.6,26.4,11
1523,3,51,2,157.3,51.6,20.85413864,32.9,77.3,25.5,23.4,11
1524,3,51,2,166.2,59.6,21.57666014,28.8,81.9,29.9,28.7,11
1525,3,51,2,148.7,52.7,23.83354687,30.6,72.9,17.5,17.7,11
1526,3,51,2,155.6,59.5,24.57524071,34.9,80.3,25.1,22.7,11
1527,3,51,2,154,72.1,30.40141677,37.9,90,23.6,20.4,11
1528,3,51,2,154,67.2,28.33530106,41.1,84,25.5,21.6,11
1529,3,52,1,176,73,23.6,34.4,81.5,52.5,49,11
1530,3,52,1,170.5,73.9,25.4,23.9,93,42.5,36.8,11
1531,3,52,1,178,76,24,24.2,82.5,45.5,44,11
1532,3,52,1,163.2,63.2,23.72885429,22.2,74,39,38.2,11
1533,3,52,1,166.8,70.8,25.44726808,20.7,81,45.7,39.4,11
1534,3,52,1,167.5,66.6,23.7,17.6,78,48.8,45.3,11
1535,3,52,1,172,60.8,20.6,17.7,79.5,38.7,38.6,11
1536,3,52,1,172.1,67.5,22.8,25.7,81.1,37.4,35.6,11
1537,3,52,1,163.9,69,25.7,34.1,76,38,26.5,11
1538,3,52,1,170.5,73.9,25.4,23.9,93,42.5,36.8,11
1539,3,52,1,166.8,70.8,25.4,20.7,80.5,45.7,39.4,11
1540,3,52,1,178.2,66.2,20.8,14.1,77.3,46.1,43.8,11
1541,3,52,1,162.7,66.5,25.1,23.7,78,38.5,34.4,11
1542,3,52,1,172.1,67.5,22.78987967,25.7,81.1,37.4,35.6,11
1543,3,52,2,164.9,55.5,20.41040732,26.9,78.1,31.1,26.9,11
1544,3,52,2,158.3,57.1,22.78632453,34.3,79,24,22,11
1545,3,52,2,165,65,23.87511478,38,94.753951,27.5,24.1,11
1546,3,52,2,156.1,57.9,23.76144007,34,72,23.4,22.1,11
1547,3,52,2,167.9,70.6,25.04397772,25.9,85,28.1,26.6,11
1548,3,52,2,156.5,54,22.04779063,36,82.5,17.2,13.1,11
1549,3,53,1,166.3,69.4,25.09429343,21.1,83.2,43.3,33.7,11
1550,3,53,1,170.1,65.1,22.4994738,21.1,82.5,41.7,42.9,11
1551,3,53,1,166.6,59.4,21.40111747,21.2,77,40.6,31.5,11
1552,3,53,1,172,72,24.33747972,22.6,91,27,35.8,11
1553,3,53,1,165.8,67.7,24.62745965,23.2,86,37.2,35.3,11
1554,3,53,1,164.3,78.6,29.11705315,35.7,88,28.9,22.7,11
1555,3,53,1,166.1,70.5,25.55346819,29.3,90,36.4,33.7,11
1556,3,53,1,172,76.8,25.95997837,24.9,91.5,46.9,46.3,11
1557,3,53,2,160.5,57.2,22.20475345,35.2,83.4,22.3,22.2,11
1558,3,53,2,170.2,72.5,25.02758212,41.7,98.6,21,19.9,11
1559,3,53,2,150.2,46.8,20.74464407,21.9,71.9,24.5,26.6,11
1560,3,53,2,158.1,60.6,24.3,35.7,79.6,25.4,26.8,11
1561,3,53,2,154.6,51.2,21.42155444,26.2,73.9,29.3,25.9,11
1562,3,53,2,152.5,53.2,22.87557108,33,78,16.5,18,11
1563,3,53,2,156.9,53.3,21.6511676,33.9,82,26.4,25.8,11
1564,3,53,2,159.2,50.6,19.96477362,24.3,73.5,25.6,22.8,11
1565,3,53,2,153.4,49.9,21.20556393,27.5,71,24.6,26.7,11
1566,3,53,2,151.4,51.9,22.64204283,33.4,76.6,23.3,23.5,11
1567,3,53,2,155,55,22.9,28.2,74,25.3,23.5,11
1568,3,53,2,159.5,54.7,21.50136103,29.2,76,20,19,11
1569,3,53,2,144.5,44.8,21.4556818,27.1,70.9,26.1,22.6,11
1570,3,54,1,169.6,77,26.76942417,27.7,84.3,45.4,43.9,11
1571,3,54,1,170,65,22.49134948,21.7,73,41,39.9,11
1572,3,54,1,178.3,69.4,21.83015323,18.1,79,45,45.7,11
1573,3,54,1,168.9,78.1,27.37737059,23.1,86,47.6,45.6,11
1574,3,54,1,169,70.8,24.789048,21.1,94,40,32.2,11
1575,3,54,1,178.7,66.5,20.82440207,7.8,70.8,49.6,48.4,11
1576,3,54,2,159.5,48.2,18.94635469,16.4,65.5,25.7,25.6,11
1577,3,54,2,154,67.1,28.29313544,43.2,92.2,19.7,17.6,11
1578,3,54,2,154,54.4,22.93810086,33.4,80,27.8,23,11
1579,3,54,2,153.2,63,26.84250353,40.9,95,26,26,11
1580,3,54,2,159.4,57.2,22.5,33.2,77.5,19.2,17.7,11
1581,3,54,2,160.2,54.5,21.23593947,28.5,74.2,20.7,23.2,11
1582,3,54,2,156.4,56.5,23.09803049,31.1,73.5,22.9,22.2,11
1583,3,55,1,168.3,60.2,21.3,20.1,74.5,25.2,29.2,12
1584,3,55,1,166,69.6,25.3,28,85.1,33.9,31.6,12
1585,3,55,1,168.8,67.2,23.6,27.5,88.9,35.2,34.1,12
1586,3,55,1,164.1,71.4,26.5,21.2,86.5,41.8,39.7,12
1587,3,55,1,172.2,68.8,23.2,24,78.5,45,40,12
1588,3,55,1,171.3,65.1,22.2,19.3,77,37,36.1,12
1589,3,55,1,151.2,51.9,22.7,20.7,67.5,30.9,30,12
1590,3,55,1,173.5,76.2,25.3,29.3,84.5,43,42.5,12
1591,3,55,1,171,63.5,21.71608358,19,79.3,35.9,35,12
1592,3,55,1,171,84,28.7,28,84.9,43,42,12
1593,3,55,1,174.3,74.6,24.55523265,22.1,85.1,38.6,37.5,12
1594,3,55,1,170.1,68.7,23.8,21.6,84.2,43.7,42.6,12
1595,3,55,1,168,85,30.11621315,40,95,30,28,12
1596,3,55,1,166,69.6,25.3,28,89.2,33.9,31.6,12
1597,3,55,2,157.3,58.8,23.76401845,31.8,82,21.4,18.7,12
1598,3,55,2,152.9,54.4,23.26933269,31.7,83.5,21.9,24.4,12
1599,3,55,2,154.1,68,28.63542514,44.1,86,18.6,15.1,12
1600,3,55,2,153.5,67,28.43531496,38.8,88.4,21.8,20.4,12
1601,3,55,2,157.9,68.6,27.5143879,44.1,91,20.4,18.6,12
1602,3,55,2,154.2,43.5,18.29449853,32.1,69.7,19.2,21,12
1603,3,55,2,160.1,78.7,30.70379576,43.7,93,25.4,21.4,12
1604,3,55,2,156,58.1,23.87409599,25.1,78,27.3,24.7,12
1605,3,55,2,155.3,75.5,31.30430312,45.1,101.6,24.6,22.9,12
1606,3,55,2,155.2,53.9,22.37717877,35,77.8,18.3,17.3,12
1607,3,55,2,155.2,59.5,24.70208045,36.3,88.7,25.4,22.3,12
1608,3,56,1,176.1,76.7,24.7,22.5,84.3,45.7,43,12
1609,3,56,1,180.3,78.3,24.1,18.8,83.3,45.1,35.8,12
1610,3,56,1,175.7,71.6,23.2,22.1,79,46.1,46,12
1611,3,56,1,173,75,25.1,27.4,78.5,35.9,34.9,12
1612,3,56,1,168.4,80.6,28.4,26.6,88,39,41.6,12
1613,3,56,1,175,108,35.3,32.3,102,51.5,50.9,12
1614,3,56,1,175,108,35.26530612,32.3,101.5,50.9,51.5,12
1615,3,56,1,165,83,30.5,32,88,34,33,12
1616,3,56,1,170,65.8,22.8,26.4,82.2,40,40,12
1617,3,56,1,176.1,76.7,24.73299171,22.5,84.3,45.7,43,12
1618,3,56,1,177.5,93.4,29.64491172,19.5,93.3,55.9,53.8,12
1619,3,56,1,169.2,67.1,23.43806761,22,84,41.5,40.5,12
1620,3,56,1,172,69,23.3,22.2,79.4,44.4,35.9,12
1621,3,56,2,156.5,85,34.70485562,34,83,21.6,17.5,12
1622,3,56,2,149.6,51.64,23.07400841,30,72.1,15.7,17.7,12
1623,3,56,2,150.1,57.4,25.47713028,38.7,78,19.8,18.2,12
1624,3,56,2,150.3,57.7,25.54217358,33.5,87.3,22.2,20.6,12
1625,3,56,2,157.1,63.7,25.809944,35.7,89.7,20.4,20,12
1626,3,56,2,156.8,60,24.40389421,34.4,81.7,29,25.5,12
1627,3,56,2,156.2,56.1,22.99327334,34.7,77,25.8,20.4,12
1628,3,56,2,162.8,61.7,23.3,36,82.6,16.4,15,12
1629,3,56,2,156.9,49.8,20.3,21.1,72,28.3,27,12
1630,3,56,2,155,58.4,24.30801249,35,87.2,25.1,22.5,12
1631,3,56,2,154.4,60.9,25.54598781,36.5,85.5,25.9,21.4,12
1632,3,56,2,162,53,20.19509221,24.6,74,21.2,20.7,12
1633,3,56,2,159.8,64.5,25.25841908,30.3,82,30.1,28.7,12
1634,3,57,1,171.8,77.7,26.3,19.6,86.4,44.1,48.6,12
1635,3,57,1,180.7,85.4,26.2,18.6,87.2,45.7,38.4,12
1636,3,57,1,173.6,84.5,28,26.3,92.4,42.7,40.7,12
1637,3,57,1,159,63.2,25,27.3,78,24.8,24.5,12
1638,3,57,1,159,55.1,21.8,26.8,76.5,28.4,24.2,12
1639,3,57,1,173,82,27.4,27.4,93.3,40,41,12
1640,3,57,1,180.7,85.4,26.15420754,18.6,87.2,45.7,38.4,12
1641,3,57,1,165.3,63.6,23.276164,13.4,75,43.8,41.9,12
1642,3,57,1,165.3,63.5,23.3,13.4,75,43.8,41.9,12
1643,3,57,1,171.8,77.7,26.32538309,19.6,86.4,44.1,48.6,12
1644,3,57,2,157,54.6,22.2,28.3,79.4,24,23.3,12
1645,3,57,2,163.2,53.3,20.01183439,24.9,77.9,23.6,24.7,12
1646,3,57,2,149.2,47.6,21.38303301,35,75,22.1,21.8,12
1647,3,57,2,156.3,52.1,21.32650885,34.1,77,16.7,15.6,12
1648,3,57,2,152.4,52,22.4,33.7,76,23.3,20.1,12
1649,3,58,1,176.5,86.9,27.89525636,21.5,90.8,42.7,40.5,12
1650,3,58,1,177.1,68.8,21.9,17.2,78.4,37.4,32.4,12
1651,3,58,1,167.4,69.4,24.7655834,24.7,85.1,33.8,31.8,12
1652,3,58,1,167.2,81,29,32.7,105,32.4,28.4,12
1653,3,58,1,165.2,59.4,21.8,23.5,76.5,39.8,39.1,12
1654,3,58,1,166.1,71.2,25.80719056,27.7,90,34.8,32.2,12
1655,3,58,1,169.7,85.4,29.65474446,31.7,108,39.7,39.2,12
1656,3,58,2,162.7,67.7,25.57487754,37.7,87.1,16.6,13.7,12
1657,3,58,2,150.2,47.9,21.23223186,30.3,78,21.7,18.1,12
1658,3,58,2,155.4,55,22.7751193,31.2,79,19.8,18.9,12
1659,3,58,2,160.1,68.4,26.68538285,39.2,89,24.4,21.3,12
1660,3,58,2,159.6,51.4,20.17889335,21.9,75,28.4,23.8,12
1661,3,58,2,148.1,47.3,21.56507752,33.9,81,14.4,13.5,12
1662,3,58,2,157.6,55.8,22.46579402,35.3,79,29.6,27.2,12
1663,3,58,2,143.8,54.4,26.3075938,39.8,82,21.8,19.3,12
1664,3,58,2,151.8,57.3,24.86629484,38.6,86,20.7,19.5,12
1665,3,58,2,155.1,52.8,21.94877704,36.2,72.3,23.4,20.6,12
1666,3,58,2,157.5,57.2,23.05870496,28.7,75,23,22.3,12
1667,3,58,2,162.1,63.5,24.16616273,32.2,80,24.1,20,12
1668,3,58,2,155.8,58.5,24.10021736,37.3,91,30,30,12
1669,3,58,2,152.1,58,25.07087927,33.7,85,25.6,22.9,12
1670,3,58,2,158,60.7,24.31501362,31,81,29.3,25.2,12
1671,3,59,1,166.2,64.8,23.45918753,20.9,85,42.7,37.1,12
1672,3,59,1,167,66.2,23.73695722,29.8,87.1,37,34,12
1673,3,59,1,170.5,69.5,23.90760313,18.2,79.9,37,36.6,12
1674,3,59,1,165.1,64.1,23.51602336,19.8,83.5,29.5,27.9,12
1675,3,59,2,156.5,58,23.6809603,33.1,85,28.7,27.7,12
1676,3,59,2,156.3,62.5,25.58362386,38.1,85.7,19.4,18.2,12
1677,3,59,2,158,63.3,25.35651338,38.3,91,23,21.7,12
1678,3,59,2,156.7,54.1,22.03227137,37.6,89,21.8,21.5,12
1679,3,60,1,169.8,60.9,21.12233474,19.6,87.7,41,45.8,13
1680,3,60,1,177.5,98.1,31.13667923,36.8,99.9,48.1,45.5,13
1681,3,60,1,168.5,63.1,22.22437461,19.2,79,36.5,37.4,13
1682,3,60,1,166,66.9,24.27783423,24.1,89,35,26.8,13
1683,3,60,1,158.9,59.3,23.5,16.1,76,35.6,32.1,13
1684,3,60,1,168.3,64.7,22.84210106,27.5,81.6,41.3,34.8,13
1685,3,60,1,170.9,70.5,24.13820612,19.2,81.1,41.3,34.3,13
1686,3,60,1,163.9,70.2,26.13239445,25.4,84,42.5,40.9,13
1687,3,60,2,156.7,64.7,26.34913046,36.3,87.7,25,26.4,13
1688,3,60,2,149.9,63.6,28.30439328,31.8,90.5,22.8,22,13
1689,3,60,2,156.1,59.9,24.5822152,29.8,82,27.3,27,13
1690,3,60,2,152.5,59.1,25.41252352,35.8,85,26.5,24.6,13
1691,3,60,2,151.2,66.8,29.21950673,46.7,95,22,22,13
1692,3,60,2,157.5,61.8,24.91307634,36.7,83.7,27.2,23.6,13
1693,3,60,2,154.3,54.8,23,29,75,25.3,23.1,13
1694,3,61,1,178.4,81,25.45044139,24.9,93,48.8,40.9,13
1695,3,61,1,174.3,61.2,20.14450721,13.9,78,40.7,33.4,13
1696,3,61,1,174.9,78,25.5,25.9,98,41.2,38.2,13
1697,3,61,1,169.3,64.4,22.5,17.7,76.4,32.7,32.6,13
1698,3,61,1,163,74.1,27.88964583,33.6,93,37.2,34.8,13
1699,3,61,1,162.4,55.6,21.08155985,22.6,80.5,36.7,34.4,13
1700,3,61,1,179.7,79.3,24.55709742,19.8,84.8,33.6,33.2,13
1701,3,61,1,162.7,55.2,20.8527805,9.4,72,26.1,25.8,13
1702,3,61,1,165.7,65.54,23.87049474,23.7,89.3,30.2,29.2,13
1703,3,61,2,159.5,62.1,24.41013748,33.8,88.2,34.5,32.7,13
1704,3,61,2,161,51.7,19.94521816,26.4,71.6,24,22.9,13
1705,3,61,2,155,50.4,20.97814776,25,80,21,18.5,13
1706,3,61,2,150.5,56,24.72378892,34.9,79.7,27.2,28,13
1707,3,61,2,160.1,51.8,20.20910572,30,72,16.4,12.5,13
1708,3,61,2,159.9,54.1,21.1592533,33.7,72,22.9,21.8,13
1709,3,61,2,159,59.7,23.61457221,33.1,83,28.8,25.5,13
1710,3,62,1,167.1,62.9,22.5,20.5,72.3,32.6,30.8,13
1711,3,62,1,167,75,26.9,25.5,87.4,30.3,30.4,13
1712,3,62,2,159.8,53.5,20.95078172,23.6,73.3,22.3,28.3,13
1713,3,62,2,164,55.5,20.63503867,32.7,75,19.9,23.7,13
1714,3,62,2,149,44.6,20.08918517,26.4,72.8,20.5,20.1,13
1715,3,62,2,149.3,55.3,24.80878617,36.7,79,21,19.4,13
1716,3,62,2,156.2,54.7,22.41946616,33.4,80,19.9,18.4,13
1717,3,62,2,152.1,68.9,29.78247554,46.2,93.7,24.4,22.6,13
1718,3,62,2,151.8,54.7,23.73798129,36,76,19.4,16.3,13
1719,3,62,2,153.8,52.6,22.2368401,22.5,76,23.6,20.1,13
1720,3,63,1,167.7,71.2,25.31709483,22.8,84.5,32.3,37.3,13
1721,3,63,1,169.6,65.3,22.70186232,20,82,42.3,45.1,13
1722,3,63,1,170.4,57.4,19.76845423,20.8,76.3,30.2,23.2,13
1723,3,63,1,164.7,63.1,23.26173805,25.8,80.5,36.6,35.6,13
1724,3,63,2,157.9,62.4,25.02766479,36.7,88.6,15.5,16.3,13
1725,3,63,2,163.1,59.7,22.44225068,32.7,79,33.5,30.6,13
1726,3,63,2,156.5,53.8,21.96613214,28.7,80.5,22.1,20.1,13
1727,3,64,1,176.8,81.3,26.00914191,29.3,95.3,26.7,23.4,13
1728,3,64,1,168.5,72.5,25.53513723,26.7,87.8,32.5,33.7,13
1729,3,64,1,159.9,52.5,20.53347132,21,78,34.1,29.7,13
1730,3,64,1,164.4,83.1,30.7466212,37.8,98.1,50,48.7,13
1731,3,64,1,167,66.2,23.73695722,22.8,84.7,38.1,38,13
1732,3,64,1,155.4,58.7,24.30726369,26.8,84.6,34,29.1,13
1733,3,64,1,173.7,63.7,21.11250646,19.1,79,38.4,34.5,13
1734,3,64,2,148.5,52.8,23.94313505,30.1,79.5,23.1,25.8,13
1735,3,64,2,154.3,45.3,19.02682614,31.2,71,14.5,11.9,13
1736,3,64,2,159.2,55.1,21.74029696,32.1,85.7,22.5,22.5,13
1737,3,64,2,145.3,60.3,28.56183353,43.7,85.7,23.5,20.4,13
1738,3,64,2,152,53.6,23.19944598,28.9,78,26.2,24.2,13
1739,4,19,1,165.6,55.3,20.16528974,18.1,75,32.5,32.4,4
1740,4,19,1,178,67.5,21.30412827,19.5,80.2,42.5,31.5,4
1741,4,19,1,187.6,75.7,21.50949486,11.2,77.9,51.8,49.3,4
1742,4,19,1,164.5,63.4,23.42919966,31.2,86.4,39.6,36.3,4
1743,4,19,1,178,70.6,22.28254008,13.7,75.3,40.6,39.7,4
1744,4,19,2,164.4,55.7,20.6087461,22,69.8,32.7,30.5,4
1745,4,19,2,152,50.7,21.94425208,29.4,73.9,25.4,14.6,4
1746,4,19,2,163.3,56.3,21.11232318,31.7,77.3,22,20.8,4
1747,4,19,2,162.7,53.9,20.36168241,26.9,77.1,29.2,28.9,4
1748,4,19,2,158,61.9,24.79570582,34,84.3,27.9,24.1,4
1749,4,19,2,159,56.2,22.2301333,29.7,73.9,24.5,24,4
1750,4,20,1,172.8,74,24.78245027,26.3,89.2,49.3,47,5
1751,4,20,2,159.8,56,21.92979021,30.6,76.7,24.1,22.3,5
1752,4,20,2,156.7,54.2,22.07299646,34.4,77.4,27.3,19.6,5
1753,4,20,2,160.6,54.1,20.97520351,28.7,67.8,29.8,23.5,5
1754,4,20,2,167.7,49.4,17.56551243,29.8,65.3,23.1,20,5
1755,4,21,1,169.3,62.7,21.8752802,19.6,80.4,44.6,38,5
1756,4,22,1,183.6,76.5,22.69426289,15.5,83.3,51.8,50.4,5
1757,4,23,1,173.6,60.4,20.04183567,10.3,70.9,46.8,41.1,5
1758,4,23,1,178.9,78.9,24.65223631,17.7,83.4,59.8,59,5
1759,4,25,1,173.3,59.9,19.94480052,17.1,77.2,37.5,36.5,6
1760,4,25,1,169.6,61.6,21.41553934,28.3,83.8,36.4,33.3,6
1761,4,25,1,180,74.4,22.96296296,17.6,86.8,54.2,52.2,6
1762,4,25,1,182,76,22.94408888,25,80.4,30.1,30.1,6
1763,4,25,1,170,62,21.4532872,15,88.8,29.9,37.2,6
1764,4,25,1,173.1,67,22.36045657,18.4,79.5,47.9,41.9,6
1765,4,25,2,167,58,20.79672989,20.1,89.4,14.8,12.1,6
1766,4,25,2,156.3,63.2,25.9,45,86.3,23.7,19.1,6
1767,4,26,1,181.1,93,28.35607053,33.6,104.2,38.3,34.7,6
1768,4,26,1,173.1,83.4,27.83376235,20.3,88.7,48,57.4,6
1769,4,26,2,163.4,54.3,20.3374138,23.2,74.8,27.5,30.4,6
1770,4,26,2,163,52.6,19.79750837,24.1,72.5,25.9,23.5,6
1771,4,26,2,171,67,22.91303307,19.8,79.3,19.4,27.4,6
1772,4,26,2,160,51,19.921875,21.1,89.9,27.1,20.8,6
1773,4,27,2,155.5,78.6,32.50586739,44.1,101.5,26.2,25.4,6
1774,4,27,2,172,64.1,21.66711736,26.8,75,29.1,27.4,6
1775,4,28,1,168.9,76.1,26.67628555,21.3,86.3,50.8,50.3,6
1776,4,29,2,160,92.4,36.09375,49,102,28.5,24.9,6
1777,4,30,1,167.4,74,26.40710622,27.9,93,43.2,38.4,7
1778,4,30,1,165,65,23.87511478,27.8,88.3,29,34.2,7
1779,4,30,1,169.8,101.6,35.23857486,37.1,112.5,57.5,54.9,7
1780,4,30,1,179.4,107.4,33.37024567,41,116.9,37.6,34,7
1781,4,30,2,170.1,79.2,27.37263172,36.9,85.7,39.7,33.8,7
1782,4,30,2,165,60,22.03856749,23.8,87,29.7,20.1,7
1783,4,30,2,156.8,69.1,28.1051515,37,91.1,37.2,30.7,7
1784,4,30,2,157,42,17.0392308,23,70.1,20,19.7,7
1785,4,31,2,160,58.5,22.8515625,29.1,79.8,30.5,27.4,7
1786,4,32,1,168.4,71.4,25.1,24.1,87.2,45.6,42.4,7
1787,4,32,1,177.5,82.6,26.21702043,22.6,95.8,50.6,48.9,7
1788,4,32,2,152.9,42.2,18.1,23.9,64.3,20.7,20.4,7
1789,4,32,2,149.7,58.9,26.28280386,41.9,85.4,17.5,20.5,7
1790,4,32,2,165.5,58.8,21.46749299,27.5,78.4,33.3,30.45,7
1791,4,33,1,178.3,77.4,24.3,16.2,83.3,50.4,57.9,7
1792,4,33,1,191.3,87.6,23.9,20.9,92.2,45.3,46.4,7
1793,4,34,1,176.3,83.6,26.9,24.4,96,44.6,44.1,7
1794,4,34,2,158.3,62.1,24.78162441,31.7,85.6,25.3,22.6,7
1795,4,35,1,173.2,66.4,22.1,18.2,77.7,48,43.1,8
1796,4,35,1,175.7,73.3,23.7,15.9,80.3,39.9,43.5,8
1797,4,35,1,175.4,65.3,21.2,9,75.6,52.7,49.1,8
1798,4,35,2,153.5,55.2,23.42730427,32.3,79.1,24.5,21,8
1799,4,35,2,165,61.6,22.62626263,31.5,81.5,20.5,15.9,8
1800,4,36,1,176,73,23.56663223,24.3,91,41,40.3,8
1801,4,36,1,178,69,21.77755334,21.3,87.6,43.1,42.7,8
1802,4,36,2,155.3,56.72,23.51761686,33.9,83.4,24.2,24.1,8
1803,4,36,2,159.8,46.8,23.5,23.2,70.6,17.5,22.1,8
1804,4,36,2,175.5,61.4,19.9,22.5,77.4,33.8,31.9,8
1805,4,36,2,162.5,58.24,22.05538462,26.4,75.1,24.8,23.4,8
1806,4,37,1,165,72.8,26.74012856,25.8,84.9,45.3,38.6,8
1807,4,38,1,184.9,83.2,24.33601722,16.8,89.9,45.5,41.9,8
1808,4,38,2,160,54,21.09375,30.99,76.1,23.7,20.3,8
1809,4,38,2,160.9,52.2,23.5,31.6,69.2,19.5,21.4,8
1810,4,39,1,177.3,64.9,20.6,13.7,75.1,45.7,43.9,8
1811,4,39,1,167.6,78.4,27.91052683,23,85.4,44.2,43.1,8
1812,4,39,2,166.3,60.1,21.73151348,32.7,85.2,27,23.4,8
1813,4,40,2,159.3,55.8,21.98885661,27.1,80.2,28.6,28.3,9
1814,4,41,1,178,103,32.50852165,20,124.9,60,58,9
1815,4,41,1,164.7,68.1,25.10498196,22.7,84.2,42.7,39.9,9
1816,4,41,2,156.5,51.8,21.14954731,28.9,74.9,34.5,26.7,9
1817,4,41,2,162.7,58.8,22.21274445,27.7,76.1,28.4,25.4,9
1818,4,42,1,177.2,81,25.79630979,24,91.7,46,38.1,9
1819,4,42,2,162.5,55.06,20.85112426,26.3,79.3,34.2,30.3,9
1820,4,42,2,163.7,68.5,25.6,34.2,82,29.2,28.4,9
1821,4,42,2,167.6,68.2,24.27931033,31.72,84.1,19.8,19.6,9
1822,4,42,2,158.8,67.7,26.84649988,40.8,91.2,26.3,22.5,9
1823,4,43,1,169.2,70.4,24.59075946,16.3,77.8,49.6,46.5,9
1824,4,43,1,171.4,81.9,27.87804191,27.98,92.8,47.8,46.7,9
1825,4,43,1,181,74.7,22.80150179,16.6,82.9,44.3,37.5,9
1826,4,43,2,158.2,50.04,20,23.1,71.5,18.5,20.5,9
1827,4,44,1,166.8,66.46,23.9,18.7,81.4,41.9,38.7,9
1828,4,44,1,163.5,61.1,22.85628782,19.3,74.3,42.8,40,9
1829,4,44,1,175,77,25.14285714,20,85.3,51.2,49.3,9
1830,4,44,2,159.6,45.7,17.94115615,23.7,67.9,27.7,27.7,9
1831,4,45,2,169,54.5,19.08196492,26.9,75.6,25.2,24.2,10
1832,4,45,2,160.1,54.6,21.30148982,20.9,70.4,29.7,29,10
1833,4,46,2,163.5,61.4,22.96851182,32.8,86,24.8,22.1,10
1834,4,46,2,161.5,53.6,20.5503743,20.8,69.8,28.4,27,10
1835,4,47,1,172,78,26.36560303,19.7,85.7,37.5,35.6,10
1836,4,47,1,174.5,80.5,26.4,14.82,85.2,47.5,50.4,10
1837,4,47,1,173.9,88.8,29.4,31.45,98.5,46,45,10
1838,4,47,1,165.8,76.3,27.8,25.45,90.4,44.8,46.3,10
1839,4,47,1,183.2,78.5,23.4,22.45,96.1,44.7,45.1,10
1840,4,48,1,171.3,63.5,21.64008685,24.9,81.1,31.7,15.3,10
1841,4,48,1,173,70,23.38868656,30.8,84.5,40.1,38.8,10
1842,4,48,1,163.8,58.8,21.9,20.36,79.7,34.1,38.5,10
1843,4,48,2,164,58.8,21.86198691,32.4,81.6,27.6,26.8,10
1844,4,48,2,155.7,59.2,24.41993376,34.5,85.5,26.5,26.1,10
1845,4,48,2,155.7,59.2,24.41993376,34.51,85.5,26.5,26.1,10
1846,4,49,1,173.3,87.1,29.00153798,27.1,95.7,42,39.6,10
1847,4,49,1,171.6,77.6,26.35282356,31,92.6,38.6,36.6,10
1848,4,49,2,157,55.9,22.6784048,30.5,76.4,22.9,22.5,10
1849,4,49,2,162.8,54,20.37440612,28.1,76.2,27.1,25.4,10
1850,4,49,2,155,66.8,27.80437045,39.9,89.4,28.7,26,10
1851,4,50,1,167.6,75.1,26.7,18.82,80.9,46.4,47.9,11
1852,4,50,1,171.8,81.2,27.51121116,23.2,94.4,40.2,35.6,11
1853,4,50,2,152.8,52.2,22.35752858,27.5,74.3,24,22.2,11
1854,4,50,2,152.8,52.2,22.35752858,27.56,74.3,22.2,24,11
1855,4,50,2,155.6,49.7,20.52755401,23.4,72.1,28.6,28.2,11
1856,4,50,2,146.9,63.3,29.3332456,38.3,86,23.6,22.3,11
1857,4,50,2,161.4,58.2,22.34168498,29.3,76.6,30.6,28.3,11
1858,4,50,2,156.4,63.3,25.87797045,39.66,87.2,24.6,22.4,11
1859,4,51,1,172.8,82.3,27.6,26.39,90.5,35.3,35.2,11
1860,4,51,1,172.3,84.02,28.30167388,25.8,99.7,48.2,46.7,11
1861,4,51,1,178.5,62.8,19.7,8.84,73.6,40.5,38.9,11
1862,4,51,2,160,56,21.875,27,79.8,17.3,19.1,11
1863,4,52,1,178,71,22.40878677,20.7,89.8,38.7,28.7,11
1864,4,52,1,167.3,58.4,20.9,23.56,78.7,35.5,40.4,11
1865,4,52,1,163.4,69.9,26.2,32.26,91.9,39.3,40.3,11
1866,4,52,2,156.5,58.4,23.84427727,35.2,84.8,33.5,27.8,11
1867,4,53,1,172,96.1,32.48377501,30.3,96.4,51.4,40.9,11
1868,4,53,1,166.7,74.8,26.9,27.5,96.5,43,41,11
1869,4,54,2,159.2,60,23.6736446,34.4,81.3,28.6,25.5,11
1870,4,54,2,163,68,25.59373706,34.2,94,11.4,14.5,11
1871,4,55,1,167.5,77.2,27.51615059,29.6,93,38.6,29.8,12
1872,4,55,1,162.4,65.2,24.72154141,22.5,82.1,33.5,26.2,12
1873,4,55,2,150.8,46.4,24,29.11,74.1,20.1,20.3,12
1874,4,56,1,171.2,72.8,24.83841384,24.5,87.6,40.2,39.6,12
1875,4,56,1,176.1,79.4,25.6,20.6,86,42.1,41.5,12
1876,4,56,1,168,73,25.86451247,21,86.4,39.8,34.4,12
1877,4,56,2,169.2,63,22.00593532,37.8,87.3,17.4,15.9,12
1878,4,56,2,158.9,63.1,24.9908809,34.7,84.9,23.3,22.8,12
1879,4,57,1,166.7,78.6,24.7,32.2,100.4,32,37.6,12
1880,4,57,1,169.8,62.9,21.81600747,25.4,82.6,33.5,38.4,12
1881,4,57,2,159,50.66,20.03876429,26.5,76,26.6,25.5,12
1882,4,57,2,154.4,48.8,20.4703482,33.9,80,21.2,18.4,12
1883,4,57,2,157.4,59.6,24.05674162,29.6,81.1,27.9,27,12
1884,4,58,1,169.2,92,32.13565157,28.2,96,59.4,56,12
1885,4,58,2,153.2,51,21.72964571,25.8,72.9,29.2,29.1,12
1886,4,58,2,163.4,46.8,17.52837874,22.6,69.7,22.3,20.5,12
1887,4,59,1,173,70,23.38868656,19.8,91.7,27.1,41.8,12
1888,4,59,1,170,68.9,24.7,21.6,88.2,38.5,38,12
1889,4,59,2,153,54.1,23.11076936,31.8,80.2,25.8,24.2,12
1890,4,59,2,145.2,49.32,23.39321085,40.2,79.8,19.7,18.9,12
1891,4,60,2,151.3,47.8,20.88093976,23,69.8,21.3,19.4,13
1892,4,61,1,168.1,58.4,20.7,16.15366,75.8,35.4,32.1,13
1893,4,61,1,171.5,69.8,23.73160843,22.3,84.3,40.6,36.1,13
1894,4,61,2,159.5,56,22.0123623,30.65,81.5,28.1,25.3,13
1895,4,62,1,155,61.2,25.5,24.18394,82.6,33.9,33.5,13
1896,4,62,1,171.5,69.1,23.49361236,21.8,85.1,50.6,48.3,13
1897,4,62,2,153.2,63.4,27.01293212,40.14,88.7,26.2,20.8,13
1898,4,63,1,161.2,59.2,22.78198868,18.4,74.3,45.4,45.1,13
1899,4,63,1,167.1,74.2,26.6,27.5,87.6,35.7,35.1,13
1900,4,63,2,159.5,64.8,25.4714478,40.66,88.7,28.4,28.1,13
1901,4,63,2,153,49,20.9,37,75.9,19.9,19,13
1902,4,64,2,161.6,63.5,24.3,31.6,84.8,27.9,25.4,13
1903,5,19,2,157.5,57,22.97808012,35,68.1,27.5,23.2,4
1904,5,20,2,160.4,51.4,19.97810959,32,70,19.2,20,5
1905,5,20,2,170.4,53.5,18.42530142,24.4,70,25,22.2,5
1906,5,20,2,171.1,69,23.56942956,23.3,74.2,39.7,34.6,5
1907,5,21,1,178.2,69.8,21.9806243,12.6,75.3,55.2,49.4,5
1908,5,21,1,182,81.6,24.63470595,23.1,78.3,42.1,38.1,5
1909,5,21,1,175,65.1,21.25714286,16.1,76.2,44.9,42.2,5
1910,5,22,1,175.2,66.7,21.72989512,17.8,68,33.8,31.4,5
1911,5,22,1,160.9,55.6,21.47646029,6.2,61,46.2,42.3,5
1912,5,22,2,156.3,42.7,17.47873182,23.4,62.1,19,21.6,5
1913,5,22,2,166.4,59.7,21.56093981,27.4,74,14.6,17.2,5
1914,5,22,2,165.8,54.6,19.86202802,31.4,71.8,22,19.6,5
1915,5,23,1,171.3,93.9,32.00006543,32.3,87.7,45.1,44.4,5
1916,5,23,1,165.8,53.7,19.53463196,10.7,66,38.2,33.7,5
1917,5,23,2,161.6,85.4,32.70206352,47.3,106,23.5,16.5,5
1918,5,23,2,159.9,52.5,20.53347132,28.3,64,23.3,20.1,5
1919,5,23,2,166,52.1,18.90695311,27.4,64,21.1,25.1,5
1920,5,24,1,170.3,68.6,23.65346773,13.9,80,42.1,47.8,5
1921,5,24,1,175.2,63.6,20.71995997,8.7,64,48.6,44,5
1922,5,24,1,182.7,82.8,24.80580024,18.9,84,50.1,46.4,5
1923,5,25,1,179.4,68.5,21.28362969,16.5,78.5,38.8,32.5,6
1924,5,25,1,178,77.3,24.39717207,12.4,79,52.9,54.3,6
1925,5,25,1,170.5,74.8,25.73077287,16.5,79,36.1,37.6,6
1926,5,25,2,162,45.5,17.33729614,21.5,68,22,25.3,6
1927,5,25,2,166.3,58,21,31.6,68,22.1,23.1,6
1928,5,25,2,164,54.3,20.18887567,18.4,65.5,31.2,18.4,6
1929,5,26,2,166.3,64.8,23.43098292,30.5,72.3,23.7,23.5,6
1930,5,26,2,163.3,50.7,19.01234077,13.4,63.2,25.3,24.9,6
1931,5,27,1,171.4,59.6,20.28731743,19.5,73.5,37.3,33,6
1932,5,27,1,176.2,76.7,24.70492591,24.6,86,53.7,54.1,6
1933,5,27,1,180.4,83.6,25.68817262,25,92.4,38.4,36.8,6
1934,5,27,1,178.5,57.8,18.14058957,9.2,67.8,43.9,41.8,6
1935,5,27,2,159,56,22.15102251,23.7,64.5,23.1,20.6,6
1936,5,28,1,178.2,78.9,24.84629308,22.8,91,39.8,45.6,6
1937,5,28,1,182,112.1,33.8425311,34.1,103,54.3,51.4,6
1938,5,28,2,161.7,54.8,20.95851553,34.5,78.4,22.7,20.7,6
1939,5,28,2,165.1,51.2,18.78346952,28.1,65.9,15.9,16.1,6
1940,5,29,2,167.4,56.6,20.19786773,24.7,67,29.1,28.1,6
1941,5,30,1,178.1,95.9,30.23366302,20.3,94.5,56.3,58.6,7
1942,5,30,1,174.3,74.2,24.42356921,16.4,79,44.1,43.2,7
1943,5,30,2,167.7,54.6,19.41451374,22,66,23.4,24.7,7
1944,5,30,2,167,57.4,20.58159131,31.3,73,29.1,28.5,7
1945,5,31,1,174.9,72.1,23.56978635,20,82,37.3,38,7
1946,5,31,2,159.5,54.8,21.54066882,29.5,72,24.2,20.9,7
1947,5,32,1,182,83.7,25.26868736,22.7,82.3,45.7,43,7
1948,5,32,1,178.2,88.4,27.83792533,23.8,89,57.7,48.4,7
1949,5,32,2,157.4,56.9,22.96692279,32.9,76.5,17.2,20,7
1950,5,33,1,178,87.3,27.55333922,23.2,82,42.6,41.9,7
1951,5,33,1,177.3,82.5,26.24438967,17.3,80,47.2,47,7
1952,5,33,1,174,57.9,19.1,19.3,74,32.4,31.3,7
1953,5,33,1,170.9,75.8,25.95285141,27.2,88.2,46.8,41.7,7
1954,5,33,2,163.7,56.4,21.04659021,21,66,25.6,24.5,7
1955,5,33,2,160,51.9,20.2734375,17.4,71,28.2,25.9,7
1956,5,33,2,171.8,65.5,22.19192526,32.8,72.8,24.1,21.5,7
1957,5,34,2,163.2,55.3,20.7627475,31.1,71.8,26.2,26.1,7
1958,5,34,2,168,55,19.48696145,29.7,71.3,26.4,24.5,7
1959,5,35,1,175.3,76.4,24.86162585,24.3,86,57.1,48.2,8
1960,5,35,1,166.6,70.2,25.29222974,25,82.5,46.4,43.2,8
1961,5,35,1,177.8,67.3,21.28881809,15.2,69.5,45,40.3,8
1962,5,36,1,175.9,84.6,27.34252917,24.8,88,54.9,48.3,8
1963,5,36,1,181.6,94.1,28.53368977,27.7,101,35.7,43.8,8
1964,5,36,2,161.1,55.7,21.46169973,27.6,74.5,24.4,24.9,8
1965,5,37,1,167.9,62.8,22.27707933,25.9,78,38.8,36.4,8
1966,5,37,2,155.9,56.1,23.08185088,31.7,80.5,25.9,24.3,8
1967,5,37,2,170.3,56.3,19.41239407,21.1,68,27,24.9,8
1968,5,37,2,168.4,65.4,23.06181978,31.5,85,27.2,21.3,8
1969,5,37,2,164.9,49.4,18.16710129,20.5,66.8,31.2,29.7,8
1970,5,38,1,174,76.7,25.33359757,20.4,86,51.1,40.8,8
1971,5,38,1,175.1,81.9,26.71232005,24.3,94,45,40.2,8
1972,5,38,2,166,62.5,22.68108579,25.3,74,29.3,29.3,8
1973,5,38,2,151.9,56,24.27015105,38.5,69.5,22,19,8
1974,5,39,1,174,74.3,24.54089047,25.3,83,42.1,39.7,8
1975,5,39,2,165,58.9,21.63452709,23.2,82.5,27.3,26.5,8
1976,5,39,2,165.8,68.5,24.91847838,40,73,30.5,27,8
1977,5,40,1,169.4,61.7,21.50098479,19.7,72,46.1,47.4,9
1978,5,40,1,157.8,67,26.90672283,28.4,82.5,41.8,36.8,9
1979,5,40,1,168.3,65.7,23.19514745,19.5,81.2,36.9,36.6,9
1980,5,40,2,163.6,59.9,22.38000729,28.5,70,29.9,28.8,9
1981,5,40,2,165.5,53.4,19.49598854,23.4,72.5,25.1,21.4,9
1982,5,40,2,162.7,51.4,19.417263,21.8,63.4,32.7,30.2,9
1983,5,41,1,176.8,77.1,24.6654962,22.1,89.3,41.7,48.7,9
1984,5,41,2,161.3,68,26.13606358,37.1,80.8,25.5,19,9
1985,5,42,1,173.6,71.5,23.72502071,27,81.5,42.8,45.5,9
1986,5,42,1,173.6,57.7,19.1459258,16.6,72.5,41.6,36,9
1987,5,42,2,160,48.9,19.1015625,24.1,62.6,23.7,21.9,9
1988,5,43,1,176.9,66.1,21.1225231,15.3,78,49.7,33.8,9
1989,5,43,2,163.5,60.5,22.63183982,27.4,73.4,29,27.2,9
1990,5,43,2,164.9,75.1,27.61840702,33.9,87.6,27,22,9
1991,5,44,1,171.1,98.1,33.50958029,28.7,94,44.6,43.1,9
1992,5,44,1,175,72.8,23.77142857,25.3,84,50.8,43.5,9
1993,5,44,2,161.9,53.6,20.44895373,27,65,24.7,27.5,9
1994,5,44,2,172,51.8,17.50946458,19.5,70,28.3,26,9
1995,5,45,1,178.5,72.6,22.78558482,21.1,80.2,32.9,36.8,10
1996,5,45,2,164,58.5,21.75044616,37,73.2,27.2,24.4,10
1997,5,45,2,164.6,61.2,22.58872719,25,77.6,31.8,29.1,10
1998,5,45,2,161.4,57.6,22.1,32.9,76,22.7,24,10
1999,5,46,1,186,90.5,26.15909354,21.5,93,45.4,42.7,10
2000,5,46,1,181.9,83.1,25.11514129,21.3,91,38.3,33.9,10
2001,5,46,2,154.1,60.9,25.64554987,31.7,78.1,28,28.8,10
2002,5,46,2,161.5,57.7,22.12232457,32.6,84.5,19.6,19.6,10
2003,5,46,2,166.5,65.3,23.55508662,35.3,74.4,24.6,24.3,10
2004,5,47,1,168.4,80.2,28.28070255,24.1,80.7,43.9,45.9,10
2005,5,47,1,169.6,65.4,22.7366278,16.7,72,35,35.9,10
2006,5,47,1,179.6,70.4,21.82528857,17.8,83.3,36.3,30.2,10
2007,5,47,2,156.9,53.7,21.81365291,20,75,26.1,22.7,10
2008,5,47,2,157.3,59.5,24.04692343,34.9,84,24.7,19,10
2009,5,48,1,174.7,71.2,23.32889582,20.2,84.2,43.6,42,10
2010,5,48,1,178.3,64,20.13155341,21.2,81,45,50,10
2011,5,48,2,156.5,52,21.23120579,30.5,71.2,31.4,26.7,10
2012,5,49,1,169.5,71.9,25.02588735,22.1,85.5,48.3,37.3,10
2013,5,49,1,174.9,73.6,24.06014251,24,78,44.6,40.7,10
2014,5,49,2,160,60.5,23.6328125,32.1,84,27,25,10
2015,5,50,1,170,48.5,16.78200692,13.4,67.2,35.2,34,11
2016,5,50,1,176.1,69.8,22.50798985,24.4,79,43.9,39.4,11
2017,5,50,2,167.5,52.7,18.78369347,24.9,66,19.9,16.8,11
2018,5,51,1,174.8,69.1,22.61492703,24,86.7,38.1,37.9,11
2019,5,51,1,170.6,60.7,20.85598172,17.4,79.4,34.7,35.6,11
2020,5,51,1,163.5,48.6,18.18028785,13.8,70.8,27.3,26.6,11
2021,5,51,1,163.2,62.9,23.61621732,21.5,83.4,38.3,37.4,11
2022,5,51,1,173.6,74.2,24.62093058,27.5,86,46.6,47.8,11
2023,5,51,2,163.5,57.6,21.54700783,25.3,78,31.4,27.4,11
2024,5,51,2,163.4,57.9,21.7,28.4,68.5,29.2,26.8,11
2025,5,52,1,174.9,53.5,17.4893699,13.1,65,45.8,45.2,11
2026,5,52,1,171.2,71.3,24.32663333,20.3,85,38.6,46,11
2027,5,52,2,162.9,69.5,26.19043043,40.8,79,17.3,15.2,11
2028,5,52,2,161.6,53.7,20.56324135,25.1,61,23.6,17.6,11
2029,5,52,2,154,49.1,20.70332265,32.4,66,23.9,22.1,11
2030,5,53,1,171.6,61.8,20.98717134,17,75.5,37.8,40.5,11
2031,5,53,2,163.6,55.3,20.66134229,23.2,71.3,26.9,26.3,11
2032,5,53,2,160,60,23.4375,31.5,78.2,25.1,16.8,11
2033,5,54,2,162.5,59.1,22.38106509,26.6,75.4,28.5,26.6,11
2034,5,54,2,158,50.5,20.22912995,26.8,71,23.1,22.4,11
2035,5,55,1,173.6,68.9,22.86229268,21.2,84.5,46.9,46,12
2036,5,55,2,153.9,56.3,23.77010801,33.3,80.6,25.1,19.2,12
2037,5,55,2,167,71.3,25.5656352,29.2,81.8,25.2,24.7,12
2038,5,55,2,162.4,60.4,22.90155063,32.6,77.4,26.5,26.2,12
2039,5,56,1,169,53.2,18.62679878,29.3,70,24.4,29.3,12
2040,5,56,1,169.9,62.1,21.51319147,16.5,77.1,47.4,43.8,12
2041,5,56,2,161.1,58.4,22.50203347,30,70.5,26.4,23.6,12
2042,5,56,2,151.2,56.9,24.88907085,34.6,80.4,21,20.9,12
2043,5,56,2,163.7,62.4,23.28558917,26.5,77.6,25.8,24,12
2044,5,57,1,174.8,87.6,28.66957464,29.8,99.7,38.8,38.6,12
2045,5,57,1,179.5,68.4,21.22888556,18.4,79,48.4,46.7,12
2046,5,57,1,169.7,92.2,32.01601217,31.6,109.2,52,47.5,12
2047,5,57,1,165.4,83.4,30.48562058,31.6,94,38.4,32.9,12
2048,5,57,1,164.2,63,23.36653112,23.8,83.8,37,25.2,12
2049,5,58,1,162.9,60.9,22.94960019,23.3,79.9,35.9,33.7,12
2050,5,58,1,166.9,58.3,20.92935678,15.9,76.1,47.4,38.3,12
2051,5,58,2,162.7,64,24.17713682,32.8,82.4,26.5,23.3,12
2052,5,58,2,151.1,53.7,23.5204354,33.5,76,23.7,22.2,12
2053,5,58,2,158.4,57.8,23.03655239,31,68.9,23,22.1,12
2054,5,59,2,155.2,56.1,23.290533,29.3,79.1,18.4,22.5,12
2055,5,60,1,167,71.7,25.70906092,22,89.4,38.6,39.5,13
2056,5,60,1,170.6,64.3,22.09290979,16.7,79,37.4,35.3,13
2057,5,60,2,158.2,56.1,22.41557599,26.6,72.6,26.8,24.4,13
2058,5,60,2,164.9,55.5,20.41040732,30.1,70.2,27.4,25.8,13
2059,5,60,2,153.8,52.7,22.27911546,36.4,77.8,20.1,17.2,13
2060,5,60,2,157.2,61.2,24.76545656,36.3,76.5,20.6,18.9,13
2061,5,61,1,170.9,75.5,25.85013564,26.9,80,38.4,37.1,13
2062,5,61,1,159.9,71.7,28.04285511,32.7,83.5,35.2,29.2,13
2063,5,61,2,155.7,45.5,18.76869909,32.6,65.8,17.1,19,13
2064,5,62,1,171.9,60.7,20.54172627,15.6,77.8,33.3,31.4,13
2065,5,62,1,165.9,54.1,19.65642316,13.6,74.6,40.6,38.4,13
2066,5,63,2,158,63.7,25.51674411,37.2,86,23,22.9,13
2067,6,19,1,164.3,61.9,23,21.3,81.6,37.7,32.4,4
2068,6,19,1,170,63.7,22,9,70.9,40.7,39.8,4
2069,6,19,1,171.2,62.7,21.4,10.7,72.6,41.2,40.2,4
2070,6,20,1,170,58.6,20.27681661,11.9,73,36.5,33,5
2071,6,20,1,180.6,84.3,25.8,29.9,90.9,35,28.4,5
2072,6,20,1,186.3,87.18,25.11835273,21.6,88,47.2,38.7,5
2073,6,20,2,160.7,48.4,18.74189965,21,65.5,32.4,28,5
2074,6,20,2,162.5,59.7,22.60828402,33.3,77.5,27,23.9,5
2075,6,21,2,165.8,51.6,18.7707078,24.1,71.6,31.6,30,5
2076,6,21,2,164.9,53.6,19.71167266,21,66.5,28.2,25.2,5
2077,6,22,1,170.3,65.2,22.48113843,23.5,88.3,33.6,34.7,5
2078,6,22,1,165.7,67.5,24.58435146,21.8,83,42.8,36,5
2079,6,22,2,168.7,61,21.43382447,23,73,36.7,32.6,5
2080,6,22,2,151.8,47.1,20.4,29.7,70.3,21.5,18.9,5
2081,6,22,2,166.4,64.4,23.3,31.9,83,27.1,24.2,5
2082,6,23,2,171.5,49.5,16.82972231,22,68.1,32.4,31,5
2083,6,23,2,164.3,56.6,20.96724183,30.1,71,27.5,25.9,5
2084,6,24,1,165.4,66.1,24.2,15.8,78.2,37,39.7,5
2085,6,24,1,172.2,85.9,28.96855748,28.5,96.5,44,42.7,5
2086,6,24,2,155.6,53,21.89055055,29.9,69,22.6,20.7,5
2087,6,25,1,171.7,60.38,20.48106417,14.6,75.3,44.1,43.9,6
2088,6,25,1,175.5,61.7,20.03230493,8.9,79,41.1,39.4,6
2089,6,25,1,187.6,79.08,22.46989239,12.1,83.5,51.3,47.8,6
2090,6,25,2,165.4,52.5,19.1905885,21.9,72.4,40.4,39.6,6
2091,6,25,2,161,54.5,21,33,79,21.8,23.3,6
2092,6,26,1,186.3,95.6,27.54432807,21,92.2,51.4,50.1,6
2093,6,26,2,164.4,60.7,22.5,34.8,79,26.3,18.7,6
2094,6,26,2,163.6,48.3,18.04598251,32.9,72,21.9,20,6
2095,6,27,2,164.4,52.4,19.38776114,17,72.1,30.4,26.4,6
2096,6,27,2,169,65.5,22.9,6.1,77.2,25.4,26.7,6
2097,6,27,2,155,58.7,24.43288241,35.5,91.48442573,24,28.6,6
2098,6,28,1,176,77.4,24.98708678,20.7,86,48.4,45.4,6
2099,6,28,1,173.8,79.1,26.18646885,31,92.4,44.3,44.9,6
2100,6,28,1,177.8,84.3,26.66637986,20.6,90.8,69.9,58.3,6
2101,6,28,2,169.8,55.1,19.11068381,23.1,76.2,32.7,30.5,6
2102,6,29,1,177.2,58.3,18.56697359,14,74.8,39.3,36.7,6
2103,6,29,1,176.1,79.3,25.57139821,28.4,90.7,40,35.6,6
2104,6,29,2,171.4,58.5,19.91288708,22.8,73.2,32,27.5,6
2105,6,30,1,173.4,81,26.93933262,20.9,86.4,44.8,40.6,7
2106,6,30,1,175,77.1,25.1755102,25.7,100,45.7,33.4,7
2107,6,31,1,176.9,71.2,22.75224878,18.7,88.2,46.5,41.4,7
2108,6,31,1,182.9,86.7,25.91741522,21.2,91.1,46,47,7
2109,6,31,1,174.1,99.8,32.92554702,32.3,98.7,51.2,49.4,7
2110,6,31,2,162.7,57.66,21.8,30.9,81.9,28.9,27,7
2111,6,31,2,160.2,57.12,22.3,28.1,80.2,18.6,18.9,7
2112,6,31,2,162.5,51.3,19.4,28.9,65.4,27.4,21.2,7
2113,6,32,2,155.6,53.5,22.1,33.5,70.5,24.3,21.8,7
2114,6,32,2,162.5,85.6,32.4,44.9,104,33.2,26.8,7
2115,6,32,2,160.5,53.5,20.8,32.7,72,20.8,22.9,7
2116,6,33,1,163.7,87.6,32.7,35.9,106.7,40.2,41.6,7
2117,6,33,1,172.9,59.2,19.80303341,14,68,53,48.8,7
2118,6,33,2,153.3,62.7,26.7,32.5,84.8,31.6,29.4,7
2119,6,33,2,159.2,71.7,28.2900053,35.3,94.1,31,30.7,7
2120,6,34,1,161.5,61.6,23.61759434,16.5,78.5,39.9,39.9,7
2121,6,34,1,175.4,79.9,26,24.7,95.4,51.9,38.2,7
2122,6,34,2,153.8,50.1,21.17995607,28.2,72.9,20.6,18.5,7
2123,6,35,1,169.5,86.9,30.24686524,30.6,102.8,44.7,35.8,8
2124,6,35,1,175.4,67.2,21.9,13.2,84.8,46.3,43.7,8
2125,6,35,1,180.5,82.1,25.2,18.1,86.5,56.8,51.1,8
2126,6,36,1,169,78.6,27.52004482,35.4,97.2,44.7,41.9,8
2127,6,36,1,170.7,78.4,26.90599273,27.6,92.9,44.8,43.3,8
2128,6,36,1,169.4,68.7,23.94031856,26.9,85,47.4,32.1,8
2129,6,36,2,163.7,56.8,21.19585681,35.1,77.5,24.9,23.6,8
2130,6,36,2,158.7,66.7,26.4832927,37.8,92,22.3,20.4,8
2131,6,36,2,162.3,62.5,23.72700805,33.9,83.1,31,29,8
2132,6,36,2,154.2,51.1,21.5,35.6,83.2,27.9,23.1,8
2133,6,37,1,180.4,80.2,24.64343833,23.8,87.4,49.5,46.6,8
2134,6,38,1,177.5,71.9,22.82086888,18.3,83.4,46.3,39,8
2135,6,38,2,167,73.3,26.28276381,36.6,91,35.4,28.4,8
2136,6,38,2,165.7,62,22.58118208,37.8,87,26.6,25.8,8
2137,6,38,2,147.1,62.74,29,38.7,88.7,25.4,26.2,8
2138,6,39,1,178.5,102.6,32.20111574,31.4,109,51.2,46.8,8
2139,6,39,2,160.5,53.8,20.88489048,24.7,75.3,28.8,28.4,8
2140,6,39,2,162.8,101,38.10768553,42.3,119.7,26.1,17.2,8
2141,6,40,2,158.5,51.3,20.42014549,25.8,71,24.6,24.5,9
2142,6,41,2,164.7,58.8,21.6765483,28.4,77.6,21,20.1,9
2143,6,42,1,178.6,70.1,22,25.4,84,38.9,36.7,9
2144,6,42,1,176.6,83.1,26.64523932,26.5,90.6,61.5,55.1,9
2145,6,42,1,170.2,94.6,32.7,32.9,103,46,48.6,9
2146,6,42,2,162,50.3,19.16628563,21.3,66,24.6,28.3,9
2147,6,42,2,156.9,50.88,20.66813147,31,76.7,21.4,20.4,9
2148,6,43,1,173,81.7,27.29793845,27.5,92.3,53.4,51.1,9
2149,6,43,1,173.8,79.9,26.45131303,25.5,92,47,42.6,9
2150,6,43,1,180.2,82.6,25.43726849,23.3,93.8,50.4,49.5,9
2151,6,43,1,172.6,79.1,26.6,20.7,89.1,52.1,53.3,9
2152,6,43,1,174.4,77.4,25.44766855,28.8,94.3,41.4,39.9,9
2153,6,43,2,157.8,45.9,18.4331131,22.4,77,24.2,13.7,9
2154,6,43,2,166.2,53.2,19.25970334,18.1,63.9,27.5,27,9
2155,6,43,2,158.9,48.2,19.08970617,16,69.5,26.2,28.4,9
2156,6,44,1,171.9,90.1,30.49109616,25.5,106,48.3,45,9
2157,6,44,2,157.9,59.7,23.94473699,36.6,75.8,30.1,25.9,9
2158,6,44,2,162.5,58.6,22.19171598,23,79,28.9,23.7,9
2159,6,45,1,170.9,68.8,23.6,21.7,84.8,49.9,43.1,10
2160,6,46,1,172.3,71.3,24.01701199,21.8,79.9,44,41.8,10
2161,6,46,1,176.3,78.4,25.22385366,25.8,88.1,49.2,48.2,10
2162,6,46,1,170.5,84.5,29.06751748,30.9,97.6,47.8,43.6,10
2163,6,46,2,154.2,54.4,22.9,23.1,80,27,27.4,10
2164,6,46,2,160.5,60.3,23.40815792,30.1,78.2,28.2,25.6,10
2165,6,47,1,169.5,68.8,23.94688525,18.6,79.1,44.7,47.1,10
2166,6,47,1,170.2,70.6,24.4,22.3,81.5,44.1,41.5,10
2167,6,47,2,163.4,53.8,20.1501448,32,78.5,28.6,25.9,10
2168,6,47,2,153.9,57.64,24.33586192,36.2,83.9,30.2,30.2,10
2169,6,48,1,168.7,74.5,26.17737579,27.8,90,42.9,41.5,10
2170,6,48,1,177,64.96,20.7,19.5,82.8,46.5,44.4,10
2171,6,48,1,160.7,65.3,25.3,26.2,90,31.2,38.9,10
2172,6,48,1,170.3,72.3,24.9,25.1,88,38.4,35.5,10
2173,6,48,2,158.5,65.04,25.88940083,35.2,86.8,36.8,30.7,10
2174,6,48,2,161.5,60.16,23.1,29.3,80.1,31.2,30.8,10
2175,6,48,2,165.4,44.8,16.4,23.1,68.6,20.8,23.3,10
2176,6,49,2,159.2,61.9,24.42331002,43.7,83.4,28.7,22.6,10
2177,6,49,2,158.4,57.4,22.87712988,25,75.7,31.5,32.2,10
2178,6,49,2,156.1,51.66,21.20062166,27.7,74,26.5,28.2,10
2179,6,50,1,162.6,65.2,24.7,21.9,83.4,36.4,30.6,11
2180,6,50,1,167.5,77,27.5,27.9,97.7,34.1,32.9,11
2181,6,50,1,176.3,72.52,23.3,20.3,81.8,49.6,48.1,11
2182,6,50,1,174.5,76.4,25.1,22.5,91,40.2,41.2,11
2183,6,50,2,168.5,68.34,24.06994867,29.7,79,31.5,35.1,11
2184,6,50,2,158.1,61.3,24.52430647,28.6,88,21.3,20.5,11
2185,6,50,2,156.8,54,21.96350479,32.1,76.3,28.9,22.6,11
2186,6,51,2,164,49.22,18.30011898,21.2,70.9,24.8,23.8,11
2187,6,51,2,160.3,61,23.73902022,30.9,82,26,23.4,11
2188,6,51,2,164.4,51.3,18.98076616,33.1,78.8,19.6,19,11
2189,6,52,1,169.9,68.92,23.9,25.5,86.5,38.5,36.9,11
2190,6,52,1,167,67.5,24.2,18.6,80,40.5,34.2,11
2191,6,53,1,171.6,79.5,27,28.3,92,35.1,36.7,11
2192,6,53,1,173,79.16,26.4,26.9,92.6,34.6,36.9,11
2193,6,53,1,173,60.9,20.3,11.1,86,44,37.8,11
2194,6,53,1,154.5,45.2,18.9,17.1,67,27.1,27.4,11
2195,6,53,2,152.5,51.7,22.23058318,34.1,78,21.9,20.5,11
2196,6,53,2,152.9,44.1,18.8635583,26.3,73,25.7,21.1,11
2197,6,54,2,161,64.5,24.88329926,37.4,84.5,17.5,19.9,11
2198,6,54,2,154.4,58.36,24.48052297,40.7,86.2,24.8,22.4,11
2199,6,55,1,171.3,83.6,28.5,31.2,101,46.9,43.9,12
2200,6,55,2,157.5,60.5,24.38901487,27.7,81,28.8,26.4,12
2201,6,55,2,150.5,56.7,25.03283628,39.5,85.2,20.8,15.5,12
2202,6,55,2,164.7,57.8,21.30789952,29.1,78,24.8,23.2,12
2203,6,55,2,161.9,53.8,20.52525579,35.8,72.5,20.5,20.2,12
2204,6,55,2,157.4,50.76,20.48859404,16.6,69,30.8,26.3,12
2205,6,55,2,155.2,42.9,17.81040759,18.9,66.8,19.7,18.9,12
2206,6,55,2,156.8,57.2,23.26504581,28.8,81.5,25.6,20.3,12
2207,6,56,1,173.6,76.28,25.3,24,90.1,44.9,45.5,12
2208,6,56,1,172.9,55.7,18.7,13.3,73,47,38.8,12
2209,6,56,1,170.1,74.3,25.67912294,29.5,90.2,37.5,32,12
2210,6,56,2,159,53.1,21.00391598,24.8,75.2,25.3,26.7,12
2211,6,56,2,158.2,62,24.77300733,34.6,87,26.4,26.8,12
2212,6,57,1,163.4,56.14,21,13.4,71.4,40.7,41.2,12
2213,6,57,1,162.7,62.6,23.6,25.6,82.3,35.8,35.8,12
2214,6,57,1,176.5,94.7,30.4,29.5,106,47,36.7,12
2215,6,58,1,170.4,80.74,27.80670722,30.1,95.4,35.5,36.7,12
2216,6,58,1,169.4,64.86,22.60216975,28.1,84,40.9,44.6,12
2217,6,58,2,158,67.7,27.11905143,36.8,89,26.5,24.4,12
2218,6,59,1,165.5,67.7,24.71682442,19.9,87,47.4,44.3,12
2219,6,60,1,175.1,76.8,25.04891551,23.4,92,41,39.5,13
2220,6,60,1,173.3,69.3,23.07470243,13.8,79,45.2,49.5,13
2221,6,60,1,170,69,23.87543253,22.4,79,46.3,42.7,13
2222,6,60,2,159,65,25.71100827,41.5,94,30.8,27.2,13
2223,6,61,2,157.9,58.8,23.58376106,35.8,80.1,29.7,30.6,13
2224,6,61,2,153.4,54.3,23.07539322,30.9,83.2,24.4,23.9,13
2225,6,61,2,158.5,60.7,24.16184856,34,82.6,24.9,23.3,13
2226,6,62,2,158.3,65.34,26.07457872,38.6,87,27.1,27,13
2227,6,63,1,173,75.5,25.2,21.1,85.6,41.9,50.9,13
2228,6,63,1,173.1,70,23.36167104,23.4,84.2,38.2,36,13
2229,6,64,1,171.4,77.98,26.54370828,33.8,101.2,36,35.6,13
2230,6,64,2,153.9,66.2,27.94993162,41.2,89.6,25.6,22.9,13
2231,7,19,2,160.9,47.7,18.42494885,28.5,62,27.4,25.1,4
2232,7,19,2,173.6,56.3,18.68137994,16,70.2,23.8,22.4,4
2233,7,20,1,178.2,81,25.50760127,21,83.5,36.8,35.1,5
2234,7,20,2,157.6,48.1,19.36567549,19.5,67.6,23.7,24.3,5
2235,7,20,2,153.8,50.9,21.51815896,37.3,68.5,28.2,25.4,5
2236,7,20,2,157.7,53.4,21.47226559,20.5,66,24,20.2,5
2237,7,20,2,152.2,52.8,22.79316412,32.5,76.4,25.5,22.8,5
2238,7,22,1,172.6,70.1,23.53078606,18.6,84,34.9,37.7,5
2239,7,22,2,163,55.1,20.73845459,27,76.9,30.3,25.9,5
2240,7,23,1,176.4,72,23.1385071,22.3,85,48.9,45.9,5
2241,7,23,1,175.2,74.9,24.4013365,20.1,86,41.6,41.5,5
2242,7,23,2,160,49.3,19.2578125,30.4,72.7,25.9,21.6,5
2243,7,24,1,174.4,63.7,20.94336546,15.5,70,28.5,37.1,5
2244,7,24,1,191,80.1,21.95663496,18.4,90,58.2,49.9,5
2245,7,24,1,183.3,85.5,25.44726924,18.8,79.7,49.8,44.6,5
2246,7,24,1,180.5,69.7,21.39332878,11.1,76.2,51.1,44,5
2247,7,24,1,170.8,73.5,25.1948401,24.5,89,36.8,35.8,5
2248,7,24,1,173.3,58.6,19.51194174,9.9,78,36.9,35.9,5
2249,7,24,2,151,50.7,22.23586685,23.8,76.18304747,30.4,30.1,5
2250,7,24,2,161.2,90.6,34.86567863,50,107,28.3,23.8,5
2251,7,25,1,165.5,61.3,22.38022654,14.5,82,45.7,40.7,6
2252,7,25,1,178,79.8,25.18621386,22.7,86.66671975,54.6,51.4,6
2253,7,25,2,163.7,58.3,21.8,28.3,76.2,22.4,26.4,6
2254,7,25,2,163.4,83.88,31.4,45.2,103.1,24.2,24.5,6
2255,7,26,1,178.6,78,24.45297442,18.9,81.44474522,42.8,41.8,6
2256,7,26,1,174,68.8,22.72427005,16.7,78.42149682,50.9,49.9,6
2257,7,26,2,154.2,47.9,20.1,19.4,69.7,26.2,25.6,6
2258,7,26,2,156,60.1,24.69592373,35.5,82,34.3,31.8,6
2259,7,27,1,168,68.4,24.23469388,12.6,99,51.3,50,6
2260,7,27,1,184,87,25.69706994,11,85,63.5,57,6
2261,7,27,2,168.7,55.98,19.7,32.9,75.7,11.8,12.5,6
2262,7,27,2,168.5,60.36,21.3,33.5,85.1,22.1,27.4,6
2263,7,28,1,168,71.9,25.47477324,15.6,78,64,65.3,6
2264,7,28,2,164.5,61.6,22.76401733,32.9,80.2,37,34.6,6
2265,7,28,2,162.2,54.96,20.9,39,82.5,16.4,18.6,6
2266,7,29,1,175,81.6,26.64489796,20.9,84.19315287,53.7,52.7,6
2267,7,29,1,180,80.9,24.9691358,20.1,86,54.4,54.1,6
2268,7,29,2,161,52.58,20.3,33.3,76.3,11.2,11.2,6
2269,7,30,1,183.9,74,21.88105518,15.6,84,50,44.6,7
2270,7,30,1,177.2,80,25.47783683,13.4,84,56.7,53.7,7
2271,7,30,1,175.5,79.3,25.74654427,18,83.8,61,48.5,7
2272,7,30,1,174,86.6,28.60351433,29.6,92,51,50.3,7
2273,7,30,2,162,49.6,18.89955799,24.6,73.5,23.6,22.3,7
2274,7,30,2,165.2,94.8,34.73667548,29.5,82.5,24.1,24.4,7
2275,7,30,2,165.2,64.8,23.7,29.5,80.6,24.4,24.1,7
2276,7,30,2,160.4,58.76,22.8,28.9,82.1,21.1,22.7,7
2277,7,31,1,172,73.2,24.74310438,22.8,88,59.2,54.2,7
2278,7,31,1,175.5,69.6,22.59721918,17.3,81,52.9,49.7,7
2279,7,31,1,171.2,67.7,23.09836012,16.9,78.69633758,54,53,7
2280,7,32,1,172,76.2,25.75716604,24.1,88.5906051,58.7,49.6,7
2281,7,33,1,173.4,88.4,29.40045684,24.2,102,60.4,60.3,7
2282,7,33,2,161.8,56.3,21.5,29,76.1,25.2,24.3,7
2283,7,33,2,166.4,61.7,22.3,33,81.4,22.9,26.4,7
2284,7,33,2,163,59.7,22.5,29.4,78.6,27.2,25.4,7
2285,7,34,2,158.2,47,18.8,15.6,61.4,31.5,31.5,7
2286,7,34,2,157,58.6,23.8,30,77.4,28.7,30,7
2287,7,35,1,182.6,74.1,22.22371513,21.2,84.60541401,43.1,37.3,8
2288,7,35,2,156.1,51.5,21.13495964,30.4,70.7,24.3,27,8
2289,7,36,1,178.2,78.8,24.8,23.5,92.3,44.6,38,8
2290,7,36,1,170.2,62.78,21.7,14.5,78.6,45.2,42.4,8
2291,7,36,1,169.6,66,22.9,13.7,78.1,44.3,44.6,8
2292,7,36,1,171,64.6,22.09226771,21.4,84.88025478,64.6,62.4,8
2293,7,36,2,170.1,67.1,23.19070188,21.4,77,40.3,32.8,8
2294,7,36,2,157.8,51.58,20.7,16.3,67.5,28,32.3,8
2295,7,37,1,173,73,24.39105884,18,90,59.5,58,8
2296,7,37,1,164.8,78.96,29.1,24.7,90,45.8,55.5,8
2297,7,37,1,164.8,79.28,29.2,25,90.6,46.4,53.9,8
2298,7,37,1,175.9,63.08,20.4,26,85.6,31.7,42.7,8
2299,7,37,2,158.7,52.72,20.9,26.6,71.7,28.8,27.6,8
2300,7,37,2,161.7,65.98,25.2,25.4,82.3,31.6,33,8
2301,7,37,2,175.9,66.52,21.5,27.6,84.1,30.2,34.1,8
2302,7,37,2,157,58,23.5,29,79.6,26.6,28.2,8
2303,7,38,2,166.7,62.64,22.5,33.3,81.9,20.5,22.7,8
2304,7,39,2,161.6,62.5,23.93300902,39,90.2,19.5,22,8
2305,7,40,1,183.3,82.04,24.4,23.4,91,39.3,44.3,9
2306,7,40,1,172,67.28,22.7,14.6,76.8,45.2,45.7,9
2307,7,40,1,183.3,82,24.40556816,23.4,87.62866242,44.3,39.3,9
2308,7,41,1,174.9,69.98,22.9,19.8,83.1,40,44.2,9
2309,7,41,1,166.7,72,25.9,25.1,87.6,43.1,42.6,9
2310,7,41,2,153.5,53.6,22.74825197,31.2,75.7,26.4,22.6,9
2311,7,42,1,183.4,90.68,27,33.1,106,40.3,38.1,9
2312,7,42,2,158.1,55.2,22.08387793,33.7,81.7,28.5,25.9,9
2313,7,42,2,162.7,50.1,18.92616491,18,68.8,31.7,29.1,9
2314,7,43,1,173.6,66.18,22,15.1,78.7,45.5,49.9,9
2315,7,43,1,169.1,73.3,25.6,19.5,79.2,43.6,39.6,9
2316,7,43,2,159.1,62.8,24.8095727,33.1,92.6,24.3,27,9
2317,7,44,1,176.7,78.5,25.14181102,18.8,92,38.4,34.8,9
2318,7,44,2,157.3,56.2,22.71322852,32.1,77.1,28.8,24.9,9
2319,7,44,2,154.2,50.9,21.40666609,32.3,76,20.6,18.9,9
2320,7,44,2,161.3,62.5,24.02211726,34.7,84.2,27.9,26.7,9
2321,7,44,2,157.4,56.9,22.96692279,33.2,81,33.7,28.2,9
2322,7,44,2,161.7,49.4,18.89326035,19.7,68.5,23.6,23.8,9
2323,7,45,2,150,51,22.66666667,23.1,79,25.3,22.7,10
2324,7,46,1,164,64.5,24,27.29536,85.3,36.4,41.9,10
2325,7,46,1,166.7,65.68,23.6,21.1,82.3,35.3,39.1,10
2326,7,46,2,166.4,57.6,20.80251479,29.4,77.7,27.3,23.6,10
2327,7,47,1,168.6,87,30.6,30.64549,98.3,45,51.7,10
2328,7,47,1,169.3,75.24,26.3,16.8,83.5,49.2,53.7,10
2329,7,48,1,171.3,63.54,21.7,24.9,81.1,31.7,15.3,10
2330,7,48,1,169.9,62.5,21.7,16.4649,75.3,43.9,38.5,10
2331,7,48,1,175,72.9,23.8,19.7,84.4,45.2,45.4,10
2332,7,48,2,156.8,55.14,22.4,27.5,76.6,24.9,28.2,10
2333,7,48,2,161.6,55,21.06104794,31.7,76.1,24.9,25.2,10
2334,7,48,2,153.4,56,23.79782726,33.9,78.8,19,11.7,10
2335,7,48,2,160.1,55.8,21.76965443,30,88,20,23.5,10
2336,7,48,2,156.8,55.1,22.41090952,27.5,76,28.2,24.9,10
2337,7,49,1,171.6,77.68,26.4,31,92.6,36.6,38.6,10
2338,7,49,1,175.9,75.28,24.3,15.7,81.9,55.4,48.2,10
2339,7,49,1,177,75.8,24.2,23.88817,88.1,48.2,50.2,10
2340,7,49,2,153.4,53.2,22.6079359,29.5,74,21.6,18.8,10
2341,7,49,2,156.9,60,24.37279655,25.3,77.8,25,24.1,10
2342,7,49,2,160.5,71,27.56184431,39,94,21,20.9,10
2343,7,50,1,184.2,88.1,26,26.4,91.3,39.3,42.6,11
2344,7,50,2,167.3,67.3,24.04491146,37.9,75,22.3,21.5,11
2345,7,50,2,160.2,57.8,22.52178535,23.6,75.6,33,29.5,11
2346,7,50,2,158.3,56.2,22.42717056,35.6,90.4,24.1,21.9,11
2347,7,50,2,155.4,51.6,21.36720283,24.4,81.3,25.8,21.2,11
2348,7,51,1,167.9,67.2,23.8,25.7,90.3,39.1,38.1,11
2349,7,51,1,165.5,66.24,24.2,21.2,83.8,41.1,42.6,11
2350,7,51,1,168.7,68.06,23.9,26.5,81.8,34.6,40.4,11
2351,7,51,1,175.4,62.4,20.3,12.3,71.5,35.2,39.7,11
2352,7,51,1,165.1,68.16,25,19.6,80.6,48.8,49.1,11
2353,7,51,2,160.5,62.2,24.1457284,40,77,20.3,20.5,11
2354,7,51,2,159.3,51.7,20.37318794,24.4,78.5,21.4,20.7,11
2355,7,52,1,165.3,55,20.1,23,78.5,35,36.1,11
2356,7,52,2,154.1,45.6,19.20257921,30.2,67.5,22.7,21.3,11
2357,7,52,2,164.4,54.7,20.23875066,31.3,78,28.4,25.3,11
2358,7,53,1,171,84.1,28.8,32.6,99.8,41.1,40.9,11
2359,7,53,2,150.6,51.7,22.79505264,32.7,72.3,25.6,25.5,11
2360,7,53,2,157.8,62.9,25.26019203,34.1,86.5,29.3,28.9,11
2361,7,54,1,178,70.9,22.3772251,18.3,78,34.2,29.7,11
2362,7,54,1,168.5,74.8,26.3,37.8,107,28.8,22.6,11
2363,7,55,1,167.8,58.86,20.9,21.5,77.5,43.1,43.1,12
2364,7,55,2,150.4,53.2,23.51884337,32.1,75.4,21.4,20.1,12
2365,7,55,2,150.4,53.1,23.47463502,32.1,85.5,21.4,20.1,12
2366,7,56,1,173.8,73.2,24.2,25.6,89.5,35.8,36.1,12
2367,7,56,1,173.2,71.7,23.9,21.26228,86.7,44.9,47.1,12
2368,7,56,2,168.2,63.1,22.3037237,26.3,79,29.8,24.1,12
2369,7,57,1,168,62.96,22.3,23.8,84.9,34.9,42.3,12
2370,7,57,1,163.8,81.18,30.3,28.1,94.5,38.7,34.9,12
2371,7,57,1,168.2,63.7,22.5,15.78794,78.9,41.1,43,12
2372,7,57,1,168,63,22.32142857,23.8,84.5,42.3,34.9,12
2373,7,57,1,169.8,62.9,21.8,25.4,82.6,33.5,38.4,12
2374,7,57,2,162.7,58.3,22.02386057,24.4,68.8,29.9,26.8,12
2375,7,57,2,157.8,57.2,22.97111262,37,78.5,19.3,18.8,12
2376,7,59,1,167.5,70.66,25.2,26,84.4,31.7,33.3,12
2377,7,59,1,170.1,63,21.8,15.2908,75.7,42.6,47.7,12
2378,7,59,2,154.6,53.8,22.50936775,32,78.2,28.4,26.6,12
2379,7,59,2,161.1,61.3,23.61942896,30.7,80.9,25.8,21.8,12
2380,7,59,2,158.3,51,20.35205869,22.3,69,25.4,25.3,12
2381,7,59,2,156.8,50.2,20.41792482,27,68.7,24.7,24.4,12
2382,7,59,2,163.1,67.5,25.37440403,39.8,98.2,22.1,21,12
2383,7,60,2,156.8,59.6,24.24120158,41.8,72.5,22.3,22.7,13
2384,7,60,2,155.8,59.3,24.42979298,33.3,92,28.3,29.4,13
2385,7,61,1,165.4,60.76,22.2,21,80.8,34.2,37.1,13
2386,7,61,1,167.5,70.66,25.2,26,84.4,31.7,33.3,13
2387,7,61,1,166.6,74.3,26.76941125,26.2,91.47643312,41.9,39.3,13
2388,7,62,1,172.3,84.4,28.42967479,28.1,89.7,42.1,40.1,13
2389,7,62,1,174,63.04,20.8,16.4,75.4,32.3,34.8,13
2390,7,62,2,149.8,58.4,26.02490905,36.6,91,20.4,17.8,13
2391,7,63,1,165.7,68.9,25.09424912,22.2,88,38.8,35.5,13
2392,7,63,2,150.3,50.8,22.48773688,36.2,83.8,20.8,21.2,13
2393,7,64,2,156.3,49.8,20.38503149,34,72.5,19.7,17.5,13
2394,7,64,2,161.4,54.46,20.9059822,29,78,29.4,27.6,13
2395,8,20,1,166.4,56.2,20.29689811,18.7,74.3,35.7,28.5,5
2396,8,21,2,158,55.7,22.31212947,37.3,68,20,17.4,5
2397,8,21,2,162.2,50.9,19.34710918,22.3,76,30,27.7,5
2398,8,21,2,160,53.9,21.0546875,24.9,79.1,29.4,29.1,5
2399,8,22,1,175.8,65.8,21.29061233,19.4,70.1,42,36.9,5
2400,8,22,1,176.8,70.7,22.61803608,16.8,83.5,45.7,41.1,5
2401,8,22,2,162.1,51.9,19.75155662,21.9,68,28.4,27.6,5
2402,8,23,1,170,76.5,26.47058824,28.1,87,36.1,35.1,5
2403,8,23,1,171.6,65.7,22.31160448,16.1,84.5,44.9,37.5,5
2404,8,23,1,174,62,20.47826661,9.7,68.5,41.5,40.8,5
2405,8,23,2,166.1,50.2,18.19551919,22.7,68,23.2,22,5
2406,8,23,2,173.3,67.3,22.40876586,30.1,88.7,28.7,22.1,5
2407,8,23,2,159.3,47.8,18.83633237,32.5,76,20.8,13.9,5
2408,8,23,2,147.4,96.1,44.2311693,51.6,114,28.6,24.9,5
2409,8,23,2,158.9,50.8,20.11944136,20.1,70,35.9,30.1,5
2410,8,24,1,172.4,75.8,25.50320035,27.6,91,43.5,33,5
2411,8,24,1,174.3,85,27.97848224,29.1,95,61.7,59.8,5
2412,8,24,1,189.2,86.2,24.08047236,15.8,85.8,41.7,32.9,5
2413,8,24,1,175,73,23.83673469,15.4,77.4,40.8,39.1,5
2414,8,24,2,172.1,61.8,20.86540094,34.1,79,26.6,21.9,5
2415,8,25,1,176.3,73.2,23.55084296,14.2,80.4,45.4,40.1,6
2416,8,25,1,174.9,82.5,26.96958909,34.3,94.3,42.5,37.1,6
2417,8,25,1,169.5,73.4,25.54798514,24,89.1,31.2,31.7,6
2418,8,25,1,177.8,66.3,20.97249092,17.5,75.5,41.5,45.8,6
2419,8,25,2,168.2,54.1,19.12252697,27.9,67,17,18.2,6
2420,8,25,2,168.5,58.6,20.63943506,24.5,78.5,25.7,24.5,6
2421,8,25,2,158.3,53.1,21.19008464,23.3,72,27.1,26.6,6
2422,8,26,1,178.5,85.9,26.95980353,19.2,93.5,49.4,47.3,6
2423,8,26,1,179.2,82.2,25.59739716,17.8,87.5,47.7,45.4,6
2424,8,26,2,158.3,45.4,18.11732283,19.6,62,18.9,17.3,6
2425,8,26,2,166.3,55.3,19.99588511,28.6,65,25,24.2,6
2426,8,27,1,170.4,81.1,27.93069056,31,88,43.4,39.4,6
2427,8,27,1,173.7,82.5,27.34351307,23.9,91.2,48.5,42.7,6
2428,8,28,2,159.7,47.8,18.74209195,17.7,71.9,27.6,26.9,6
2429,8,28,2,157.5,47.1,18.98715042,19.9,69,23.5,22.3,6
2430,8,29,1,169.2,76,26.5468426,23.5,81,63.5,59.5,6
2431,8,29,2,160.5,58.2,22.59294844,30.1,71,35.2,36.1,6
2432,8,29,2,165,54,19.83471074,23,68,26.9,30.4,6
2433,8,30,2,162.5,68.8,26.05443787,34.6,87.5,35.5,34.2,7
2434,8,31,1,179.2,90.3,28.11976842,25.5,91,43.1,42,7
2435,8,31,1,178.9,79.2,24.74597105,20.5,89.8,47.9,48.6,7
2436,8,31,2,170.4,60.2,20.73276907,26,74.7,33.3,36.6,7
2437,8,31,2,169.5,66.8,23.25075487,28.8,83,21.3,17.3,7
2438,8,31,2,161.9,52.3,19.9529903,32,72,21.2,18.6,7
2439,8,32,1,175.2,69.7,22.70725173,20.8,84,47.9,43.1,7
2440,8,32,1,173,70.1,23.42209897,20.3,82,42.7,34.9,7
2441,8,32,2,162.7,59.9,22.62828899,28.1,76,21.7,21.1,7
2442,8,32,2,150.3,47.7,21.11545372,32,70.2,22.8,22,7
2443,8,33,1,178.1,77.9,24.55894004,18.9,86,36.7,36.6,7
2444,8,33,1,167.5,77.6,27.65872132,27.1,85.2,35.9,32.6,7
2445,8,33,1,173.7,80.8,26.78007099,32,95,36.4,43.6,7
2446,8,33,2,162.7,65.8,24.85711879,36.5,88.2,25.6,21.4,7
2447,8,34,1,168.2,63,22.26837707,20.6,75.2,36.4,35.5,7
2448,8,34,1,177.9,80.5,25.43571699,21,82.5,46.3,48,7
2449,8,34,2,161.3,56.9,21.86973555,35.4,70.7,24.9,24.3,7
2450,8,34,2,157.5,50.4,20.31746032,25.4,75.5,25.4,23.2,7
2451,8,35,1,177.8,91.3,28.88067001,25.7,97.2,54.8,51.4,8
2452,8,35,1,176,93.6,30.21694215,31.7,102,41,39.4,8
2453,8,35,1,172.4,77.6,26.10881724,24.6,90.5,51.9,51.9,8
2454,8,35,1,169.4,82.6,28.78413848,29.1,100,37.1,30.9,8
2455,8,35,1,174.6,71.1,23.3228233,22,88,47,42.7,8
2456,8,35,2,157,50.7,20.56878575,20.6,62,35.9,32.5,8
2457,8,36,1,175.2,74.7,24.3361794,28.3,92,39.9,38,8
2458,8,36,1,175,75.9,24.78367347,18.5,84,50.4,46.8,8
2459,8,36,2,155,53.7,22.35171696,27.9,70,22.4,21.2,8
2460,8,36,2,157.2,60.8,24.60359083,31.9,86,25.8,24.2,8
2461,8,37,2,160,49.1,19.1796875,18.9,65.4,22.5,20.4,8
2462,8,37,2,164.5,58.5,21.61842555,21.7,74,36.8,30.2,8
2463,8,38,1,170,74.7,25.84775087,23.4,86,50.7,44,8
2464,8,38,1,169,71.4,24.99912468,24.6,84,46.7,41.7,8
2465,8,38,2,157.8,59.1,23.73413909,27.8,70.7,25.7,20.2,8
2466,8,38,2,163.9,55.6,20.69745202,22.4,79,30.1,29.6,8
2467,8,39,2,158,53.3,21.35074507,31.8,78,24.5,22.1,8
2468,8,39,2,164,58.1,21.60172516,20.9,72,28.8,24.9,8
2469,8,40,2,151,51.5,22.58672865,27.5,71.5,26.3,22.3,9
2470,8,40,2,160,55.4,21.640625,34.6,84.5,27.6,25.7,9
2471,8,41,1,163.3,77.9,29.21225535,30.6,95.2,32.6,30.8,9
2472,8,41,1,183.4,91.9,27.3222744,25.2,96,56.8,47.1,9
2473,8,41,2,161.1,60.4,23.27265105,26.8,80.5,32.7,29.2,9
2474,8,41,2,155,62,25.80645161,24.6,80,32.5,28.9,9
2475,8,41,2,161.4,57.4,22.03458278,29,73.5,22.8,23.9,9
2476,8,43,1,172.1,68.5,23.12750752,16.2,79.5,43.2,37.5,9
2477,8,43,1,169.8,65.7,22.7871493,24.2,83,37.6,34.6,9
2478,8,43,1,169.8,65.7,22.7871493,24.2,83,34.6,37.9,9
2479,8,43,1,170.1,88.2,30.48315806,30,97,45.7,43,9
2480,8,43,1,167.4,74.9,26.72827373,21.7,82,48.9,43.6,9
2481,8,43,2,160.4,63.2,24.56452385,33.9,70,26.4,26.2,9
2482,8,44,1,171.9,79.5,26.90390838,31.8,96,34.5,33.6,9
2483,8,44,1,178,76.7,24.20780205,27.2,88,48.7,40.1,9
2484,8,44,2,155,69.3,28.84495317,37.7,91,27.6,25.8,9
2485,8,44,2,159,51,20.17325264,32.8,62,19.4,19.4,9
2486,8,44,2,154.4,63,26.42688394,37.9,88.9,17.8,16.4,9
2487,8,45,1,188,78.6,22.23856949,13,79,45.1,37.1,10
2488,8,45,1,178,89.5,28.247696,28.5,84,47.4,45.7,10
2489,8,45,1,174.5,70.6,23.18535973,13.3,80,50.4,44.2,10
2490,8,45,2,158,55.4,22.19195642,26.9,67,33,29.9,10
2491,8,45,2,150,59.2,26.31111111,27.4,85,31.1,30.4,10
2492,8,46,1,178.5,72.9,22.87974013,13.4,77.5,43.6,42.3,10
2493,8,47,1,174.1,74.2,24.47971532,23.9,83.8,48,40.3,10
2494,8,47,1,176.9,91.6,29.27115152,31.8,102,44.1,49.6,10
2495,8,47,2,156.7,52.7,21.46212017,34.2,72,27.2,25.7,10
2496,8,47,2,167,64.8,23.23496719,23.9,84,34.7,33.8,10
2497,8,48,1,178.1,84.3,26.57661932,14.6,90,58.4,52,10
2498,8,48,1,168,68.3,24.19926304,26.3,81,34.7,34.8,10
2499,8,48,1,170,76.7,26.53979239,23.3,82,41.3,38.4,10
2500,8,48,2,163.5,65.4,24.4648318,32.6,77,31.6,29.9,10
2501,8,48,2,166,60.7,22.02787052,29.8,69,29,25.2,10
2502,8,48,2,166.6,92.2,33.21856954,37,108,37,35.9,10
2503,8,48,2,159.2,64.8,25.56753617,27.8,73,26.4,26.8,10
2504,8,48,2,160,64.3,25.1171875,23.8,80,31.9,29.9,10
2505,8,49,1,169.5,80.8,28.12366756,20.2,89,51.5,44.5,10
2506,8,49,2,162.2,53.4,20.29736013,27,68.7,27.2,26.5,10
2507,8,50,1,173,76.3,25.49366835,25,85,40.4,34.1,11
2508,8,50,2,158,56.1,22.4723602,28.8,81.8,21.4,28.6,11
2509,8,50,2,152.8,50,21.41525726,34.2,81.1,22.7,22.2,11
2510,8,50,2,171.9,70.5,23.8581829,17.1,83.8,49.9,49.5,11
2511,8,50,2,159.9,52.8,20.65080544,25.9,77,24.7,21.7,11
2512,8,50,2,157.4,62.7,25.30801509,31.9,85,30.8,30.3,11
2513,8,51,1,180.4,91.2,28.02346104,24.7,102,45.4,39.7,11
2514,8,51,1,175.4,81.1,26.36098756,19.8,91.8,61.4,52.4,11
2515,8,51,1,172.3,67.7,22.80437184,17.3,80,43.6,42.3,11
2516,8,52,1,171.5,72.1,24.51359553,17.3,85,47.8,42.9,11
2517,8,52,2,158.9,48.2,19.08970617,21.7,70.1,26.8,24.9,11
2518,8,53,1,163.6,71.5,26.71403208,23.7,92.2,43,37.9,11
2519,8,53,1,167,68.4,24.5257987,26.2,89,46.6,45,11
2520,8,53,2,162.4,60.7,23.01530006,23.7,75.5,29.4,28,11
2521,8,53,2,158.5,54.1,21.53469534,32.4,77,20,16.5,11
2522,8,53,2,153.5,59.4,25.20981655,26.9,75.5,28.6,31.4,11
2523,8,54,1,161.5,77.7,29.79037468,34.8,104,38.4,36.4,11
2524,8,54,1,180.6,82.6,25.32471435,32.4,89,24.4,27.3,11
2525,8,54,1,161.4,68.1,26.14207469,24.1,89,43.5,42.3,11
2526,8,54,2,159.2,62.9,24.81787076,34.3,84.5,26.5,28.3,11
2527,8,55,1,175.1,83.4,27.20155669,19.3,93,53,54.5,12
2528,8,55,2,162.5,58.6,22.19171598,33.3,81.5,29.8,30.5,12
2529,8,55,2,149.7,51.3,22.89147433,33.4,80,24.2,21,12
2530,8,55,2,163.7,71.1,26.53213766,36.7,90,26.4,22.2,12
2531,8,55,2,161.7,58.7,22.45008871,30.1,86,21.7,21.4,12
2532,8,55,2,163.6,62.7,23.42615121,30.2,85,24.1,26.5,12
2533,8,56,1,161.7,59.1,22.60307058,21.7,82,35.4,37.4,12
2534,8,56,1,164.6,55.3,20.41105578,17.9,72.1,38.1,34.4,12
2535,8,56,2,155.4,58.3,24.14162646,30.2,70,28.2,29.7,12
2536,8,56,2,156,54.9,22.5591716,29.3,68,23.2,21,12
2537,8,57,1,164,56.7,21.08120167,14.8,76,35,32.8,12
2538,8,57,1,168.1,72.6,25.69219407,21.6,87,47.9,43.7,12
2539,8,57,2,161.1,58,22.34790995,33.2,80,19.5,18.1,12
2540,8,57,2,147.5,44.9,20.63774777,35,73.5,19.8,16.8,12
2541,8,57,2,158.2,59.6,23.81405221,23.7,79,24.7,21.4,12
2542,8,58,1,162.3,54.5,20.68995102,13.7,72.5,39.2,34.2,12
2543,8,58,1,167.4,69.5,24.80126868,23.3,83,39.9,36.4,12
2544,8,58,1,179,74.8,23.3450891,18.4,81,40.6,39.1,12
2545,8,59,1,165.8,65.6,23.8635355,23.3,86,41,34.7,12
2546,8,59,1,171.8,75.8,25.68164785,20,88.6,39.8,36.9,12
2547,8,60,1,162.2,50.2,19.08103892,11.6,70,39.9,40.7,13
2548,8,60,1,168.9,66,23.13580613,23.7,87,33.7,32.3,13
2549,8,60,1,163.9,62.1,23.11711817,23.7,83,33.9,30.1,13
2550,8,60,2,151.3,47.9,20.92462374,23.1,66,24.6,21.7,13
2551,8,60,2,148.6,50.7,22.95991841,29.7,74,12.3,8.9,13
2552,8,61,1,176.7,78.9,25.26992216,22.8,86.9,42.9,38.6,13
2553,8,63,2,164.5,68.3,25.23997376,37.2,82,26.1,25.2,13
2554,8,64,1,160.7,64.8,25.09246068,19.7,86,40.8,38.5,13
2555,8,64,1,159.7,65.3,25.6037365,24.2,80,36.9,36.3,13
2556,8,64,2,164.1,68,25.25176567,35,82.3,24.3,22.2,13
2557,8,64,2,148.6,59.2,26.8092144,36.1,86,22.5,20.1,13
2558,8,64,2,154.1,55.2,23.24522746,23,78.8,27.1,28.4,13
2559,9,19,2,159,52.2,20.64791741,32.2,76.2,19.2,21.6,4
2560,9,20,1,169.2,57.5,20.08478223,12.6,71.7,41.6,33.4,5
2561,9,20,1,174.8,71.6,23.43312265,20.8,85.8,45.2,43.8,5
2562,9,21,1,175.5,71.3,23.14916275,14.8,78.4,32.8,32.3,5
2563,9,21,1,167.8,60.5,21.48678616,21.5,80.2,35.4,31.1,5
2564,9,21,2,159.7,54.5,21.36912158,26.6,75,22.6,23.5,5
2565,9,22,1,168.8,63.7,22.356023,19.1,80.7,35.5,38.5,5
2566,9,22,1,171,70.6,24.14418112,14,80.9,43.2,53.9,5
2567,9,22,1,179.5,70.4,21.84961321,17.8,82.3,38.6,43.1,5
2568,9,22,2,158.4,57.2,22.79741863,36,79.6,20.3,19.2,5
2569,9,22,2,160.5,46.1,17.89578905,23.2,69.1,16.8,22.1,5
2570,9,22,2,167.9,64.06,22.72403984,30,83.4,33.2,29,5
2571,9,22,2,164.8,56.7,20.87702658,26.9,76.8,21.9,25.4,5
2572,9,22,2,167.1,55,19.69744016,20.3,72.9,20.7,23.6,5
2573,9,23,1,174.3,75.5,24.8514754,14.5,81.4,53.6,48.7,5
2574,9,23,1,172.3,66.3,22.33278955,15.9,74,43.4,38.9,5
2575,9,23,1,170,67,23.183391,15.2,78,46.5,48.1,5
2576,9,23,2,164.1,64.2,23.84063759,28.2,79.1,34,28.4,5
2577,9,23,2,167.6,71,25.27611485,32,89,30.1,32.4,5
2578,9,24,2,166.8,56.5,20.30749501,24.9,80,33.9,34.5,5
2579,9,25,1,174.3,60.3,19.84826446,12.3,76.5,40,39.5,6
2580,9,25,2,163,58.4,21.98050359,31.3,71,27.3,21.5,6
2581,9,25,2,161.4,62.58,24.02306952,30.1,92,29.5,28.8,6
2582,9,25,2,157.4,51,20.58546682,29,70.5,21.1,20.3,6
2583,9,25,2,167,60.4,21.65728423,30.1,84,24.6,23,6
2584,9,26,1,167,63.6,22.80469002,14.5,75,39.6,41.2,6
2585,9,26,2,160.1,47.2,18.41447471,23,66,21.7,20,6
2586,9,27,1,172,64,21.63331531,17.2,78,42.1,36.8,6
2587,9,27,1,173.4,72.1,23.97933188,24.1,87,39.9,38.3,6
2588,9,27,2,181,76.6,23.38145966,23.6,80,37.6,43.8,6
2589,9,28,1,175.6,94.6,30.67906455,28.5,102.2,42.2,39.3,6
2590,9,28,1,168.6,67.4,23.71072076,25.4,83,46.2,45.8,6
2591,9,28,2,159.8,57.3,22.43887463,28.4,79.4,16.8,19.6,6
2592,9,28,2,155.7,45.5,18.76869909,25.1,66.4,18.3,17.1,6
2593,9,28,2,165.5,54.5,19.8975913,24.7,67.4,27.2,25.1,6
2594,9,29,1,173.9,76.8,25.39580923,22.2,91.6,45.4,47.7,6
2595,9,29,1,180.1,76.3,23.52323852,17.5,81,40.7,43.2,6
2596,9,29,1,176.1,81.7,26.3453119,25.1,88.9,36.5,38.3,6
2597,9,30,1,175.9,63.94,20.7,14.5,77.8,33.6,30.6,7
2598,9,30,1,172.2,67.3,22.69597111,16.3,81,52.3,50.1,7
2599,9,30,1,171,68.5,23.42601142,18.1,81,52.7,57,7
2600,9,30,1,181.3,73.8,22.5,10.4,78,42.2,42.9,7
2601,9,31,2,156.8,75.6,30.74890671,46.2,81,25.1,20,7
2602,9,31,2,165,76,27.91551882,34.5,88.4,26.9,22.3,7
2603,9,31,2,165.4,51.8,18.93471398,26.9,75.8,23.3,23.4,7
2604,9,32,1,178,105.5,33.29756344,28.5,96,56.8,58.4,7
2605,9,32,2,162,61.8,23.5482396,37,85.7,23.8,27.8,7
2606,9,32,2,163.4,57.2,21.42357402,17.9,74,25.1,31.4,7
2607,9,33,1,175.3,75,24.40604632,31.2,97,38.8,38.3,7
2608,9,33,1,175,92.08,30.06693878,27.8,97,43,44.5,7
2609,9,33,2,152.5,55.16,23.71835528,34.2,81.5,19.2,20.8,7
2610,9,33,2,164.5,67,24.75956431,32.9,89,26.3,22.7,7
2611,9,34,1,162.4,60.44,22.91671722,14.6,76,39.8,41.7,7
2612,9,34,1,176.9,69.8,22.3048731,15.3,88,45.7,44.5,7
2613,9,34,2,164.7,55.48,20.45263435,19.7,72.9,27.7,33.4,7
2614,9,34,2,158.5,56.2,22.37060773,24.7,78,28.5,30.2,7
2615,9,35,1,171.7,78.9,26.76309976,25.6,92.8,33.3,34.9,8
2616,9,35,1,181.2,61.7,18.79181712,14.9,75.4,44.6,48.7,8
2617,9,35,2,165.2,47.7,17.47826393,24.7,71.1,21.7,16,8
2618,9,36,1,166.2,70,25.34171492,21.8,88.8,34.9,37.7,8
2619,9,36,1,176.5,92.4,29.66077892,17.9,94.7,54.2,53.7,8
2620,9,36,2,152,54.2,23.45914127,32.1,70,23.4,21.5,8
2621,9,36,2,170.1,71,24.53859662,31.9,90.7,29.3,29.4,8
2622,9,36,2,161.8,55.9,21.3527971,32.1,77.9,20.2,23.1,8
2623,9,37,1,174.9,66.8,21.83719456,15,77,46.5,47.7,8
2624,9,37,2,155,54.68,22.75962539,18.5,73,38.5,37,8
2625,9,37,2,161,55.16,21.28004321,28,74.6,22,24.9,8
2626,9,38,1,170.6,78.1,26.83446741,22.2,91.4,47.4,41.2,8
2627,9,38,2,171.2,71.9,24.53134553,30.7,88.3,29,27.4,8
2628,9,39,1,175,71,23.18367347,16.3,80,42.2,45.7,8
2629,9,39,1,180,71.6,22.09876543,21,78.7,41.5,44.2,8
2630,9,39,1,177.1,79.42,25.32169424,20.1,91.3,41.7,52.3,8
2631,9,39,2,161.6,56,21.44397608,32.1,79.8,22.9,20.2,8
2632,9,39,2,157.3,43.5,17.58052385,25.3,69,21.5,20.9,8
2633,9,40,1,177.8,77.6,24.5,20.2,89,41.2,39,9
2634,9,40,1,173,61.7,20.6,14.5,80,42.9,41,9
2635,9,40,1,173.2,73.5,24.50143742,14.2,82.5,50,47.2,9
2636,9,41,1,169.8,74.1,25.70057478,28,88,41.5,37,9
2637,9,42,1,168.9,59.3,20.78717127,12.1,72.5,36.4,37.9,9
2638,9,42,1,179.5,68.5,21.25992194,10.3,74.7,45.6,41.4,9
2639,9,43,1,169,72.1,25.24421414,20.9,80.5,46.6,48.8,9
2640,9,43,2,158.3,49.7,19.83328072,28.1,76.3,16.5,19.6,9
2641,9,43,2,155.7,53.6,22.10994003,36.4,76.4,22.2,25.4,9
2642,9,43,2,161,57,21.98989237,30.1,84.42225115,28,26.4,9
2643,9,43,2,164.5,67.4,24.9073826,32.4,81.3,23.5,26.1,9
2644,9,44,1,177,81.7,26.07807463,23.9,94,47.6,45.4,9
2645,9,44,1,170.5,72.8,25.04278429,12,80,62.1,61.8,9
2646,9,44,2,167.8,75.8,26.92063456,24.1,86.8,32.9,38.9,9
2647,9,44,2,156.5,45.5,18.57730507,19.2,72,27.1,25.2,9
2648,9,44,2,163.3,68.9,25.83728361,32.4,91.4,23.6,27.1,9
2649,9,44,2,158.7,57.6,22.87012982,22.7,75.6,25.6,29.2,9
2650,9,44,2,160.7,57.8,22.38185536,28.9,77.6,29.4,26,9
2651,9,45,1,165.9,67,24.34344458,17.8,83.6,38.8,42.5,10
2652,9,45,1,175,85.92,28.1,22.6,89.6,53.8,45.6,10
2653,9,45,1,166.2,76.3,27.62246927,18.8,85,46.7,47.3,10
2654,9,45,2,166,65.7,23.84235738,29.3,83,30,26.4,10
2655,9,45,2,168,69.4,24.58900227,33.8,92.5,25.6,29.5,10
2656,9,46,1,169,89.9,31.47648892,35.5,106,47.1,41.5,10
2657,9,46,1,170.5,87.4,30.06510092,23.7,93,51.1,49.9,10
2658,9,46,1,169.7,70,24.3,20.3,83,40.9,38.7,10
2659,9,46,1,168.7,78,27.4,25,88.6,50.5,46.2,10
2660,9,46,1,174.1,72.78,24,9.5,75.9,57.1,54.5,10
2661,9,46,2,155.4,49.2,20.37337945,26.3,75.2,21,21.7,10
2662,9,46,2,158.7,50.9,20.2,24.1,68,27.5,24.2,10
2663,9,46,2,165.5,67.2,24.53427771,24.7,83.3,26.1,30.3,10
2664,9,46,2,164,63,23.42355741,31.3,85.5,31.2,27.3,10
2665,9,47,1,172.2,78.1,26.33811804,23.1,95,42.1,39.2,10
2666,9,47,1,172.2,75.8,25.56247563,27.2,92.1,38.3,42.3,10
2667,9,47,2,159.9,82.7,32.34510625,35.5,101.2,21.2,27.7,10
2668,9,47,2,159.8,56.2,22.00811089,30.9,80.1,29.2,31.6,10
2669,9,48,2,153,51.6,22.04280405,26.3,75.9,20.3,21.5,10
2670,9,49,2,150.1,62,27.51885152,37.6,85,26.5,23.3,10
2671,9,50,1,176,70.9,22.88868802,23.2,92.4,41.3,40.1,11
2672,9,50,2,160.8,56.4,21.8125789,31.6,79,21.6,23.3,11
2673,9,50,2,163.9,51.9,19.32010359,26.7,72,25.8,20.6,11
2674,9,51,1,173.7,71.8,23.79714229,15.2,92,49.6,42.5,11
2675,9,51,2,159.4,51.1,20.11149086,29.1,75.7,17.5,15.2,11
2676,9,52,1,170.1,69.9,24.15842118,20.9,80.8,38.2,35.6,11
2677,9,52,1,167.8,72.9,25.89068944,21.5,87,48.5,45.7,11
2678,9,52,2,155.8,55.02,22.6665634,33.5,80,22.7,24.3,11
2679,9,53,1,165.9,59.3,21.54576513,18.6,82,43.8,36.5,11
2680,9,53,1,173.2,76.3,25.43482551,23.6,89,43.3,39.1,11
2681,9,53,1,165,67.1,24.64646465,19.7,83.3,45.4,43.2,11
2682,9,53,2,165.4,68.1,24.89293479,32.4,86.6,22.8,25.2,11
2683,9,53,2,155.8,51.9,21.38121847,25,73.6,24.1,25.3,11
2684,9,54,1,168.7,76.2,26.77471188,26,92,45.3,41.6,11
2685,9,54,1,157.6,54.9,22.1034425,15.9,77,37.2,32.7,11
2686,9,54,1,172.9,74.1,24.78724283,25.7,87,42,34.5,11
2687,9,54,2,165.1,59.4,21.79175956,29.6,78.2,24.1,24,11
2688,9,54,2,158.7,63.5,25.21272993,35.4,87.3,30.1,28.3,11
2689,9,54,2,160.3,60.06,23.37320581,26,81.4,29.4,30.3,11
2690,9,54,2,151.2,55.4,24.23294421,35.3,83.1,21.5,25.7,11
2691,9,55,1,173.4,78.1,26,18.6,89.1,42,41.4,12
2692,9,55,1,173.4,78.1,25.974838,18.6,89.1,41.4,42,12
2693,9,55,1,172.2,67.6,22.79714186,20.6,84,41.9,39.8,12
2694,9,55,1,166.5,68.4,24.67332197,21.4,85.5,44.8,46.2,12
2695,9,55,2,148.1,61.24,27.92062045,39.6,85,18.4,20.4,12
2696,9,55,2,155.6,58.4,24.12090853,30.6,80,27.5,27.1,12
2697,9,55,2,158,65,26.03749399,34,83,17.9,18,12
2698,9,56,1,165.2,75.3,27.6,27.6,92.9,36.4,32.5,12
2699,9,56,1,169,79.2,27.73012149,23.7,92,40.7,44.1,12
2700,9,56,2,149.6,42.3,18.90066916,28.9,69,16.5,18.9,12
2701,9,56,2,153.9,52,21.95462907,39.6,76.5,17.6,18,12
2702,9,57,1,170.6,75.2,25.83805313,24.1,84,34.2,39.2,12
2703,9,57,1,170,72.1,24.94809689,23.7,87.5,50.7,58.6,12
2704,9,57,2,155,60.9,25.34859521,36.3,88,16.4,21,12
2705,9,57,2,158.5,52,20.69878295,22,73,20.5,21,12
2706,9,58,1,167.6,66.7,23.7453079,25,87.1,33.2,30.4,12
2707,9,58,2,155.7,54.7,22.5636888,26.4,76.5,27.4,29.1,12
2708,9,58,2,151.8,51.2,22.21909766,35.2,80.6,18.1,21.3,12
2709,9,59,1,174.3,79,26.00353056,26,90,40,41,12
2710,9,59,2,150.9,55,24.15373015,29.7,78.2,23.4,24.2,12
2711,9,60,1,162.2,56.68,21.54408936,21.7,80,28.4,29.8,13
2712,9,60,2,148,50.3,22.96384222,31.1,72.9,11.4,11.8,13
2713,9,61,1,165.8,71,25.8279119,18.2,83,38,45,13
2714,9,61,1,157.2,64.1,25.93898309,21.4,83.4,32.5,38,13
2715,9,61,2,164.8,62.5,23.01259544,29.5,86,29.5,30.1,13
2716,9,61,2,147.1,45.7,21.11985123,38.6,74.4,11.7,12.3,13
2717,9,62,1,158,57.2,22.91299471,20.6,77,29.5,33.1,13
2718,9,62,2,157,50.6,20.52821615,31.5,70,24.1,25.1,13
2719,9,63,1,164.1,69.3,25.73452002,27.7,88,39.2,36,13
2720,9,63,1,168,72.3,25.6164966,24.3,86,36.5,46.9,13
2721,9,63,2,150.1,48.4,21.48245829,29.9,72.4,18.1,22.4,13
2722,9,64,2,155.4,60.5,25.05263123,33.4,82.7,19.2,24.2,13
2723,10,20,1,180,65.1,20.09259259,8.9,79,29.9,35.4,5
2724,10,20,2,163.2,53.1,19.93674308,32.1,68.4,22.9,21.8,5
2725,10,21,1,164.5,63.4,23.42919966,15.9,75,35.9,30.8,5
2726,10,21,1,172,112.3,37.95970795,36.5,108,60,59.8,5
2727,10,21,1,163.2,68.3,25.64368272,16.6,77,55.8,55.2,5
2728,10,21,2,167,52.6,18.86048263,26,60.3,26.8,19.2,5
2729,10,21,2,166.5,46.6,16.8096024,18.1,68.4,25.7,22.7,5
2730,10,21,2,157.5,39.6,15.96371882,24.5,66.5,18.5,17.6,5
2731,10,21,2,166.1,53,19.21040871,17.1,68.9,26.8,26.2,5
2732,10,22,1,170.3,63.8,21.9984146,15.7,78.3,50.8,43.7,5
2733,10,22,1,167.2,62.1,22.21360546,15.4,79.2,54.6,52.6,5
2734,10,22,1,172.6,73,24.50424225,15.3,78,47.9,46.5,5
2735,10,22,2,162,52.5,20.00457247,21,70.5,25.3,23.8,5
2736,10,22,2,156.9,57.2,23.23539937,31.8,68,22.1,20.9,5
2737,10,23,1,171,75.7,25.88830751,19.3,89,47,31,5
2738,10,23,1,184.4,72.1,21.20378692,10.6,79.5,48.9,46.2,5
2739,10,24,1,178.1,80.2,25.28404353,19.8,85.7,50.7,47.3,5
2740,10,24,2,154.6,61.8,25.85648563,31.9,78,28.9,27.2,5
2741,10,24,2,161.4,59.3,22.7639505,30.9,79.8,30.9,27.3,5
2742,10,24,2,158.4,51.5,20.52564789,29.3,63,27.5,27.1,5
2743,10,25,1,169.5,69.5,24.19053089,14.3,82.6,56.2,54.6,6
2744,10,25,1,169,66.1,23.14344736,16.5,84.2,54.2,52.3,6
2745,10,25,2,174,63.9,21.1058264,21.7,63,31.7,29.3,6
2746,10,25,2,165.6,58.9,21.47803916,25.1,78.6,34.7,32.1,6
2747,10,25,2,154.5,60.2,25.21967721,25.3,79.7,37.1,36.5,6
2748,10,26,1,173.9,64,21.16317436,8.4,70.1,46.9,46,6
2749,10,26,2,158.2,57.1,22.81514062,28.7,68,29.2,27.7,6
2750,10,26,2,164.8,67.18,24.73577858,31.4,83.2,23,20.7,6
2751,10,27,1,175.6,76.7,24.87404071,21.7,75,38.5,36.5,6
2752,10,27,2,160.4,46.8,18.19018538,26.3,66.2,20,19.1,6
2753,10,27,2,164.1,59,21.90962022,18.3,65,44.6,39.8,6
2754,10,28,1,162,64.1,24.42463039,22.2,81,42.3,40.1,6
2755,10,28,1,177,60.2,19.21542341,9.3,71,27,26.2,6
2756,10,28,2,168.2,61.9,21.87956413,19.6,73.1,27,26.2,6
2757,10,29,1,171.5,61.2,20.80765667,11.8,65,49.1,43.5,6
2758,10,29,1,180.7,80.7,24.71480735,24.8,92.5,49,35.9,6
2759,10,29,1,175,105,34.28571429,36.1,121.3,41.9,34.6,6
2760,10,29,2,159.5,67.1,26.37552697,35.3,87.3,30,26.8,6
2761,10,30,1,178.9,75.2,23.49617453,15.9,82.6,46.3,43.3,7
2762,10,30,1,180.2,136.7,42.09775548,40,137.9,57.8,55.7,7
2763,10,30,1,179,80.7,25.18647982,21.8,81.3,55.3,40.2,7
2764,10,30,2,165.3,58.4,21.37308141,35.4,80.4,26.2,22.8,7
2765,10,30,2,165.5,58.5,21.35796497,27.5,72.2,27.6,25.4,7
2766,10,30,2,161.4,60.1,23.0710527,30.2,80.6,30.4,27.6,7
2767,10,31,1,165.7,60.4,21.9984419,32.3,86.3,29,28.9,7
2768,10,31,1,181,74,22.58783309,21.2,80,47.6,50.4,7
2769,10,31,1,168.4,73.9,26.0591511,20.8,87,50.3,43.3,7
2770,10,31,2,165.5,52.1,19.02136709,28.9,78.5,23.4,21.3,7
2771,10,31,2,162.8,54.2,20.44986689,26.1,76.2,26.3,24.1,7
2772,10,32,1,177.5,91,28.8831581,25,96,55.5,47.5,7
2773,10,33,1,181.8,84.6,25.59661907,21,93.6,55.1,50,7
2774,10,33,2,162.3,59.7,22.66403809,31.9,69,28.4,23.3,7
2775,10,33,2,176,67.9,21.92019628,14.2,73.8,45,39.3,7
2776,10,34,1,166.5,71.6,25.82762943,23.1,87.5,44.3,39.4,7
2777,10,34,2,160.5,56.9,22.08829495,26.7,71,26.2,23.1,7
2778,10,34,2,173.1,63.5,21.19237302,21.9,69,41.8,43.2,7
2779,10,35,2,167,54.3,19.47004195,22.4,78.1,26.1,23.4,8
2780,10,36,1,179.3,92.5,28.77273552,27,101.2,48.7,42.4,8
2781,10,36,1,182.2,74.8,22.53226512,24.2,77.2,53.1,50.1,8
2782,10,36,2,163.4,52.8,19.77560679,23.6,77.6,38.4,37.8,8
2783,10,36,2,168.6,64,22.51463099,21.6,67,43,33.9,8
2784,10,36,2,163.5,54.8,20.49958384,20.3,76.8,36.8,37.6,8
2785,10,36,2,155.6,50.6,20.89928034,31.4,75.5,23.3,22.6,8
2786,10,36,2,157.1,63.2,25.60735417,37,87.2,23.2,21.8,8
2787,10,36,2,156.4,54.3,22.19863816,34.5,80.1,28.9,26.3,8
2788,10,37,1,170.2,68.2,23.5431876,18.8,80.1,40.5,38.2,8
2789,10,37,1,186,105,30.35032952,15.01,96,65,66,8
2790,10,37,1,187.5,101.8,28.95644444,23.8,90,52.4,48.3,8
2791,10,37,2,162.1,51.2,19.48515798,23.4,62,27.2,24,8
2792,10,38,1,178.3,84.18,26.5,24.9,95.1,48.5,45.2,8
2793,10,38,2,164,65.4,24.3158834,35.3,77,30.1,26.2,8
2794,10,39,1,173.3,64.6,21.50975148,17.9,73,38.7,39.9,8
2795,10,39,1,182,97,29.28390291,24.8,87.8,54.3,51.3,8
2796,10,39,1,171,71.9,24.58876235,17.4,86.6,53.1,51.9,8
2797,10,40,1,185,94.9,27.72826881,20.7,99.8,35.2,34,9
2798,10,40,1,168.2,66.3,23.43481587,26.9,78,42.3,40.7,9
2799,10,41,2,162.9,85.5,32.21988204,42.1,105,28.5,27.7,9
2800,10,41,2,170.3,52.9,18.24006477,21.5,70.9,27.5,25.4,9
2801,10,42,1,179.8,115.3,35.66563268,38.6,114,50.5,47.9,9
2802,10,42,1,177.5,79.4,25.20134894,18.3,90.8,63.1,62,9
2803,10,42,2,163,58.3,21.94286575,33.2,75,22.8,19.5,9
2804,10,42,2,150.9,47.9,21.03570317,27.7,69.9,19.3,21.5,9
2805,10,42,2,160.8,57.68,22.30761615,32.2,79.1,22.2,20.3,9
2806,10,43,1,173.2,70.8,23.60138461,22.8,81,50.8,47.6,9
2807,10,43,1,170,77.3,26.74740484,24.8,82.9,52,50.1,9
2808,10,43,1,165.5,76.8,28.03917452,29,94,41.5,33.4,9
2809,10,43,1,170.5,85.1,29.27391405,29.3,97,51.8,50,9
2810,10,43,1,168.3,79.5,28.06718755,33.5,94,30.3,25.1,9
2811,10,43,2,161.3,52.7,20.25544927,28.6,68,31.6,23.3,9
2812,10,43,2,163.8,77.2,28.77328885,38,97.5,23,20.1,9
2813,10,44,2,154,53,22.34778209,22.8,73,32,31.5,9
2814,10,44,2,160.3,53.4,20.7813718,25.3,76.5,30.3,32.7,9
2815,10,45,1,168.4,66.3,23.37918427,23.4,83,41.1,32,10
2816,10,45,1,165.1,83.1,30.48645151,30.4,89,43.7,36.9,10
2817,10,45,1,185.3,103.7,30.20145858,27.9,94.5,54.5,53.2,10
2818,10,45,1,157.4,65.8,26.55928857,26.9,87,35.3,34.1,10
2819,10,45,1,173.6,76.6,25.41729491,26,84,49.5,45.6,10
2820,10,46,1,171.7,69.1,23.43891246,21.9,82,51.2,44,10
2821,10,46,1,175.8,77,24.91454634,20.5,85.9,48.8,42.9,10
2822,10,46,2,154.7,55.8,23.31597449,38.5,77,22.1,16,10
2823,10,47,1,173.4,76.3,25.37618616,19.2,79.9,46.4,43.4,10
2824,10,47,2,160.7,65.9,25.51841295,37.2,89.1,30.3,26.6,10
2825,10,47,2,159.5,58.3,22.91644147,41.5,74.5,26.2,24.2,10
2826,10,47,2,157.7,56.9,22.87962383,34.4,70,27.6,24.3,10
2827,10,47,2,152.8,56.5,24.1992407,37.4,77.9,24.1,22.5,10
2828,10,48,1,176.7,89.1,28.53675621,24.8,92.8,48.2,39.9,10
2829,10,48,2,163.4,56.1,21.01158221,33.8,83.6,20.4,18.2,10
2830,10,48,2,155.5,74.2,30.68620051,37.8,88.7,30.6,30.2,10
2831,10,49,1,165,74.4,27.32782369,25.5,91.5,42.4,43.1,10
2832,10,49,2,150.8,60.1,26.42845584,30.4,87.2,24,23.7,10
2833,10,49,2,166.6,67.3,24.24739404,30.6,80.8,33.8,25.6,10
2834,10,49,2,149.5,56.8,25.41358598,32.8,73.5,31.3,31.3,10
2835,10,50,1,165.4,75.4,27.56134043,28.1,83.5,49.5,48.5,11
2836,10,50,1,169.2,78.6,27.45502406,28.4,96.5,43.7,41.3,11
2837,10,50,1,163.4,57.2,21.42357402,18.4,75.1,40.3,40,11
2838,10,50,1,170.2,68,23.47414599,14.4,71,48,47.1,11
2839,10,51,1,168.4,65.2,22.99129434,23.1,79,42.9,41.4,11
2840,10,51,2,159.6,58.9,23.1232844,27.5,83,25.1,24,11
2841,10,51,2,151.8,71.5,31.02862271,40.6,95.7,31.8,33.2,11
2842,10,52,1,170.3,84.4,29.10135097,28.9,97,41.3,40.6,11
2843,10,52,1,165.2,59,21.61881702,10.8,71.5,43.8,41.2,11
2844,10,52,1,163.1,62.5,23.49481855,18.7,80.1,51.4,50.2,11
2845,10,52,2,157.5,56.5,22.77651801,32.9,76,21.3,15.9,11
2846,10,52,2,168.1,70.8,25.05519752,34.7,90.7,24.2,21.3,11
2847,10,53,1,172.1,70.9,23.93781435,19.1,84,46.4,49.2,11
2848,10,53,2,160.4,58.3,22.6599959,34.1,79.1,23.6,22,11
2849,10,53,2,148.8,49.9,22.53692623,27.6,64,30.5,28.9,11
2850,10,53,2,157,59.3,24.05777111,34,78,23.1,18,11
2851,10,54,1,162.2,64.5,24.51647431,15,79,30.6,29.8,11
2852,10,54,2,155.6,60.4,24.94696704,30.6,80.1,24.6,24.6,11
2853,10,54,2,160,68,26.5625,27,84,26.7,25.4,11
2854,10,54,2,160.3,60.8,23.66118736,32.6,72,28.1,27.2,11
2855,10,55,2,154.2,60.9,25.61229794,39.9,85,31.2,26.8,12
2856,10,55,2,159.4,60.5,23.81106061,41.2,88.7,23.2,15.6,12
2857,10,56,1,173.1,67.8,22.6,20.9,80.8,48.8,45.4,12
2858,10,56,2,154,60,25.29937595,34.2,87,35,34,12
2859,10,56,2,158.8,63,24.98271038,33.4,78.5,23,22.1,12
2860,10,57,1,168.7,76.7,26.95039897,26.5,84.3,32.5,33.7,12
2861,10,57,1,163.5,70,26.18559979,34.7,90,34.2,28.5,12
2862,10,57,1,172.5,75.1,25.2383953,23.8,86,45.2,43,12
2863,10,57,1,168.7,67.6,23.75289401,21.8,80.3,36.7,35.4,12
2864,10,57,2,145.1,51.8,24.60338909,31.6,76,27.4,24.1,12
2865,10,58,1,171.2,86.3,29.44443838,28.5,96.4,41.7,37.5,12
2866,10,58,1,162,62,23.62444749,18.8,81.5,33.9,14.5,12
2867,10,58,1,175,69,22.53061224,21,83.6,31.8,30.6,12
2868,10,58,1,170,75.9,26.26297578,22,88.8,45.7,42.1,12
2869,10,58,2,156,71.6,29.42143327,42.7,84.5,28.8,29.7,12
2870,10,58,2,158.2,70.8,28.28917611,42.9,96,23.5,18.5,12
2871,10,58,2,145.7,53.6,25.24908743,36.5,81.2,26.5,25.7,12
2872,10,59,1,170.2,68,23.47414599,19.2,84.1,37.5,42.1,12
2873,10,59,2,149.9,58.9,26.21271642,39.3,84.7,34.9,33.6,12
2874,10,59,2,146.1,43.2,20.23873272,23.3,64.9,22.4,21.5,12
2875,10,60,1,170.7,76.3,26.18529649,18.1,84.3,48.3,48.1,13
2876,10,60,1,175.6,89.3,28.96025861,28.9,98,44.3,43.2,13
2877,10,60,1,163.7,69.7,26.00970457,22.1,83.2,38.5,38.2,13
2878,10,60,2,154.5,61.6,25.80618133,35.3,85.9,26.1,25.3,13
2879,10,60,2,157.8,58.5,23.49318336,34,72.5,23.8,23.8,13
2880,10,61,2,152,63.4,27.44113573,40.9,90.9,24.2,24.9,13
2881,10,61,2,155.7,68.2,28.13242369,39.2,94,24.8,20.3,13
2882,10,62,2,155.1,58.5,24.31824729,33.3,84.3,25.6,21.8,13
2883,10,64,1,167.5,73.4,26.16172867,30.9,87,41.6,38.4,13
2884,10,64,1,178.9,77.5,24.21480753,23.3,87,44.2,36.2,13
2885,10,64,1,165.6,70.8,25.81740531,25.1,83.1,38.2,36.6,13
2886,10,64,2,153.4,50.3,21.37554841,31.8,66,23.2,22.8,13
2887,11,19,1,169.5,56.9,19.80490946,11.7,68.7,31.3,22.7,4
2888,11,19,2,150.4,46.9,20.73371718,26.2,69.1,27.4,23.3,4
2889,11,20,1,173.6,71.7,23.7913844,17,78.5,41.9,39.3,5
2890,11,20,1,164,48.3,17.95806068,11.9,67.4,36.7,35.3,5
2891,11,20,1,178.8,75.2,23.52246395,17,83.1,46,44.5,5
2892,11,20,1,174.7,71.1,23.29613052,15.9,76.8,45,35.4,5
2893,11,20,1,171,68.1,23.2892172,11.3,71.00079618,49.7,59.6,5
2894,11,20,2,165.1,55.1,20.21424161,25.6,72.9,23.9,20,5
2895,11,20,2,157.7,52.2,20.98974277,19.9,69.8,26.8,26.3,5
2896,11,21,2,161.2,47,18.08705183,20.2,70.9,29,25.4,5
2897,11,21,2,158.6,60.2,23.93261339,34.5,83.4,30.3,26.9,5
2898,11,21,2,179.6,60.9,18.88011468,27,80.8,31.5,26.1,5
2899,11,22,1,172.3,71,23.91595865,21.4,79.7,31.4,28.5,5
2900,11,22,1,176,70,22.5981405,12.2,72.23757962,42.9,44.6,5
2901,11,22,2,166.7,52.5,18.89244227,27,75.5,22.9,22.5,5
2902,11,22,2,160.4,56.9,22.11584505,18.8,73.6,36.5,32.5,5
2903,11,23,1,173.3,65.7,21.87601659,19.1,75.8,37.2,35.7,5
2904,11,24,1,167.7,70.1,24.92595994,26.8,85.1,34,33.3,5
2905,11,24,2,166.4,58.5,21.12755409,32.9,81,22.9,20.2,5
2906,11,24,2,161.7,47.3,18.09010555,28.2,66.5,22.1,20.8,5
2907,11,25,2,158.6,45.3,18.0090928,16.2,66.4,23.9,23.6,6
2908,11,25,2,156,64.16,26.36423406,32.9,82.9,26.1,24.3,6
2909,11,25,2,163,51.1,19.23294065,26.5,70.7,16.9,14.8,6
2910,11,26,1,168.7,96.98,34.07626717,32.6,109,50.3,49.9,6
2911,11,26,1,178.8,88.1,27.55756748,24.8,97.9,44.9,47.4,6
2912,11,26,1,173.8,78.62,26.02756233,25.1,91.4,53.2,49.9,6
2913,11,26,2,161.8,55.86,21.33751782,26.2,75.4,24.8,21.1,6
2914,11,26,2,163.6,78,29.14258045,26.5,72,26.6,26.5,6
2915,11,27,1,177.8,71.8,22.71229032,12.3,75.2,44.6,40.7,6
2916,11,27,1,176.5,71.3,22.88759239,13.6,80.5,44.5,46,6
2917,11,27,1,164,66.3,24.65050565,21.7,78.6,44.6,43.4,6
2918,11,27,2,153.2,55.54,23.66401025,34.6,79.9,15.6,15.4,6
2919,11,28,2,162,56.5,21.52873038,28.1,77.1,19.2,18.5,6
2920,11,29,1,178.1,70.1,22.09989341,20.3,80.8,37.1,32.5,6
2921,11,29,1,175.8,86.2,27.89134928,31.6,99.7,37.2,34,6
2922,11,29,1,165,66.82,24.543618,15.8,75.3,39.9,42.3,6
2923,11,29,2,162.3,55.4,21.03161994,30.7,78.9,26.7,24.7,6
2924,11,29,2,166.4,67.1,24.23348511,27.3,79.7,27.5,24.1,6
2925,11,30,1,171,74.6,25.51212339,27.3,89.4,36.7,42.7,7
2926,11,30,1,165,66.82,24.543618,15.8,75.3,39.9,42.3,7
2927,11,30,1,182,76.4,23.06484724,6.8,75.4,59,55,7
2928,11,30,2,163.7,70.92,26.5,32.6,85.7,27.3,25.2,7
2929,11,30,2,155.6,55.3,22.84051784,22.9,75.7,27.7,27.2,7
2930,11,31,1,180,86.36,26.65432099,25.6,102.4,42.6,39.9,7
2931,11,31,1,176,73.1,23.59891529,15.6,82.1,46.4,44.6,7
2932,11,31,2,164,53.88,20.03271862,15.3,68.1,25.9,25.3,7
2933,11,31,2,166.1,59.36,21.51565775,24.1,72.7,28.5,27.2,7
2934,11,32,1,171,63.4,21.68188502,13.3,76.1,40.3,43.3,7
2935,11,32,1,167.1,64.7,23.17135233,20,79.6,41.1,39,7
2936,11,32,1,173,67.7,22.62020114,14.1,82,43.9,35,7
2937,11,32,2,158.7,65.3,25.9,39,90.4,27.6,26.4,7
2938,11,33,1,172.6,63.1,21.1810642,13.5,75.2,45.1,43.5,7
2939,11,33,2,166.3,47.78,17.27673401,21.5,69.1,23.1,26.8,7
2940,11,33,2,163.6,50,18.68114131,16.6,69.1,27.3,26.9,7
2941,11,33,2,163.6,50.04,18.69608623,16.6,69.1,29.3,26.9,7
2942,11,34,2,158.6,59,23.45555133,23,78.2,28.5,23.3,7
2943,11,35,1,181.5,81.6,24.77062131,28.8,93.9,44.3,38.5,8
2944,11,35,2,148.5,54.86,24.8772801,40.7,81,22.4,17.5,8
2945,11,35,2,148.5,54.86,24.8772801,40.7,81,22.4,17.5,8
2946,11,36,1,176.4,65.7,21.11388773,14.1,77.8,55,46.9,8
2947,11,36,2,155.7,51.3,21.1611926,27.4,73.3,26.5,25.4,8
2948,11,37,1,170.4,76.5,26.34645904,27.8,86.5,42,41.6,8
2949,11,37,1,173.2,56,18.66776184,10.4,73.4,43.8,43.1,8
2950,11,37,1,167.6,66.78,23.77378803,23,88,49.5,44.7,8
2951,11,37,1,166.5,68.6,24.74546619,25.4,84.9,41.4,37.7,8
2952,11,37,1,166.4,74.1,26.76156851,21.7,87.1,39.6,38.1,8
2953,11,37,2,148.4,41.5,18.84431238,22.5,65,23,21.6,8
2954,11,37,2,170.2,50.32,17.37086803,21,72.1,26.6,23.9,8
2955,11,38,1,171.4,91.9,31.28195423,31.1,104.1,47.3,44.5,8
2956,11,38,2,154.2,58.9,24.77117157,34.3,86.7,23.9,23.2,8
2957,11,38,2,153.5,49.9,21.17794353,27.8,74,24,23.8,8
2958,11,38,2,159.3,54.7,21.55538453,23.9,77.3,31.3,31.2,8
2959,11,39,1,178.1,78.4,24.71657123,15.8,84.8,59.3,56.4,8
2960,11,39,2,167.5,66.3,23.63109824,25.3,75.1,24.4,22.7,8
2961,11,40,1,171.3,75.8,25.83178871,25.7,93.9,42.3,41.5,9
2962,11,40,1,166.9,70.6,25.34498437,24.6,81.8,35.1,35.4,9
2963,11,40,2,163,75.9,28.5671271,38.5,97.5,27.6,25.3,9
2964,11,40,2,166.4,58.7,21.19978504,36.1,82,24.7,24.1,9
2965,11,40,2,160,53.5,20.8984375,18.4,72,33.2,31.8,9
2966,11,41,1,171,86.1,29.44495742,29.1,100.1,47.9,52.3,9
2967,11,41,2,152.4,66.5,28.63200171,28.6,89.6,34.8,34.7,9
2968,11,42,1,172.4,64.8,21.80220821,12.9,77.8,41.9,41.3,9
2969,11,42,1,156,53.6,22.02498356,21.6,73.1,27.1,27,9
2970,11,42,1,178.4,81.8,25.70180378,21.3,89.3,49.1,46.7,9
2971,11,42,1,185,99.5,29.07231556,24.6,98.5,59.8,59.1,9
2972,11,42,1,175.6,66.9,21.69587123,14,76.2,43.6,40.2,9
2973,11,42,2,166.7,57.2,20.58376567,24,77.9,33.1,28.7,9
2974,11,42,2,157.4,55.1,22.2403769,29.9,78,27,26.4,9
2975,11,42,2,151.2,51.66,22.59700176,27.8,70.4,23.6,22,9
2976,11,42,2,163.8,54.08,20.15621063,29.8,77,32.8,30.3,9
2977,11,43,1,168.7,71.2,25.01784102,23.1,83.6,37.7,35.1,9
2978,11,43,2,164,63.76,23.70612731,31.6,84.7,22.9,20.5,9
2979,11,45,1,175.8,80.7,26.11173883,23.8,91.4,41.7,34.4,10
2980,11,45,2,157.3,57.4,23.19820848,24.3,75.8,27.6,26.4,10
2981,11,45,2,158,53.8,21.6,21.5,73.4,29.5,29.6,10
2982,11,46,1,171.8,78.1,26.4609063,21.9,86.4,50.9,45.2,10
2983,11,46,1,171.8,78.1,26.4609063,21.9,86.4,50.9,45.2,10
2984,11,47,1,177.6,81.1,25.71194505,18.2,83.1,51.8,49.6,10
2985,11,47,1,181.5,104.4,31.69182433,36.5,117.9,35.8,34.7,10
2986,11,47,1,175.6,87.3,28.3116526,27.8,100,50.8,49.9,10
2987,11,47,1,173.9,80,26.45396795,20.5,89.9,52.3,47.9,10
2988,11,47,2,170.2,92.9,32.06982592,34.1,95.3,45.9,29.1,10
2989,11,47,2,164,62.5,23.23765616,26.8,76.1,27.5,26.4,10
2990,11,47,2,163,73,27.47562949,31,78.6,30.5,30.4,10
2991,11,48,2,161,75.78,29.23498322,40.3,99.6,22.3,19.3,10
2992,11,49,1,173.7,76.6,25.38803759,19.3,87.4,54.6,53.3,10
2993,11,49,1,176,79.7,25.72959711,21.2,87.2,53.9,48.3,10
2994,11,49,1,171.5,70.9,24.10560226,13.5,78.1,39.3,35,10
2995,11,49,2,159.6,55.5,21.78849379,35.7,79.2,25.2,22.5,10
2996,11,49,2,155.6,60.4,24.94696704,30.2,82.9,29.6,28.9,10
2997,11,49,2,154.8,60,25.03855938,30.6,82.9,23.7,22.3,10
2998,11,49,2,151.9,51.1,22.14651283,30.3,77,27.9,26.1,10
2999,11,50,1,174,84.9,28.04201348,20.2,86.4,45,46.8,11
3000,11,50,2,166.7,62.7,22.56297391,34.3,85,27.1,26.4,11
3001,11,50,2,165.7,80.8,29.42837923,30.2,93.2,43.7,34.5,11
3002,11,51,1,160.6,64.3,24.92986295,22.5,82.8,39.4,39,11
3003,11,51,1,178.8,81.2,25.39925629,18.8,87.1,41.1,44.5,11
3004,11,51,1,174,77.4,25.5648038,23.2,90.7,49.6,47.1,11
3005,11,51,1,169.5,68,23.6684331,21,81.1,38.6,36.7,11
3006,11,51,1,173.4,69.6,23.1,20.4,81.1,34.2,44.6,11
3007,11,51,2,162.7,67.7,25.57487754,32.9,89.2,22.4,22.5,11
3008,11,51,2,154,45.56,19.21065947,18.1,68.7,24.8,22.1,11
3009,11,52,1,175,88,28.73469388,33.3,105,39.4,34.2,11
3010,11,52,2,153.3,45.8,19.48862362,29.3,72.3,22.4,20.6,11
3011,11,52,2,158,57.9,23.19339849,29.4,78.3,25.2,23.5,11
3012,11,53,1,174.6,83.6,27.42317902,24.2,93.8,49.9,46.4,11
3013,11,53,2,165.3,61.2,22.39781819,30.7,84.4,31.2,25.7,11
3014,11,53,2,158.9,61.1,24.19877691,30.7,79.6,26.5,24.4,11
3015,11,53,2,167.5,60,21.38560927,24.13,77.2,26,25.4,11
3016,11,54,1,173.9,73.9,24.43685289,21.8,85.2,43.9,40.2,11
3017,11,54,1,168.5,73.9,26.02822953,22.4,85,39.8,33.7,11
3018,11,54,2,152.8,48.7,20.85846057,27.7,67,19.8,19.6,11
3019,11,55,2,146.8,46.6,21.62388911,32.4,71.9,21.5,20.3,12
3020,11,55,2,165.3,58.8,21.51947238,17.7,78.1,27.7,27.1,12
3021,11,55,2,147,49.98,23.1292517,37.6,80.2,20.2,19.2,12
3022,11,56,1,170.5,79.5,27.34754603,24.3,92.6,49.7,47.6,12
3023,11,56,2,150.4,50.8,22.45784292,27.6,73.4,17.8,18.2,12
3024,11,57,1,175,76.1,24.84897959,21.9,88.7,39.5,37.5,12
3025,11,57,1,177,72.7,23.20533691,22.4,87.4,44.1,40.5,12
3026,11,57,1,173.5,76.1,25.28050229,18.6,83,40.7,39.7,12
3027,11,57,1,174.1,85.5,28.20775822,31.1,98,37.6,33.2,12
3028,11,57,1,164,78.8,29.29803688,24.4,91.6,41.7,40.6,12
3029,11,57,2,153.2,49.7,21.17575278,25.9,69.7,25.8,25,12
3030,11,58,1,164.2,64.3,23.84869763,23.1,75.3,29.4,27.7,12
3031,11,58,1,171,74.8,25.5805205,25.6,89.7,43.8,33.8,12
3032,11,58,1,167.4,68.7,24.51578645,27.4,87,37.1,37,12
3033,11,58,2,163,54.3,20.4373518,23.2,75.9,23.9,22.4,12
3034,11,58,2,160.1,63.1,24.61765581,28.3,82,26,24.6,12
3035,11,58,2,160,59,23.046875,36.1,84,24.4,22.4,12
3036,11,59,1,170,72.9,25.22491349,22.1,86.6,44.9,43.5,12
3037,11,59,2,159.9,54.34,21.2531206,31,75.5,23.3,22.2,12
3038,11,59,2,161.3,64.9,24.94456656,33.9,83.2,23.8,23.5,12
3039,11,61,1,162.9,43,16.2041512,17,86.6,26,31,13
3040,11,61,2,147.8,43.5,19.91316943,36.5,69.9,19.3,17.9,13
3041,11,62,1,163.2,59.7,22.41475634,11.9,69.5,27.1,23.9,13
3042,11,62,1,168.2,71.44,25.25163266,25.7,88.3,33.3,35,13
3043,11,62,2,155.5,50.3,20.80210089,31.6,76.6,21.6,20.5,13
3044,11,62,2,163.8,73.7,27.46880036,34,88,26.2,25.1,13
3045,11,63,1,169,59.9,20.97265502,12.2,75.8,40.8,43,13
3046,11,63,2,157.6,59.1,23.79441624,32.4,81.5,27.5,27.1,13
3047,11,64,1,171.4,63.18,21.50591804,20.9,78,46,38.8,13
3048,11,64,1,162.3,64.68,24.5546061,22.7,83.1,36.7,32.4,13
3049,11,64,2,151.2,52.2,22.83320736,31.1,78.7,17.8,16.2,13
3050,11,64,2,147.2,68,31.38291588,45.1,95.9,25.1,22.7,13
3051,12,19,1,167,67.5,24.20309082,15.3,76.49761146,38,37.1,4
3052,12,19,2,160,58,22.65625,22.6,74.61367534,37.1,37.8,4
3053,12,20,1,179.9,68.4,21.13458746,10.1,74,48.2,49.6,5
3054,12,20,1,172.7,75,25.14644451,15.6,79,43.3,39.5,5
3055,12,20,2,154.5,53.3,22.32904976,30.7,69,30.5,24.5,5
3056,12,20,2,149,45.4,20.4495293,24.6,69,25.3,23.5,5
3057,12,21,1,176.1,56.2,18.12247894,11.6,68,40.7,40.1,5
3058,12,21,1,181,70,21.36686914,13.3,73.74920382,49.4,51.2,5
3059,12,21,1,177,62.8,20.04532542,11.3,70,44.3,38.4,5
3060,12,21,2,163.4,54.4,20.3748676,28.9,71,28,24,5
3061,12,21,2,167,64.1,22.98397218,31.1,73,42.9,38.5,5
3062,12,21,2,170,88.2,30.51903114,36.7,90,38.2,34.7,5
3063,12,21,2,166,83.8,30.41079983,35.8,96,35.6,33.4,5
3064,12,21,2,168,58.6,20.76247166,24.1,81,27.2,27.3215,5
3065,12,21,2,158,42.6,17.06457299,19.2,68,22.8,18.5,5
3066,12,21,2,158,56.3,22.55247556,35.1,69,28.5,26.9,5
3067,12,22,1,174.5,74.7,24.53181829,25,91,33.6,30.5,5
3068,12,22,1,177.3,81.9,26.05352138,20.2,87,54.7,55.7,5
3069,12,22,1,177,74.4,23.74796514,14.5,85,47.7,35.5,5
3070,12,22,1,168.2,62.6,22.12699055,18.1,62.6,43.2,40.5,5
3071,12,22,1,178.6,76.6,24.01407488,12.6,79,41.3,38.1,5
3072,12,22,2,163,56.8,21.37829802,27.3,65,32.8,33.3,5
3073,12,23,1,178.5,69.9,21.93818704,12,78,39,48,5
3074,12,23,1,171.5,73.3,24.92158879,20.8,86,46,47.4,5
3075,12,23,1,178,72.9,23.00845853,11.8,80,45.1,42.1,5
3076,12,23,2,157.1,72.4,29.335007,45.6,86,23.3,25.4,5
3077,12,24,1,181.2,79.3,24.1522058,18.6,81,44.7,38.4,5
3078,12,24,2,167,58.7,21.04772491,27,80.36803982,26.9,21.7,5
3079,12,24,2,161.2,57.6,22.16625926,31.5,76,29,29.2,5
3080,12,24,2,159.2,53.5,21.10899977,34.9,78,18.2,14.6,5
3081,12,25,1,168.5,67.7,23.8,13.7,76.5,38.9,38.9,6
3082,12,25,1,177.7,70.7,22.38950841,20.03,80,46.1,36.8,6
3083,12,25,1,180,80.5,24.8,18.9,83,47.6,43.7,6
3084,12,25,1,173.4,60.6,20.2,19.5,74,38.8,37.3,6
3085,12,25,1,177.7,70.7,22.4,20.3,86.8,46.1,36.8,6
3086,12,25,1,173.4,60.6,20.15461181,19.5,77.8,37.3,38.8,6
3087,12,25,1,178,71,22.4,14.1,76,41,43,6
3088,12,25,2,163.7,58.6,21.86755649,25.2,71,23.4,21.1,6
3089,12,25,2,170.9,62,21.22792595,24.2,71,33.6,26.7,6
3090,12,26,1,173,67.82,22.7,16.5,86,44.8,39.2,6
3091,12,27,1,173.2,73.4,24.5,23.5,86,37.5,35.7,6
3092,12,27,1,169,70.6,24.71902244,16.2,79,49.2,42.2,6
3093,12,27,1,178,94.8,29.9,30.6,97,46.7,42.9,6
3094,12,27,2,167,64.5,23.1273979,32.2,81,22.7,23.1,6
3095,12,27,2,156,68.28,28.1,34.6,88.9,33.5,30.7,6
3096,12,27,2,155.7,49.5,20.41869461,24.1,70,31.4,23.2,6
3097,12,27,2,175.7,52,16.8445658,31.4,65,29.9,25.2,6
3098,12,27,2,165.2,80.3,29.42357638,37.6,87,30.6,30.8,6
3099,12,27,2,167,64.46,23.1,32.2,89,22.7,23.1,6
3100,12,28,1,183.3,89.5,26.6,25.7,92.5,39.5,40.1,6
3101,12,28,1,171.8,75.6,25.61388625,12.4,81,48.6,42,6
3102,12,28,1,171.8,75.6,25.6,12.4,81,48.6,42,6
3103,12,28,1,174.5,75.4,24.76170146,16.8,80,43.2,36.2,6
3104,12,28,2,159,80.14,31.7,42.8,96.9,27.8,24,6
3105,12,28,2,159,80.1,31.68387326,42.8,97,27.8,24,6
3106,12,28,2,170,54.1,18.71972318,23.9,69,33.8,31.6,6
3107,12,28,2,162.3,50,18.98160644,33.7,64,20.7,18.3,6
3108,12,28,2,166.2,60.1,21.75767239,35.2,75,21.6,24.7,6
3109,12,28,2,167.4,60.1,21.44685249,20.7,71.5,36,36.6,6
3110,12,29,2,164,52.5,19.51963117,23.7,79,26.2,24.6,6
3111,12,31,1,186,89.6,25.9,18.4,92.6,48.1,44.8,7
3112,12,31,1,175.4,64.7,21.03028231,22.7,86,37.6,34.6,7
3113,12,31,1,186,89.6,25.89894786,18.4,81,48.1,44.8,7
3114,12,31,2,160,63.4,24.8,33.9,86,30,27.2,7
3115,12,31,2,169,55.1,19.3,35.3,70,21.1,20.8,7
3116,12,31,2,160,63.4,24.765625,33.9,84,27.2,30,7
3117,12,31,2,169,55.1,19.2920416,35.3,69,20.8,21.1,7
3118,12,32,1,167,73.4,26.3,20,86,52.4,48.3,7
3119,12,32,2,152.6,48.2,20.69845698,33.5,69,20.3,16.8,7
3120,12,32,2,161,52,20.06095444,36.7,74,17.6,17.4,7
3121,12,32,2,163.9,62,23.07989254,27.4,80,24.6,21,7
3122,12,32,2,163.1,55.08,20.7,24.3,75.5,33.3,29.6,7
3123,12,32,2,163,55.1,20.73845459,24.3,73,33.3,29.6,7
3124,12,33,1,168.2,77.16,27.3,30.8,89,45,39.1,7
3125,12,33,1,162.3,59.5,22.58811167,18.6,75,36,29.9,7
3126,12,33,1,170,77.2,26.71280277,30.8,89,45,39.1,7
3127,12,33,2,157.1,67.6,27.39014465,41.9,86,18.5,23.3,7
3128,12,34,1,172.1,77.34,26.1,35,88.2,31.5,23.5,7
3129,12,34,1,170.2,75.9,26.20128942,30.6,88,39,28.1,7
3130,12,34,1,172.8,76.9,25.75365441,21,93,43.6,41.4,7
3131,12,34,1,175.1,71.82,23.4,12.2,84,49.2,46.9,7
3132,12,34,1,172.1,77.3,26.09863257,35,91,23.5,31.5,7
3133,12,34,1,175.1,71.8,23.41812674,12.2,83,48.9,46.9,7
3134,12,34,1,172.8,76.88,25.7,21,93.2,43.6,41.4,7
3135,12,34,1,170.2,75.88,26.2,30.6,89,38.1,39,7
3136,12,34,2,168.3,58.5,20.65321348,30.9,78,26.5,23.3,7
3137,12,34,2,168.3,58.54,20.7,30.9,83.2,23.3,26.5,7
3138,12,34,2,157.7,59.3,23.84466947,36.4,82,21.4,18.4,7
3139,12,34,2,168.5,56.5,19.8997966,28.2,69,26.6,24.4,7
3140,12,34,2,150.8,44.8,19.70041301,32.6,67,28,24.6,7
3141,12,35,1,184,85.6,25.28355388,31.2,96.5,42.2,51.1,8
3142,12,35,1,166,51.6,18.72550443,16.6,70,20.2,26.6,8
3143,12,35,1,177.8,80.1,25.33780578,25.8,95,35.2,29.5,8
3144,12,35,1,168.9,68.1,23.87194542,27.7,83,41.6,31.1,8
3145,12,35,1,178.1,78.4,24.71657123,15.8,84.8,56.4,59.3,8
3146,12,35,2,157.1,47.2,19.1244797,20.6,61,29.6,25.6,8
3147,12,35,2,171.3,66.6,22.69653203,34.8,82,25.8,24,8
3148,12,35,2,149.7,59.8,26.68440867,36,86,20.5,20.6,8
3149,12,35,2,161.2,45.9,17.66373785,19,64,20.9,27.3,8
3150,12,36,1,171.6,55.3,18.77978277,11.8,71.5,41,43.4,8
3151,12,36,1,174.6,66,21.64987817,10.9,76.5,46.7,41.9,8
3152,12,36,1,167.3,72.8,26.00994881,23.9,86,41.5,37.5,8
3153,12,37,1,175.3,79.9,26.00057468,22.9,91,38.9,42.9,8
3154,12,37,1,173.1,78.6,26.2318192,23.8,92.2,50.9,50.1,8
3155,12,37,2,153.9,46.1,19.46362308,30.8,67,21.5,17.9,8
3156,12,37,2,160.8,58.2,22.50872503,35.5,82,19.5,19.1,8
3157,12,37,2,163.4,58.7,21.98538103,32.9,68,17.1,18.4,8
3158,12,38,1,168.7,64.3,22.59335924,17.3,75,48.6,49.2,8
3159,12,38,1,182.4,91.9,27.62268198,32.6,97,42.4,40.5,8
3160,12,38,1,175.7,71.1,23.03170439,18.9,78,44,42.1,8
3161,12,38,2,158.4,50.5,20.12709162,28.4,72.1,24.7,23.3,8
3162,12,38,2,171.2,69.1,23.57602192,20,74,25.8,23.9,8
3163,12,38,2,155.6,50.7,20.94058326,27.1,65,20,18.4,8
3164,12,38,2,160.2,49.4,19.24872312,12.7,67,23.4,24.5,8
3165,12,38,2,155.7,46.9,19.34619752,24.2,63,24.1,20.1,8
3166,12,38,2,153.5,49.6,21.05062123,27.6,66.5,16,15.7,8
3167,12,38,2,164,52,19.33372992,23.8,75.9,26.5,25,8
3168,12,39,1,167,69.1,24.77679372,22.9,87,50.5,46.2,8
3169,12,39,1,184.1,96.6,28.50162026,25.9,92,40,41.6,8
3170,12,39,2,164,56.4,20.96966092,26.4,74,25.9,23,8
3171,12,40,1,176.4,75.8,24.35970609,18.3,84,44.7,39.6,9
3172,12,40,1,168.2,73.2,25.87373335,28.7,83.5,39.7,44.8,9
3173,12,40,2,167.5,69.8,24.87859211,28.2,80,28.1,29,9
3174,12,40,2,171.5,95.3,32.40146538,40.9,100,35.9,30.9,9
3175,12,40,2,156.1,60.5,24.82844774,34.1,78,20.6,24.8,9
3176,12,40,2,156.5,43.6,17.80154947,23.2,63.5,20.5,20,9
3177,12,41,1,172,70,23.66143862,29.8,86,42.7,37.1,9
3178,12,41,1,171.4,83.2,28.32055051,32,91,42.2,38.9,9
3179,12,41,1,179.9,82.8,25.5839743,22.9,92.5,41.2,38.5,9
3180,12,41,1,175.4,65.5,21.29031671,16.7,72,45.6,42,9
3181,12,41,2,162.4,49,18.57907253,23,69,25.7,22.2,9
3182,12,41,2,157.5,51.6,20.80120937,31.3,69,27.2,23.1,9
3183,12,41,2,170.7,86.2,29.58286445,40.7,90,25.8,25.6,9
3184,12,42,1,166.6,75.6,27.23778587,23.7,87,44,40.9,9
3185,12,42,1,158.1,68.2,27.28479121,35.9,86,36.9,35,9
3186,12,42,1,166.8,72,25.87857771,31.8,94,31.8,28,9
3187,12,42,2,161,69,26.61934339,33.6,80,34.7,33.9,9
3188,12,42,2,155.2,47.2,19.59559996,30.7,74,21.4,18.7,9
3189,12,43,1,173.4,83.1,27.63775977,28.2,94,49.6,46.1,9
3190,12,43,1,176.6,83.9,26.90175185,18.5,88,47.9,52.4,9
3191,12,43,2,163.1,59.1,22.21670042,26.4,74,28.3,28.7,9
3192,12,43,2,157.4,50.1,20.22219388,28,73.5,17.8,16.6,9
3193,12,43,2,155.1,51.6,21.4499412,30.9,67,22.9,23,9
3194,12,44,1,161.2,67.3,25.89911889,27.2,88,38.3,39.2,9
3195,12,44,1,181.3,57.7,17.55416616,13.8,67,46.5,44.8,9
3196,12,44,1,175.5,82.3,26.72056233,25.5,90,46.2,47.1,9
3197,12,44,1,167.2,55.9,19.99582198,15.4,71,34.8,34.4,9
3198,12,44,2,151.5,64.6,28.1453888,40,82,24.9,21,9
3199,12,44,2,162,62.2,23.70065539,30.9,80,26.7,24.6,9
3200,12,44,2,153,58,24.77679525,31.9,76,26.5,24,9
3201,12,45,1,183.3,86,25.59608368,23.3,92.7,52.8,51.7,10
3202,12,45,1,167.6,79,28.1241278,28.1,88,45.8,43,10
3203,12,45,1,166.8,66.1,23.75797204,22.1,84,52.7,51.5,10
3204,12,45,1,173.4,70.5,23.44719691,21.5,85,47,44.7,10
3205,12,45,1,170.3,74.7,25.75676443,24.9,84,36.3,37.1,10
3206,12,45,1,171.2,72.3,24.66782033,30.4,88,37,39,10
3207,12,45,1,177.1,78.4,24.99648487,23.3,89,41.4,41,10
3208,12,45,2,157.1,60.2,24.39181521,26.7,75.1,21.2,20.6,10
3209,12,46,1,172.2,68.1,22.96575977,22.6,82,42.1,42.2,10
3210,12,46,1,170.6,78.1,26.83446741,27.7,92,40.7,37.5,10
3211,12,46,2,163.3,55.5,20.8123257,32.9,77,17.9,17.4,10
3212,12,46,2,149.4,62.6,28,36.4,92,28.9,23.8,10
3213,12,46,2,156.5,54.6,22.3,30.8,70,26.7,24,10
3214,12,46,2,149.4,62.6,28.04614262,27.9,95,23.8,28.8,10
3215,12,47,1,167.5,65.7,23.41724215,19.3,77,37.8,34.3,10
3216,12,47,1,172.1,66.6,22.48601461,16.1,79,49.1,15.8,10
3217,12,47,1,170.7,70.2,24.09184553,28.4,90,41.1,39.4,10
3218,12,47,2,161.9,55.8,21.3,26.3,71,28.6,23.8,10
3219,12,47,2,163,60.6,22.80853626,32,75,28.7,25,10
3220,12,47,2,158.7,65.78,26.1,32.6,90.3,22.5,21.2,10
3221,12,47,2,163,60.64,22.8,32,79,28.7,25,10
3222,12,47,2,163,50,18.81892431,29.8,75.8,18.9,19.2,10
3223,12,47,2,158.7,65.8,26.12594692,32.6,90,22.5,21.2,10
3224,12,48,1,166,74.9,27.18101321,27.4,89,38.2,45.5,10
3225,12,49,1,171.5,61.5,20.90965499,16.7,76,45.3,39.8,10
3226,12,49,2,166,57.2,20.75772971,29.3,76,26.3,26.7,10
3227,12,49,2,151.7,55.6,24.2,32.1,75,28,25.2,10
3228,12,49,2,147.5,47.3,21.7,29.7,64.5,19,17.3,10
3229,12,50,2,159.2,58.6,23.12125956,35.2,80,23,21.5,11
3230,12,50,2,158.9,69.5,27.52561367,31.1,90,34.6,33.6,11
3231,12,50,2,161.1,68,26.20099787,30.7,82.2,35.6,28.8,11
3232,12,50,2,160.6,63.6,24.65846475,38.4,82,25.9,24.8,11
3233,12,50,2,158.3,50.2,20.03281071,27.1,67,27.3,22.6,11
3234,12,51,1,171.6,94,31.92223472,34,105,31,36.1,11
3235,12,51,1,177.8,81.24,25.7,23.6,90.7,51.6,50,11
3236,12,51,2,155.9,54.9,22.58812145,31.8,78.1,25.4,21.8,11
3237,12,51,2,160.9,50.8,19.62237739,23.7,65,30.4,28.6,11
3238,12,51,2,154.8,60.1,25.08029031,33.2,77,25.4,24.1,11
3239,12,51,2,164,58.3,21.67608566,28.7,74,28.5,24,11
3240,12,51,2,163.2,56.6,21.25084102,37.1,74,20.2,20.4,11
3241,12,52,1,174.9,66.9,21.9,16,77.5,39.5,39.4,11
3242,12,52,1,177.5,81.2,25.77266415,18.8,93,43.3,40.8,11
3243,12,52,1,169.4,72.9,25.4,19.9,84.2,50.3,41.5,11
3244,12,52,2,161.2,62.6,24.09041371,36.6,87.25,23.1,23.4,11
3245,12,52,2,152.6,48.2,20.69845698,23.7,68,13.6,15.4,11
3246,12,53,1,165.1,62.7,23.00241287,14.8,80,39.4,37.8,11
3247,12,53,1,165.1,62.7,23,14.8,80,39.4,37.8,11
3248,12,53,1,172.7,92.6,31,30,105.5,47.1,46.2,11
3249,12,53,1,172.7,92.6,31.04747682,30,99.5,46.2,47.1,11
3250,12,53,1,171.8,68.8,23.30999172,15,84,37.8,41.7,11
3251,12,53,2,161.8,58.8,22.46054507,29.4,75,25.6,23,11
3252,12,54,1,166.8,78.7,28.28672314,25,94,41.6,34.9,11
3253,12,54,1,170.8,81.6,27.97141431,20.1,89,41.7,42.6,11
3254,12,54,1,166.8,78.7,28.3,25,94,41.6,34.9,11
3255,12,54,1,170.8,81.6,28,20.1,89,42.6,41.7,11
3256,12,54,2,156.8,63.6,25.86812786,41.2,88,17.9,20.8,11
3257,12,55,1,167.6,74.2,26.4,25.2,84,46,43.5,12
3258,12,55,1,170.1,61.26,21.2,19.3,75,30,35,12
3259,12,55,1,167.6,74.2,26.41532003,25.2,84,46,43.5,12
3260,12,55,1,170.1,62.64,21.6,23.7,79.5,42.4,42.5,12
3261,12,56,1,169.3,59.1,20.61928325,15.4,77.5,35.7,32.5,12
3262,12,56,2,157.7,52.3,21.02995301,27.1,75,27,26.4,12
3263,12,56,2,158.3,52.2,20.83093066,26.2,78,23.2,23.5,12
3264,12,56,2,155.5,54.1,22.37363137,41.8,80,23.5,19.2,12
3265,12,56,2,155.5,52,21.505154,35.5,72,23.2,20.2,12
3266,12,56,2,151,48,21.05170826,14.1,70,19.1,17.6,12
3267,12,56,2,161.5,55.6,21.31717931,25.8,73,31.7,28.5,12
3268,12,56,2,151.4,58.8,25.65225661,35.3,75,22.2,22.7,12
3269,12,57,1,167.9,62.5,22.17066016,16.8,77,42,39.9,12
3270,12,57,1,170.6,72.9,25,23.2,91.8,35.6,36,12
3271,12,57,1,174.5,72.08,23.7,19.9,87,45,41.2,12
3272,12,57,1,164,63.56,23.6,24,81,38.4,36.5,12
3273,12,57,1,167.9,62.5,22.2,16.8,77,42,39.9,12
3274,12,57,1,169.1,71.02,24.8,13.8,80.7,38.5,33.7,12
3275,12,57,1,170.6,72.9,25.04779353,23.2,89,35.6,36,12
3276,12,57,1,164,63.6,23.64663891,24,81,38.4,36.5,12
3277,12,57,2,156.1,56.8,23.31001374,30,73.5,21.6,21.7,12
3278,12,57,2,163,81.9,30.82539802,42.7,90,32.8,30.2,12
3279,12,57,2,154,53.4,22.51644459,27.6,73,14.9,12.1,12
3280,12,57,2,159,50.9,20.13369724,32.3,70,22.1,21.4,12
3281,12,57,2,163.3,61.3,22.98730748,24,76,27.5,27.8,12
3282,12,58,1,170.5,65.5,22.5,19.9,80,35.4,35.7,12
3283,12,58,2,161.7,68.2,26.08340801,34.2,82,27.9,24.4,12
3284,12,59,2,161.3,64,24.59864807,39.1,83,14.4,16.2,12
3285,12,60,1,166.3,66.3,23.97336678,20.4,86,41.7,40.5,13
3286,12,61,1,168.2,73.7,26.0504665,22.2,89,40.7,30.7,13
3287,12,61,2,155.7,60.1,24.79118275,27.2,84,26.8,26.2,13
3288,12,62,1,163.7,67.62,25.2,26.2,87.9,34.5,29.9,13
3289,12,62,1,163.7,67.6,25.22605493,26.2,87,34.5,29.9,13
3290,12,62,1,167.8,65.5,23.26255361,25.2,83,38.7,38.5,13
3291,12,62,2,160.3,60,23.34985595,38.1,84,25.9,20.1,13
3292,12,63,1,177.9,71.9,22.71836089,18.9,82,40.7,37.4,13
3293,12,63,2,153.5,61.7,26.18595423,33.2,87,24.9,23.3,13
3294,12,63,2,162.2,68.3,25.96085574,32.9,88,32,27.5,13
3295,12,64,1,161,58.5,22.56857374,22.4,70,44.3,39,13
3296,12,64,2,158,55.6,22.27207178,15.9,81.4,23.4,19,13
3297,12,64,2,153.4,61.8,26.26260222,38.3,87,21.7,19.7,13
3298,12,64,2,151.2,52,22.7457238,32.4,73,23.9,21.8,13
3299,13,19,1,177,72.6,23.1734176,28.4,79.1,47.1,39.4,4
3300,13,19,1,173.3,61.5,20.47754978,14.5,76.5,41.3,34.4,4
3301,13,19,2,163.4,53.8,20.1501448,32.5,73.9,27.7,23.2,4
3302,13,19,2,163.6,69.1,25.81733729,39,82.5,19.6,18.2,4
3303,13,19,2,171.8,80,27.10464153,22.3,79.5,33.4,30,4
3304,13,19,2,153.9,64.1,27.06330237,37.6,86.6,18.4,17.8,4
3305,13,20,1,177,67.2,21.44977497,15.2,76.36019108,33.2,36.3,5
3306,13,20,1,187,84.5,24.16425977,15,76.08535032,58,48,5
3307,13,20,2,162.5,56.4,21.35857988,29.6,75.3,26.7,30.3,5
3308,13,20,2,156.7,46.2,18.8149896,24.4,65,16.6,15,5
3309,13,20,2,165.1,57.74,21.18276426,23.4,74.3,29.6,27.2,5
3310,13,21,1,171,62.3,21.3057009,13.4,78.2,41.2,32,5
3311,13,21,2,161.7,50.04,19.13803133,23.4,71.6,24,18.1,5
3312,13,21,2,152.7,56.1,24.0593997,34.5,73,19.1,16.2,5
3313,13,21,2,158.8,53.5,21.21547627,35.3,91.22286371,19.6,13.5,5
3314,13,22,1,172,89.3,30.18523526,25.1,97,43,42.6,5
3315,13,22,1,165.4,73.8,26.9764844,20.7,84.5,29,32.5,5
3316,13,22,1,177.3,74.8,23.7949133,19,85.1,38.2,43.1,5
3317,13,22,1,171,73.8,25.23853493,12,77.7,44.2,42.3,5
3318,13,22,1,176.3,73.2,23.55084296,21.6,80.8,32.3,31.9,5
3319,13,22,1,175,68.4,22.33469388,13.5,74.02404459,47.5,51.7,5
3320,13,22,2,150.7,42.9,18.88994909,31,67,13.5,11.4,5
3321,13,22,2,160.6,56.16,21.77388963,23.8,76.1,36.8,25.8,5
3322,13,22,2,160,45.4,17.734375,33.3,67.6,19.4,17.5,5
3323,13,23,1,175,70.2,22.92244898,8.2,83.2,50,49.1,5
3324,13,23,1,166.5,86,31.022013,31.1,97,41.6,35.7,5
3325,13,23,1,170.9,64.6,22.1181293,11.5,72,44.5,40.3,5
3326,13,23,1,169,70.1,24.54395854,19.3,87.3,46.1,38.6,5
3327,13,23,1,174,71.6,23.64909499,19.8,82.68152866,30,31,5
3328,13,23,1,181,70.2,21.42791734,13.9,74.57372611,49.7,44.4,5
3329,13,23,1,185,84,24.54346238,15.8,85,50,48,5
3330,13,23,2,163,74.8,28.15311077,43.7,93.6,29.6,26.5,5
3331,13,23,2,162.5,65.3,24.72899408,27.7,79.2,32.5,27.7,5
3332,13,24,1,169.5,78.2,27.21869806,26,89.8,45.2,38.9,5
3333,13,24,2,164,59.2,22.01070791,38.5,78,22.3,19.8,5
3334,13,24,2,159.3,49.1,19.34861756,17.7,70,28.8,24.7,5
3335,13,24,2,162,73,27.81588173,36.2,81.7,31,29.9,5
3336,13,24,2,168.1,57.2,20.24233472,26,72.2,29.4,28.6,5
3337,13,25,1,174.9,81,26.47923293,16.3,88,54.2,47.9,6
3338,13,25,1,180.6,74.3,22.77997913,18,83.3,41.8,42.9,6
3339,13,25,1,179,83.2,25.96673013,19.9,82.81894904,49,49.4,6
3340,13,25,1,174.6,61.4,20.14094727,10.4,75.7,34.1,31.2,6
3341,13,25,2,158,63.2,25.3164557,34.7,82,25.6,23.6,6
3342,13,26,1,175.2,62,20.2,13.8,73.9,39.7,33.7,6
3343,13,26,1,182.2,80.68,24.3,8.7,77.5,57.3,53.9,6
3344,13,26,1,173.5,72,23.91847785,19.5,82,46.9,43.9,6
3345,13,26,1,184.6,98.9,29.02237158,18,94.5,50.7,52.4,6
3346,13,26,1,187.9,79.7,22.57380459,22.9,91,33.3,33.6,6
3347,13,26,2,157,50.5,20.48764656,25.2,69,22.9,22.6,6
3348,13,26,2,161.8,50.4,19.25189578,23.4,68,27.3,23.1,6
3349,13,27,1,171,69.4,23.7,23.6,83.7,48,39.4,6
3350,13,27,1,179.8,63.5,19.64239094,13.7,74.3,49,44.9,6
3351,13,27,1,179.1,72.6,22.63317331,23.9,80,37,35.1,6
3352,13,27,1,177,67.9,21.67321012,16.9,73,54.5,52.7,6
3353,13,27,2,164.5,53.4,19.7337423,23.9,66,32.4,27.6,6
3354,13,27,2,156.2,55.3,22.66538352,34.6,72,21.1,14.7,6
3355,13,27,2,169,56.4,19.74720773,25.1,70,27,20.5,6
3356,13,27,2,161,53.5,20.63963582,33.2,73,32.8,31.3,6
3357,13,27,2,162.9,59.2,22.30897096,29.4,76,21.9,26.6,6
3358,13,27,2,161.9,73.9,28.19361344,34.6,99.7,31.4,29.6,6
3359,13,27,2,152.4,53.1,22.86254573,23,72.2,26.5,20.7,6
3360,13,28,1,165,56.7,20.82644628,10.2,70.8,49.3,41.9,6
3361,13,28,1,170,68.9,23.8,18.9,83,44.7,38.3,6
3362,13,28,1,164.5,63.6,23.5,20.8,76.4,30.6,26.2,6
3363,13,28,1,176.3,88.5,28.47335521,20.7,91.3,45.2,52.6,6
3364,13,28,2,159.9,52.6,20.57258269,35,68,26,22.4,6
3365,13,28,2,160,53.6,20.9375,30.2,68.8,29.4,23.3,6
3366,13,28,2,161.8,55,21.00901325,27,71,22.9,22,6
3367,13,29,1,178.5,94.3,29.59615219,30.7,89,41.9,35.7,6
3368,13,29,1,179,82,25.59220998,20.3,82,43.6,41,6
3369,13,29,2,159.8,64.4,25.21925874,23,81.6,35.5,29.1,6
3370,13,29,2,164.4,47.9,17.72278166,22.5,68,20.5,17.2,6
3371,13,29,2,160.6,59.3,22.9913044,24.4,80,32.5,32.4,6
3372,13,29,2,159.1,55.5,21.9256574,27.1,73,20.7,27.9,6
3373,13,29,2,166.6,56.7,20.4283394,25.8,70,18.6,20.7,6
3374,13,29,2,163.4,51.1,19.13889218,18.9,70.1,19.9,21.9,6
3375,13,30,1,175,73,23.83673469,21.3,87,27.9,25.1,7
3376,13,30,1,180.7,81.1,24.8373095,19.5,81,59.4,51.2,7
3377,13,30,2,155,49.7,20.6867846,28.8,70,22.4,20.3,7
3378,13,30,2,165.7,57.6,20.97864658,24.4,75.4,31.4,29.1,7
3379,13,30,2,163,55.3,20.81373029,27.9,76,26.4,24.7,7
3380,13,30,2,162.8,56.3,21.2422049,35.1,73.5,30.5,27.5,7
3381,13,31,1,173.1,77.2,25.8,27.4,93.5,42.8,36.8,7
3382,13,31,2,153.6,41.8,17.71714952,19.4,63.8,17.9,20,7
3383,13,31,2,149,60.7,27.34111076,45.9,84,27,24,7
3384,13,31,2,159.6,50.8,19.94334206,31.9,68,20.4,17.2,7
3385,13,31,2,164.2,59.6,22.10548023,28.3,71,23,22.4,7
3386,13,31,2,164.7,60.5,22.3,18.8,83,27.3,20.7,7
3387,13,31,2,157.6,51.2,20.61377516,30.4,69,21.3,18.7,7
3388,13,31,2,164.7,60.5,22.30325122,18.8,83,27.3,20.7,7
3389,13,32,1,174.3,94.1,31,30.5,106.4,42.8,40.1,7
3390,13,32,1,171,82.7,28.28220649,32.2,100.2,38.5,35.2,7
3391,13,32,1,170,76.1,26.33217993,22.7,91,48.6,46.7,7
3392,13,32,1,170,71.4,24.70588235,23,88,45.2,42.4,7
3393,13,32,1,183,71.4,21.32043358,14.8,82,50.7,49.6,7
3394,13,32,1,182,101.6,30.67262408,29.4,101,40.5,43,7
3395,13,32,1,177,91,29,24.2,94.5,46.2,40.5,7
3396,13,32,1,173,63.3,21.2,12.1,70.7,46.6,43.6,7
3397,13,32,2,160.6,66.9,25.9,33.1,80,32.8,28.2,7
3398,13,32,2,161,51,19.67516685,26.7,73.4,26.5,27.9,7
3399,13,32,2,160.3,67.1,26.11292224,38.3,85.2,22,20.1,7
3400,13,32,2,160.6,66.9,25.9379134,33.1,80,26.1,24.5,7
3401,13,33,1,177.5,77.2,24.5,14.2,85.5,48.4,40.2,7
3402,13,33,1,167,64,22.94811574,19.7,77.9,46.6,44.9,7
3403,13,33,1,178,98,30.9,30.3,91.5,56.7,51.2,7
3404,13,33,2,163.5,49.12,18.37480945,21.7,69.4,19.7,19,7
3405,13,33,2,155,61,25.39021852,37,75,24.2,23.6,7
3406,13,34,1,182.5,93.5,28.1,24.1,95.2,55.5,49.2,7
3407,13,34,1,177,73,23.3,15.5,78.2,51.5,39,7
3408,13,34,1,187.5,92.2,26.2,22.3,94,55.2,50,7
3409,13,34,1,168,60.2,21.32936508,23.6,74,38.7,38.7,7
3410,13,34,2,159.9,61.9,24.20994047,30,81.2,29.2,24.3,7
3411,13,35,1,173.5,62.1,20.62968715,17.6,77,39.6,38.4,8
3412,13,35,1,175.3,75.3,24.50367051,13.8,80.1,37.9,51.3,8
3413,13,35,1,175.5,80.1,26.00628242,27.1,91,48,46.1,8
3414,13,35,2,157,65.2,26.45137734,39,83,27.1,22.7,8
3415,13,35,2,161.4,58.2,22.34168498,32.1,83.2,29.5,29.4,8
3416,13,35,2,170,61.8,21.38408304,23,70,27.2,25.6,8
3417,13,36,1,169.4,69.34,24.16334336,13.5,78.4,48.5,46.7,8
3418,13,36,1,176,72.6,23.4375,23.4,82,40.3,32.8,8
3419,13,36,1,178.5,74.1,23.25636137,25.8,92.6,42.7,36.6,8
3420,13,36,1,174.5,71.9,23.61228561,12.1,81.3,54.8,50.4,8
3421,13,36,1,165.4,72.5,26.50128888,20,88.7,51.1,49.7,8
3422,13,36,2,161.9,50.7,19.34257377,20.4,80,24.8,32.6,8
3423,13,36,2,166,57.6,20.90288866,23.6,74.1,24.7,21.7,8
3424,13,36,2,158.6,63.4,25.20477889,37.3,78,32.5,28.4,8
3425,13,36,2,158.5,57.8,23.00749336,32.1,82.5,22.6,22.8,8
3426,13,37,1,176.1,76.6,24.70074531,22.1,83,50.3,47.9,8
3427,13,37,1,174.2,75.5,24.88001571,19.5,82,41.2,40.5,8
3428,13,37,2,162,59.38,22.62612407,34.9,77.2,29.4,20,8
3429,13,37,2,158,53,21.23057202,29.8,79.1,25.1,22.4,8
3430,13,37,2,162.8,54.2,20.44986689,31.4,75.2,22.6,19.1,8
3431,13,37,2,155.6,54.98,22.70834848,29,81,24.1,24,8
3432,13,37,2,158.2,67.6,27.01056928,46.5,90,19.4,17,8
3433,13,38,1,166.8,73.86,26.54710764,28.9,87.7,47.8,39.2,8
3434,13,38,1,174.2,65.08,21.44624401,15.3,77.2,39.4,38.3,8
3435,13,38,1,178.8,71.78,22.45269232,19.6,79,54.5,42.7,8
3436,13,38,1,169.3,91.6,31.9581446,38,111.9,44.9,36.8,8
3437,13,38,1,171.1,73,24.9357733,25,85.5,40.9,40.3,8
3438,13,38,1,175.3,81.8,26.61886119,23.3,88.8,40.9,39,8
3439,13,38,1,167.1,68.6,24.5680799,25.5,88,47.5,39.9,8
3440,13,38,2,171.6,68.16,23.14701615,27.7,82.3,24.9,23,8
3441,13,38,2,154.7,59.3,24.77844601,35.2,85.5,19.1,25.1,8
3442,13,38,2,160,58.1,22.6953125,32.5,77.4,25.7,25.3,8
3443,13,39,1,173.4,73.54,24.45825335,23.2,87.2,44,43.8,8
3444,13,39,1,175,81.5,26.6122449,26.7,90.7,51,46.4,8
3445,13,39,2,162.8,53.9,20.33667574,29.4,77.1,22.9,19.9,8
3446,13,39,2,149.6,45.1,20.15177729,29.3,69,23.3,17.6,8
3447,13,39,2,165.9,61.5,22.34510212,24.5,77.5,21.8,23.2,8
3448,13,39,2,155.5,70,28.94924577,40.5,95,23.7,26.6,8
3449,13,40,1,169.8,90.1,31.24995665,29.3,98.5,47.5,42.4,9
3450,13,40,1,162.6,70.6,26.70321906,16.9,82.7,50,48.2,9
3451,13,40,1,165.5,78,28.47728663,34.1,91.5,43.3,38,9
3452,13,40,1,174.1,81.16,26.77592582,22.3,93,45,43.8,9
3453,13,40,1,166.6,71,25.58046028,29.4,84,50.6,41.6,9
3454,13,40,2,168.6,74.9,26.34915408,29.8,76,28.6,26.1,9
3455,13,40,2,153.3,73.5,31.27541127,41.6,96,30.3,27,9
3456,13,40,2,152,58.4,25.27700831,34.5,72.5,26.9,24.9,9
3457,13,41,1,180,78.5,24.22839506,19.5,87,46.5,53.8,9
3458,13,41,1,178.6,64.1,20.09532898,15.1,78.4,40.1,38.2,9
3459,13,41,1,170.1,73.5,25.40263171,24.3,88.9,44.4,51,9
3460,13,41,2,157.7,58.8,23.64361829,33,76,23.5,18.1,9
3461,13,41,2,165.1,62.9,23.0757858,26.9,78.5,39.7,33.6,9
3462,13,41,2,161.5,58,22.23734532,25,79.1,36.3,39.4,9
3463,13,41,2,160.3,59,22.96069168,25.7,83.5,32.5,27.2,9
3464,13,42,1,180.1,80.2,24.72560589,24.7,85.3,46.1,44.3,9
3465,13,42,1,181,82.8,25.27395379,24.3,84,49.6,41.9,9
3466,13,42,2,165.44,57,20.82542211,23.3,74.2,31.4,28.1,9
3467,13,42,2,156.5,67.4,27.51890904,41.6,95.6,14.5,17.4,9
3468,13,42,2,165.6,64.2,23.41069803,24.8,81.1,26.1,29.4,9
3469,13,42,2,157.6,59.2,23.83467752,39.5,86.6,28.9,26.9,9
3470,13,43,1,173.1,65.84,21.9733203,18.3,79.3,41.2,39.8,9
3471,13,43,1,169.3,68,23.72438682,13.5,77.2,49.9,51.5,9
3472,13,43,2,158.7,55,21.83779757,35.1,78,24.3,23,9
3473,13,43,2,157.3,69.8,28.20966816,35.7,85.9,33.8,27.5,9
3474,13,43,2,163.7,56,20.89732361,23.1,75.2,31.3,30.9,9
3475,13,43,2,158.3,71.7,28.61260016,43.3,96.1,22.7,19.8,9
3476,13,43,2,160,56.7,22.1484375,29,80.8,21,18.6,9
3477,13,44,1,159.1,62.9,24.84907839,10.5,74.7,41,42.2,9
3478,13,44,1,172,60,20.2812331,21.5,80.6,34.6,36,9
3479,13,44,1,168.3,66.62,23.51995012,22.5,84,46.5,41.2,9
3480,13,44,1,179.2,88.2,27.46582031,25.7,96,45,38.2,9
3481,13,44,1,168,64.4,22.81746032,20.7,83.2,43.1,42.2,9
3482,13,44,1,179.8,81.3,25.14844698,24,91.8,38.3,33.7,9
3483,13,44,1,171.7,82.6,28.01815006,24.2,88.8,50.2,52.4,9
3484,13,44,2,165,61.8,22.69972452,29.3,76.9,24.8,17.6,9
3485,13,44,2,161.5,61.52,23.58692214,34.4,81.8,25.7,21.2,9
3486,13,44,2,155.9,58.9,24.23388621,35.8,75,24.4,23.4,9
3487,13,45,1,171,78.2,26.74327143,20.8,85.8,43.4,40.6,10
3488,13,45,2,159.2,44.4,17.51849701,23.1,68,26.2,25,10
3489,13,46,1,173,86.8,29,24.2,89,48.9,47.6,10
3490,13,46,1,177,77,24.6,21.8,83,28.1,35.9,10
3491,13,46,2,160,52.82,20.6328125,22.6,74.4,27.9,23.3,10
3492,13,46,2,158.2,48.2,19.25901538,25.6,70,24.2,21.4,10
3493,13,46,2,155.5,43.5,17.98988844,18.2,63.5,21.2,21,10
3494,13,46,2,159,52.6,20.806139,33.8,82.4,24.1,23.3,10
3495,13,46,2,158.8,79.7,31.60511138,47.6,102,12.7,10.4,10
3496,13,47,1,178.6,78.06,24.4717844,24.8,89.5,40,39,10
3497,13,47,1,176.5,86.3,27.7026539,20.9,88,52.7,42.4,10
3498,13,47,1,178.6,78.06,24.5,24.8,89.5,39,40,10
3499,13,47,1,166.7,72.3,26.01759192,32.7,96.1,32.1,29.4,10
3500,13,47,1,167,67.1,24.0596651,16.4,82.7,50.5,43.6,10
3501,13,47,2,156,55,22.60026298,32.3,74,31.4,28.4,10
3502,13,47,2,159.4,53.5,21.05606186,31.3,76.8,25.8,26.4,10
3503,13,47,2,160.5,59,22.90350443,38.5,83,25,21.7,10
3504,13,47,2,168.3,69.6,24.57202835,38.3,76.2,30.6,30.7,10
3505,13,48,1,165.7,65.34,23.79765221,28.8,88.5,51.1,43.4,10
3506,13,48,1,177,75.9,24.22675476,20.6,87.3,44.9,37.7,10
3507,13,48,1,176,104,33.57438017,25.8,101.2,50.2,43.3,10
3508,13,48,1,177.8,100.7,31.9,25.8,101.2,50.2,43.3,10
3509,13,48,1,171.6,77.2,26.2,24.6,85,50.3,49.3,10
3510,13,48,1,172,73.9,24.97971877,25.5,90,44.8,38.1,10
3511,13,48,1,165.4,60.6,22.15142215,18.3,77.2,39.1,38.7,10
3512,13,48,1,174.5,70.5,23.2,12.5,78.5,42.6,41.5,10
3513,13,48,2,147.1,52.2,24.1237688,32.4,79,19,13,10
3514,13,48,2,167.8,54.5,19.35586522,18.2,71,26.1,26.4,10
3515,13,48,2,148.8,46,20.77552318,24.3,74.3,25.8,24.4,10
3516,13,48,2,159.9,55.3,21.62858979,26.7,70,22.4,22,10
3517,13,48,2,147.1,52.2,24.1,32.4,79,19,13,10
3518,13,48,2,168.1,61.1,21.62249391,31.2,72,24.4,21.9,10
3519,13,49,1,169.5,72.4,25.19991995,18.6,88.9,43,45,10
3520,13,49,1,172.7,73.8,24.7441014,22.8,85.8,51.3,48.3,10
3521,13,49,1,173.5,90.1,29.9,26.5,101.7,55.6,47.5,10
3522,13,49,1,168.5,58.7,20.67465594,18.4,75.7,41.6,37.8,10
3523,13,49,2,160.6,66.5,25.78282871,33.1,86.6,27.2,26.9,10
3524,13,49,2,157.9,62.7,25.14799011,33.9,89.39192956,24.6,24.3,10
3525,13,49,2,156.4,58.4,23.87477842,40.1,78,24.9,24.6,10
3526,13,49,2,160.7,60.8,23.54354336,34.6,83.5,28.6,27.2,10
3527,13,50,1,170.9,61.94,21.2073828,19.5,75.9,37.7,31.9,11
3528,13,50,1,167,69,24.74093729,20,86,43.9,44.2,11
3529,13,50,2,159.8,52.1,20.40253696,19.5,64.5,25.9,25.6,11
3530,13,50,2,152.4,55.9,24.06810369,31.5,84,20,19.1,11
3531,13,50,2,162.8,63.4,23.921062,39.5,81,26,21.5,11
3532,13,51,1,170.9,80.9,27.7,29.4,92.4,39.5,34.1,11
3533,13,51,1,168,58.2,20.6,18.9,72.2,41.9,41.2,11
3534,13,51,1,174.1,65.18,21.5,18.9,81,44.3,38.8,11
3535,13,51,1,175.4,86.6,28.1,26.7,84,46.5,40.2,11
3536,13,51,1,170,64.6,22.35294118,22.9,81.5,40.2,38.6,11
3537,13,51,2,154.9,62.5,26.04816786,32.2,85,24.7,22.8,11
3538,13,51,2,151.8,45.7,19.83228053,31.5,61,24.9,22.1,11
3539,13,51,2,163.7,85.4,31.86841851,42.7,93.7,13.9,10.8,11
3540,13,51,2,149,49.8,22.43142201,31.2,73,17.2,13.3,11
3541,13,52,1,165,63.3,23.3,22.8,79.9,38.2,40,11
3542,13,52,1,161.9,65.9,25.14153079,21.4,80.4,35.1,32.4,11
3543,13,52,1,171.7,61.3,20.79313074,20.7,82,32.7,29.3,11
3544,13,52,1,173.3,68.1,22.67514049,15.2,78,49,47.2,11
3545,13,52,1,166.6,71.7,25.832662,24.2,64.9,31.5,30.4,11
3546,13,52,2,163,60,22.58270917,34.5,74,32.8,29,11
3547,13,52,2,162.8,68.6,25.88304185,39.1,91.2,26.6,22.6,11
3548,13,52,2,161.4,68.4,26.25723801,36.8,89,22.7,20.4,11
3549,13,52,2,161,72.7,28.04675746,37.7,90,26.9,22.8,11
3550,13,53,1,167,64.5,23.1,22.2,76,35.7,39.8,11
3551,13,53,1,173.7,61.9,20.51592072,14.2,81.8,38,37.2,11
3552,13,53,1,171.7,59.3,20.11472517,12,76.1,33.3,27.4,11
3553,13,53,1,171,65.6,22.43425327,17.7,78.2,41.5,37.2,11
3554,13,53,2,155,47,19.56295525,23,70,23.9,19.8,11
3555,13,53,2,165.2,57.3,20.99590195,24.3,78.2,22.7,23.7,11
3556,13,54,1,160,69.3,27.1,26,88,20.1,36.4,11
3557,13,54,1,173,83,27.73229978,24.9,90.6,37.4,28.5,11
3558,13,54,1,175.1,75.4,24.59229465,21.5,86,39.3,42.8,11
3559,13,54,1,165.6,68.5,24.97870429,31.4,87.6,45.9,42,11
3560,13,54,2,158,67.94,27.21518987,37.7,92.6,27.7,25.9,11
3561,13,54,2,161.9,61.6,23.50103637,27.2,81.7,31.8,29.9,11
3562,13,54,2,167.7,80.3,28.55284712,42.5,98.3,28.8,28.5,11
3563,13,54,2,158.5,64.48,25.66649086,32.6,84.9,30.4,26.4,11
3564,13,54,2,157.3,58.2,23.52152846,31.2,84.2,25.8,25.7,11
3565,13,54,2,145.6,44.1,20.80251479,35,70,13.4,14.4,11
3566,13,54,2,151.6,53.2,23.147987,31,71.5,22.1,22,11
3567,13,55,1,163,67.1,25.25499642,18.6,83.1,41.6,42.8,12
3568,13,55,1,163,67.1,25.3,18.6,83.1,42.8,41.6,12
3569,13,55,1,160.2,65.7,25.60002244,21.9,83.2,40.8,39.8,12
3570,13,55,1,164,70.5,26.2,23.5,80,40,39.4,12
3571,13,55,1,172.3,78.5,26.4,14.5,80,34.5,39.6,12
3572,13,55,2,150.3,51.8,22.93040887,28.1,69.5,21.4,19.6,12
3573,13,55,2,158.5,55.3,22.01235956,25.8,73.8,25.1,22.9,12
3574,13,55,2,161.4,61.5,23.60848155,35.6,85,25.7,24.4,12
3575,13,55,2,167.5,67,23.88059701,33.5,88,22.2,21.7,12
3576,13,55,2,151.2,59.1,25.85138994,35.2,79,26.9,26.4,12
3577,13,56,1,168.6,83.2,29.3,20.8,91.7,60.7,55.6,12
3578,13,56,2,162,68.3,26.02499619,29.5,87.6,33.4,32.6,12
3579,13,56,2,155.5,55.5,22.95261629,28.2,77.8,27,26.7,12
3580,13,56,2,162.5,68.5,25.9408284,38,89,27,23.1,12
3581,13,57,1,167.6,66.4,23.63850741,15.8,80.5,43,40.2,12
3582,13,57,1,164.7,60.7,22.37698098,18.3,76.9,33.8,30.5,12
3583,13,57,1,171.1,63.3,21.62238973,18.4,82.8,44.7,40.4,12
3584,13,57,1,169.5,53.2,18.5,9.5,69.2,40.6,38.8,12
3585,13,57,2,154.7,43.86,18.32685737,35,67.9,23,23,12
3586,13,57,2,162,66.7,25.41533303,35.1,84.5,34.4,28.2,12
3587,13,58,1,182.1,81.4,24.54734426,12.6,85,47.1,45.9,12
3588,13,58,1,168,62.2,22.03798186,28.6,81,35.1,33.1,12
3589,13,58,1,168,62.2,22,28.6,81,35.1,33.1,12
3590,13,58,1,175.2,77.5,25.2,20.1,88.2,36.5,39,12
3591,13,58,2,151,73.4,32.19157055,45.1,91,24.7,23.4,12
3592,13,58,2,157.8,51.7,20.76235179,32.5,78,19.7,18.5,12
3593,13,58,2,157,59.6,24.1794799,30,82.3,25.9,22.3,12
3594,13,58,2,157.8,66.6,26.74608567,26.8,91.5,27.4,23.3,12
3595,13,58,2,157.2,68.6,27.75997255,33.8,90.2,29.3,29.4,12
3596,13,59,1,167.6,72.36,25.76027705,18.7,81.8,39.1,41.3,12
3597,13,59,1,170,58.5,20.2,15.1,79,37.4,32.1,12
3598,13,59,1,167.2,72.4,25.9,28.2,91.8,34.9,38.1,12
3599,13,59,1,173,75,25.1,22,87.4,44.7,42.1,12
3600,13,59,1,167.6,68.9,24.5,40.3,93,45,41.3,12
3601,13,59,1,172.2,60.2,20.3,12.5,74,36.9,36,12
3602,13,59,2,155.1,57.4,23.8609811,31.3,82,23,20.2,12
3603,13,59,2,148.3,61.9,28.14545974,43.6,84.3,16.2,15.7,12
3604,13,59,2,156.4,75.3,30.78374684,44.7,102.1,22.5,18.8,12
3605,13,59,2,170.2,57.84,19.96683241,33.9,83.9,25.6,22.2,12
3606,13,59,2,161.6,59.8,22.89910303,33.7,81.1,17.6,19.1,12
3607,13,61,1,167.2,67.8,24.3,23.1,86,44.1,41.8,13
3608,13,61,1,164.2,72.3,26.81587619,27.2,90,33.1,36.2,13
3609,13,61,2,154.1,68.3,28.7617579,28.8,89.2,22.3,19.9,13
3610,13,62,1,160.7,62.5,24.2,20.4,80.5,37.6,34.6,13
3611,13,62,2,155.5,51.3,21.21566154,26.7,72.5,22.3,22.5,13
3612,13,62,2,155.4,66,27.33014316,38.1,88,24.5,20.7,13
3613,13,62,2,154,68.1,28.7147917,43,92.5,30.6,28,13
3614,13,62,2,156.9,61,24.77900982,29,80,30.4,25.5,13
3615,13,62,2,159.5,64.5,25.35352443,38.6,87,25.7,22.7,13
3616,13,62,2,157.5,50,20.15621063,21.9,74.9,31.6,30.3,13
3617,13,62,2,149.4,52.6,23.56592815,35.5,80,24,22.4,13
3618,13,63,1,165.7,64.4,23.45529236,21.9,75.5,34.6,31,13
3619,13,63,1,172.5,83,27.89329973,24.6,97.5,34.1,41.7,13
3620,13,63,1,174,76.8,25.36662703,30.6,94.9,37.2,35.2,13
3621,13,63,1,171.7,73.6,25,19.8,82.7,39.9,41.3,13
3622,13,63,1,177.5,74.5,23.64610196,15.7,84.5,42.1,38.7,13
3623,13,63,1,169.5,65,22.62423752,30,91,36.3,32.1,13
3624,13,63,2,160.6,56.8,22.02202513,29.1,81.5,26.3,25.1,13
3625,13,64,1,163.3,77,28.87475817,32.5,95.6,36.5,42.9,13
3626,13,64,1,176.1,82.96,26.75161659,25.5,90.9,39.5,36,13
3627,13,64,2,155.7,60.9,25.12118186,38,92,25.3,19.5,13
3628,13,64,2,151.3,59.2,25.86091285,41.7,83,19.9,22.3,13
3629,14,19,1,177.6,70.1,22.22450491,13.9,79.5,42.3,40.5,4
3630,14,19,1,178,59.9,18.90544123,9.4,69,42.9,43.1,4
3631,14,19,2,161.1,54,20.80667478,28.9,67,24.7,18.7,4
3632,14,20,2,156.9,60.7,24.65714584,20.2,75,28.4,26.6,5
3633,14,20,2,159.3,41.4,16.31431297,9.8,65,19.4,19.1,5
3634,14,20,2,164.9,53.7,19.74844817,12.5,68,23.9,19.7,5
3635,14,20,2,156.1,41.9,17.19523901,28.2,57.5,22.4,19,5
3636,14,21,1,183.7,63.6,18.84685126,12.6,72,39.4,32.4,5
3637,14,22,1,173.2,76.5,25.50149609,16.3,88,42.7,36.7,5
3638,14,23,1,173.9,74.4,24.60219019,12.1,86.2,44.3,40.3,5
3639,14,23,1,178.5,82,25.73578451,14.1,87.5,48.1,41,5
3640,14,23,2,160.8,57.4,22.19932675,13.7,71,19.3,18.7,5
3641,14,24,1,162.9,55.3,20.83929213,10.1,79,40.5,35.9,5
3642,14,24,2,150.1,55,24.41188442,19.8,75,30.5,23.5,5
3643,14,25,1,170,62,21.4532872,11,71.7,44.6,39.1,6
3644,14,25,1,175.7,66.4,21.50921479,24,81.7,44,43.8,6
3645,14,25,1,170.7,63.3,21.72384362,9.5,70.8,51.9,48.8,6
3646,14,26,1,174.8,94,30.76415544,33.6,98,33.1,33.5,6
3647,14,26,1,175.5,64.5,20.94138846,10.8,70.5,38.2,40.2,6
3648,14,26,1,179.7,70,21.67713517,12.2,81,53.4,44.3,6
3649,14,27,1,168.5,56.8,20.00545924,10.6,74,36.6,35.5,6
3650,14,27,2,151.8,79,34.28337335,28.5,93.2,23,24,6
3651,14,28,2,146.4,52,24.26169787,30.1,81.2,25,12.8,6
3652,14,28,2,159,55,21.75546853,23.2,79.8,27,22,6
3653,14,28,2,156,51.4,21.12097304,24,74.5,19.4,27,6
3654,14,28,2,152.4,53.7,23.12087958,36.2,73,28.9,24.4,6
3655,14,29,2,157,54.5,22.11043044,25.1,72.4,17.6,15.3,6
3656,14,29,2,155.7,48,19.79994629,24.5,84,18,14.4,6
3657,14,30,1,175.4,75.5,24.54074674,21.1,86,47.6,46.5,7
3658,14,30,1,169.2,70.9,24.76540974,17.6,83,47,45.9,7
3659,14,30,1,193.2,106.6,28.55899764,23,96,53.6,49,7
3660,14,30,1,172,80,27.04164413,17,87,39.8,43.4,7
3661,14,30,1,168.2,65.4,23.11669619,21.3,82,38.1,34.9,7
3662,14,33,2,157.7,55,22.11562936,27.8,77,23.5,24.2,7
3663,14,34,1,167.8,68,24.15043734,22.9,85,45.4,47.9,7
3664,14,34,1,184.3,64.8,19.07762621,14.2,80,40,44,7
3665,14,34,2,163.2,54.8,20.57501922,24.8,70,23.7,21.4,7
3666,14,34,2,160,58.2,22.734375,24.9312573,84.5,24,21.1,7
3667,14,34,2,146.4,53,24.72826898,29.10970383,93.4,23,11.2,7
3668,14,34,2,156,47,19.31295201,23.29827994,81.1,20,25,7
3669,14,34,2,169.2,63,22.00593532,26.96394239,92.1,18.2,24.2,7
3670,14,34,2,164.7,72,26.5427122,31.61125526,94.6,25,25.1,7
3671,14,35,1,170.6,54,18.55392113,16.8,72,44.1,36.6,8
3672,14,35,2,160.5,66.7,25.89260586,32.1,84,21.4,24.5,8
3673,14,35,2,153.6,46.7,19.79404026,29.7,76,27.8,23.5,8
3674,14,36,2,159,60,23.7332384,34.5,86,28,29.5,8
3675,14,36,2,158.8,58.5,23.19823107,34.7,74,29.4,25.1,8
3676,14,37,1,176.6,88.3,28.31257078,25.3,89.5,50.4,49,8
3677,14,37,1,177.6,91.9,29.13597719,34.1,102,58.4,43,8
3678,14,37,1,184.7,92.3,27.05626913,23.1,89,49.9,53.6,8
3679,14,38,1,173.8,77.5,25.65678047,22.4,92,47.8,48.5,8
3680,14,38,1,174.1,77.7,25.63441888,23.2,88,36.9,40.2,8
3681,14,38,2,160.3,63.4,24.67301445,32.2,78,28,26.6,8
3682,14,39,1,177.6,68.9,21.84405689,13.5,80,32.1,29.7,8
3683,14,39,2,166.4,58.3,21.05532313,28.3,80,19.6,17,8
3684,14,39,2,161.8,50.5,19.29009398,23.2,70,23.2,24.8,8
3685,14,40,1,176.5,66.8,21.44307394,8.4,73,48.5,51,9
3686,14,40,1,188.7,95.7,26.87621691,24.3,97.5,51.5,48.4,9
3687,14,40,2,169,71.8,25.1391758,26.5,79,34.9,32.2,9
3688,14,40,2,162.1,57.3,21.80663188,30.1,80,22.2,24.3,9
3689,14,41,1,174.9,79.8,26.08694799,25.6,87,37.8,39.9,9
3690,14,41,2,159,60.5,23.93101539,31,73,26.2,24.5,9
3691,14,42,1,167.7,67,23.8236707,21.9,82.3,34.3,35.3,9
3692,14,43,1,173.9,69,22.81654735,14.5,83.5,38.2,38.1,9
3693,14,43,1,174.3,73.6,24.22607404,14.6,84,43.8,42.1,9
3694,14,43,1,177.8,98,31.000062,25.2,102,50,49.7,9
3695,14,43,2,156.3,84.2,34.46625807,37.8,101,31.2,28.9,9
3696,14,43,2,166.8,55.4,19.91212785,22.2,71,17.7,17,9
3697,14,44,2,154,54.1,22.81160398,31.2,83,21.6,18.5,9
3698,14,44,2,163.3,55.2,20.69982664,29.9,70.9,25.1,20.3,9
3699,14,45,1,176,76.3,24.63197314,26,94,47.1,41.6,10
3700,14,46,1,172,58,19.605192,19.5,89,27.8,23,10
3701,14,46,2,152.6,51.7,22.20145697,29.4,74,20,20.6,10
3702,14,46,2,163.7,64,23.88265556,26.5,80,21.8,19.3,10
3703,14,46,2,162.5,57,21.58579882,23.2,71,20.3,17.7,10
3704,14,47,1,165.4,70.1,25.62400483,21.4,93,28.5,31.2,10
3705,14,47,2,160,57,22.265625,21.7,71.5,27.1,26.2,10
3706,14,47,2,162.8,55.2,20.8271707,20.4,72,26.2,28.5,10
3707,14,48,1,171.2,70.4,24.01956503,17.3,82,42.6,37.9,10
3708,14,48,1,167.8,65,23.08497687,15.8,74,51,51.2,10
3709,14,48,1,169.4,66.1,23.03428031,22.3,78,37.4,36,10
3710,14,48,2,152.2,53.4,23.05217735,30.2,81,18.5,16.1,10
3711,14,48,2,151.9,64.5,27.95401326,37.2,90,28,25.8,10
3712,14,49,1,170.1,71,24.53859662,23,88,47.9,45.2,10
3713,14,50,1,179.7,88.8,27.49899434,23.9,97,36.6,42.8,11
3714,14,50,1,166.1,75.7,27.438263,21.6,86,40.1,38.7,11
3715,14,50,1,179,80,24.96800974,22,87,46.6,45.5,11
3716,14,51,2,148.1,46.6,21.24593261,34.5,75,19.7,18.5,11
3717,14,51,2,155,60,24.97398543,36.9,70,22.9,21.1,11
3718,14,51,2,150.3,51.7,22.88614167,28.2,81,16.8,18.2,11
3719,14,52,1,168.1,65.1,23.03804179,19.5,82,40.6,42.5,11
3720,14,52,1,188,78,22.06880942,19.4,88.5,53.5,50.7,11
3721,14,52,2,155.3,52.9,21.93374351,25.8,73,18.7,19.3,11
3722,14,52,2,161.5,57.8,22.16066482,25.2,76,23.8,22.2,11
3723,14,53,1,175.3,74,24.08063237,22.8,85,35.4,33.8,11
3724,14,53,2,159.1,65,25.67869786,36.1,87,19.6,21.3,11
3725,14,54,1,173.1,76.3,25.46422143,21.7,88.5,42.8,40,11
3726,14,54,2,159.1,75.2,29.70827814,41.1,93,27.2,23.1,11
3727,14,55,2,152.8,86.8,37.1768866,32.7,79,22.6,23.8,12
3728,14,55,2,160.9,49.8,19.23611012,22.5,73,22.5,22.5,12
3729,14,55,2,165.1,57,20.91128443,26.8,76,26.9,28.8,12
3730,14,56,1,178,89,28.08988764,31,85,50.3,48.5,12
3731,14,56,1,177,73.9,23.5883686,20.9,88,50.3,43.1,12
3732,14,56,1,173,86,28.73467206,29,94,40.1,39.9,12
3733,14,56,1,172,84.8,28.66414278,28.1,94,41.8,39.9,12
3734,14,56,1,170,68,23.52941176,21.3,84,45.9,42.2,12
3735,14,56,1,175,75,24.48979592,28,86,45.9,40,12
3736,14,57,2,153.4,47.4,20.14316093,27.8,71,10.3,14.1,12
3737,14,58,2,156.4,64.3,26.28678515,32.2,91,27.2,21.5,12
3738,14,58,2,162.5,63.9,24.19881657,34.7,89.5,27.8,25.1,12
3739,14,59,1,165,66,24.24242424,23.4,89.5,41,39,12
3740,14,59,2,151.9,60.5,26.22043105,32,88,29.4,24.9,12
3741,14,60,1,166.8,81.3,29.22122733,32.7,101.3,33.1,26.3,13
3742,14,60,2,157.4,69.6,28.09310766,41.2,95.5,24.6,21.2,13
3743,14,60,2,161.6,58.3,22.32471081,22.9,75,22.3,24.8,13
3744,14,60,2,162.3,55.7,21.14550958,32.3,71,21.4,18.2,13
3745,14,60,2,152.1,64.6,27.92377242,38.6,89,19.3,17.7,13
3746,14,61,1,173.7,64,21.21193742,15.4,75.3,39.1,36.2,13
3747,14,61,1,159,56.6,22.38835489,20.4,91,34.9,37,13
3748,14,62,2,165.6,60.9,22.2073444,25.5,77.5,21.2,25.8,13
3749,14,63,1,173.2,80.1,26.70156649,24,96,39.4,45.4,13
3750,14,63,1,168,64,22.67573696,19.7,90.1,21,23,13
3751,14,63,2,158.9,55.3,21.90167534,29.5,71.5,19.4,19.4,13
3752,14,63,2,159.4,59.9,23.57491786,36.2,80,22.6,19.7,13
3753,14,64,1,168,76.2,26.99829932,32,92,38.5,33.5,13
3754,14,64,1,162,56,21.33821064,18.4,88,27,24,13
3755,15,19,2,165,56.7,20.82644628,30.4,84.81459418,33,34.7,4
3756,15,19,2,162,51.7,19.69974089,23.4,75.65992343,26.8,29.4,4
3757,15,19,2,162,60.5,23.05288828,26.4,79.58335375,28.8,32.9,4
3758,15,20,1,170,68.8,23.80622837,14.1,74.84856688,46.5,46.8,5
3759,15,20,2,164,64.5,23.98126115,32.9,88.08411945,20.9,26.7,5
3760,15,20,2,167,70.2,25.17121446,32.9,88.08411945,36.2,38.6,5
3761,15,20,2,173,51.1,17.07374119,17,68,14.4,14.7,5
3762,15,20,2,156,58,23.8330046,28,81.67584992,33,30.3,5
3763,15,20,2,168,61.6,21.82539683,31.4,81.9,27.7,27,5
3764,15,21,1,183.3,80.6,23.98888773,19,89.1,52.9,42.8,5
3765,15,21,2,165,56.4,20.71625344,19.4,70.428683,35,34.1,5
3766,15,21,2,163.2,48.7,18.28473424,22.9,69.4,18.7,17.8,5
3767,15,22,1,175.3,102.4,33.32238858,37.6,114.4,30.5,34.6,5
3768,15,22,1,168,60,21.2585034,16.3,72.1,37.6,20.4,5
3769,15,22,1,172,66.4,22.44456463,17.7,79.79570064,33.5,35.5,5
3770,15,22,1,172,70.7,23.898053,22,85.70477707,48.5,44.9,5
3771,15,22,1,176,90,29.05475207,32.1,102.9,42.3,31.1,5
3772,15,22,2,155.7,50.9,20.99619305,27.4,74.4,25.8,22,5
3773,15,23,1,174,80,26.42356982,19.4,90.1,42.6,41.7,5
3774,15,23,1,173.6,70,23.227293,26.7,84.2,31,27.2,5
3775,15,23,1,178,81.5,25.72276228,21.3,91,50.1,45.1,5
3776,15,23,1,166,65.6,23.80606764,19.6,82.4066879,41.8,33.8,5
3777,15,23,1,178,73.4,23.16626689,14.4,75.26082803,51.9,49.8,5
3778,15,23,1,179,71.6,22.34636872,13.3,73.74920382,44.8,41.9,5
3779,15,23,1,180,81.2,25.0617284,18.4,80.75764331,60.4,54.7,5
3780,15,23,2,159,52,20.56880661,23.2,75.39836141,20,21,5
3781,15,24,1,182,83,25.05736022,11.4,82.3,53.7,47.9,5
3782,15,24,2,170,59.7,20.7,33.7,82.1,27,28.6,5
3783,15,24,2,159,53.6,21.20169297,27.9,74.8,20.6,20.4,5
3784,15,24,2,161.8,55.6,21.23820248,28.5,76.8,20.3,18.8,5
3785,15,25,1,176,71.5,23.08238636,13.2,73.61178344,53.5,52.5,6
3786,15,25,2,160,67.4,26.328125,34.7,87.6,37.4,34.1,6
3787,15,25,2,159,74.6,29.50832641,34.7,90,39.1,31.1,6
3788,15,25,2,159.1,72.4,28.6,34.7,90,31.1,39.1,6
3789,15,25,2,158.4,56.4,22.47857361,26.4,84.6,28.4,26.7,6
3790,15,25,2,164.6,55.8,20.6,26.9,73.8,24.4,18.7,6
3791,15,26,1,180.1,78.7,24.2631569,23,87.07898089,48.7,49,6
3792,15,26,1,182,75.4,22.76295133,22.7,88.2,47.9,35.7,6
3793,15,26,1,179.8,89.3,27.62307891,30.4,101.1,51.6,47.1,6
3794,15,26,1,171.2,65.5,22.34774871,11.4,73.8,42.3,35.2,6
3795,15,26,1,181.4,75.3,22.88339255,19,83.7,38.5,38.4,6
3796,15,26,2,162.9,58,21.85676209,38.1,82,22.9,16.2,6
3797,15,26,2,163,58,21.8,38.1,82.1,23.3,16.4,6
3798,15,26,2,162.3,49.8,18.90568002,21.3,73.2,21.4,19.4,6
3799,15,27,1,165,62.6,22.99357208,26.1,91.33901274,35.7,39.7,6
3800,15,27,1,180,72.2,22.28395062,17.9,80.0705414,42.4,38.5,6
3801,15,27,1,172.5,73,24.53266121,15.5,84.6,59.4,54.1,6
3802,15,27,1,173.6,75.3,24.9859309,24.2,91.7,42.6,32.2,6
3803,15,27,2,154,55.3,23.3175915,40.3,81.6,30.9,24.1,6
3804,15,27,2,158,52.7,21.1,26.9,71.3,26,23.7,6
3805,15,27,2,167,56.8,20.4,28.2,73.3,22,18.8,6
3806,15,28,1,177,64,20.42835711,15.7,77.04729299,36.6,35.6,6
3807,15,28,1,169,63.2,22.12807675,26.9,83.3,33.6,26.2,6
3808,15,28,1,182,92.3,27.86499215,27.5,93.26289809,46,40.1,6
3809,15,28,1,183,119.4,35.65349816,33.8,130.1,53.6,50.9,6
3810,15,28,2,158.2,55.1,22,17.3,70.1,25.8,25.1,6
3811,15,28,2,167,69.5,24.92021944,23.7,76.05226646,26.1,24.3,6
3812,15,29,1,171,63.5,21.71608358,22.1,80.1,43.1,41.9,6
3813,15,29,2,162.3,61.2,23.23348629,38.7,87,21.5,21.4,6
3814,15,29,2,180,68,20.98765432,28.4,83.1,29.8,31.7,6
3815,15,30,1,174,64,21.13885586,15.7,77.04729299,36.6,35.6,7
3816,15,30,1,172,77.6,26.23039481,19.3,84.1,56.1,54.6,7
3817,15,30,1,179,78,24.34380949,21.4,87.1,55.8,37.9,7
3818,15,30,2,168.8,66.7,23.40889693,31.4,86,27.4,24.4,7
3819,15,30,2,157,76.7,31.11688101,45.7,97.6,25.5,24.8,7
3820,15,30,2,159.2,48.7,19.2151082,15.2,78,22.1,18.9,7
3821,15,31,1,170,92.6,32.04152249,35.4,102.1,42.1,39.8,7
3822,15,31,1,178,69.7,21.99848504,17.5,82.1,43.7,42.5,7
3823,15,31,2,162.3,44.6,16.93159295,22.1,68.8,26.3,21.7,7
3824,15,31,2,162.4,44.6,16.9,22.1,68.8,26.3,21.7,7
3825,15,31,2,181,81.8,24.9687128,20.9,72.39039816,46.3,53.2,7
3826,15,32,1,179,80.6,25.15526981,16.9,105.1,56.4,55.4,7
3827,15,32,1,176.5,99.4,31.90780762,34.5,106.5,57.5,46.5,7
3828,15,32,1,176.5,99.4,31.9,34.5,106.5,57.5,46.5,7
3829,15,32,1,160,76.4,29.84375,37.4,97.6,36,34.6,7
3830,15,32,2,161,57.8,22.29852243,24.8,83.2,26.4,23.4,7
3831,15,32,2,160,49.6,19.375,21.4,70.8,27.7,25.8,7
3832,15,33,1,170,96,33.21799308,28.1,104,48,46,7
3833,15,33,1,166,62.4,22.6,17.2,76.1,44.5,38.1,7
3834,15,33,1,171,62.5,21.37409801,12,73.66,55,49,7
3835,15,33,2,152,48.3,20.90547091,17.3,74.2,28.4,26.1,7
3836,15,33,2,154.7,60.1,25.11272522,36,84,21.2,16.1,7
3837,15,33,2,160,76.2,29.8,37.9,101.1,31,28.9,7
3838,15,33,2,166.2,51.7,18.7,23.2,68,22.1,23.3,7
3839,15,33,2,159.5,46.6,18.31743006,21.7,66.6,28.3,27.5,7
3840,15,33,2,160,50,19.5,27,69.6,26,19.8,7
3841,15,34,1,180.2,79.6,24.5,19,85.2,47,44.7,7
3842,15,34,1,180.2,79.6,24.51339676,19,85.2,47,44.7,7
3843,15,34,1,170,81.9,28.33910035,32.6,96.3,30.5,30.3,7
3844,15,34,2,169,62.3,21.8,27.9,79,29.5,26.7,7
3845,15,35,1,181,89.4,27.28854431,25.2,90.1022293,48.1,51.9,8
3846,15,35,1,173,73.4,24.52470848,27.9,89.9,37,33.4,8
3847,15,35,1,174,84.4,27.87686616,27.3,95.3,40.9,40.7,8
3848,15,35,1,166.9,70.6,25.34498437,24.6,81.8,35.4,35.1,8
3849,15,35,2,170,55.4,19.16955017,17,68.5,32.1,33.4,8
3850,15,35,2,160,55,21.484375,31.8,74,18.6,16.1,8
3851,15,35,2,160.8,54,20.88438405,26.65052763,88.5,20,28,8
3852,15,35,2,169.2,62.66,21.88717312,28.8,81.9,17.7,19.5,8
3853,15,36,1,173,55,18.37682515,12.3,73,42.9,35.1,8
3854,15,36,1,168,70.8,25.08503401,26.8,90.8,41.8,36.3,8
3855,15,36,1,172,77.8,26.3,27.1,89.3,38.3,42.6,8
3856,15,36,2,172,63.8,21.5657112,32.8,88.7,27.9,25.4,8
3857,15,37,1,176,79.7,25.72959711,24.2,88.72802548,43.8,45,8
3858,15,37,1,178,79.9,25.21777553,12.8,78.4,57,51.5,8
3859,15,37,2,165,62.6,22.99357208,35.8,91.87676876,24.7,26.8,8
3860,15,38,1,182,86.1,25.99323753,27.7,98.2,41.3,40.7,8
3861,15,38,1,183,91.8,27.41198603,24.3,98.7,53.5,51.9,8
3862,15,38,1,171,72.4,24.8,22.2,87.6,41.8,44.4,8
3863,15,38,2,170,59.7,20.7,33.7,82.1,27,28.6,8
3864,15,38,2,166.6,54.9,19.77982069,35.7,81.6,19.6,18.2,8
3865,15,38,2,165.5,71.4,26.06767007,31.7,89.9,33.7,33.3,8
3866,15,38,2,156.4,52.9,21.62629758,36.1,76.1,21.1,18.1,8
3867,15,38,2,159.6,49.8,19.55075659,24.1,71.5,25.4,22.4,8
3868,15,38,2,166.6,54.9,19.8,35.7,81.6,19.6,18.2,8
3869,15,38,2,157,57.1,23.2,15.6,78.2,22.9,23.9,8
3870,15,39,1,171,86.2,29.47915598,29.7,96.2861465,46.3,52.2,8
3871,15,39,1,164,66.8,24.8,31,86.8,33.2,31.3,8
3872,15,39,1,164,66.8,24.8364069,31,86.8,33.2,31.3,8
3873,15,39,2,157,56.7,23.00296158,27.3,84.1,23.4,21.2,8
3874,15,39,2,160,73,28.515625,40.2,97.63113323,22.1,21,8
3875,15,40,1,169,91.9,32.17674451,34.5,102.8823248,44.4,41.9,9
3876,15,40,2,155.1,53.2,22.11505566,34.5,80.5,24.4,20.6,9
3877,15,40,2,164,62.16,23.11124331,31.1,84.5,27.2,25.2,9
3878,15,40,2,165,62.3,22.88337925,24.2,76.70617152,29.2,28.6,9
3879,15,40,2,156.6,54.1,22.06041863,31.8,71,24.4,21.8,9
3880,15,40,2,154.7,63.6,26.57519673,33.2,80,27.1,22,9
3881,15,40,2,151.4,42.5,18.54117187,29.3,62,23.4,21,9
3882,15,41,1,167,60.4,21.7,21.6,76.1,36.4,30.1,9
3883,15,41,1,160,71,27.734375,27.8,88.6,55.1,43.8,9
3884,15,41,1,167,60.4,21.65728423,21.6,76.1,36.4,30.1,9
3885,15,41,1,173.8,67.6,22.37933368,20.2,83.23121019,47.1,47.9,9
3886,15,41,2,160.6,59.8,23.18516026,38.1,76,23.9,17.7,9
3887,15,41,2,161.8,60,22.91892354,20.1,75.1,21.3,19.2,9
3888,15,42,1,168.8,63.4,22.3,12.2,74.2,47.4,41.4,9
3889,15,42,1,180,70.9,21.9,18,80.2,44.5,46,9
3890,15,42,1,168.8,63.4,22.25073561,12.2,74.2,41.4,47.4,9
3891,15,42,1,180,70.9,21.88271605,18,80.2,46,44.5,9
3892,15,42,1,176,85.9,27.73114669,27.8,95.5,43.1,42.1,9
3893,15,42,2,155.4,74.7,30.93275294,37.7,91.7,29.4,26,9
3894,15,42,2,162.1,59,22.45360002,30.7,85.20693721,14.8,19.8,9
3895,15,42,2,164,58.6,21.78762641,25.6,75.7,31.9,27.6,9
3896,15,43,1,177,75.4,24.1,24.9,89.5,35.6,39.3,9
3897,15,43,1,177,75.4,24.06715822,24.5,89.5,39.3,35.6,9
3898,15,43,2,167.1,63.4,22.70577647,33,88.21490046,38.6,36.2,9
3899,15,43,2,164,70.8,26.32361689,33.6,93,30.1,30,9
3900,15,44,1,177,80.1,25.5673657,14.7,83.4,50.6,41.2,9
3901,15,44,1,164,68.5,25.46847115,24.5,89.14028662,45.7,51.5,9
3902,15,44,1,177,80.1,25.6,14.7,83.4,41.2,50.6,9
3903,15,44,2,169.5,57,19.83971598,24.4,75,29.5,28.1,9
3904,15,44,2,148,65,29.67494522,39.1,84.8,24.9,22.5,9
3905,15,45,1,177,62.5,19.9,12.2,76.5,36.7,30,10
3906,15,45,1,178,72,22.7,22,83.3,42.9,43.3,10
3907,15,45,2,148.5,47.3,21.44905849,29.5,83.63756508,26.1,29.3,10
3908,15,45,2,161.1,64.1,24.69829358,29.9,84,34.3,31.3,10
3909,15,45,2,152.2,53.1,22.92267074,31,85.59928025,23,26.8,10
3910,15,45,2,161.1,64.1,24.7,29.9,83.3,34.3,31.3,10
3911,15,45,2,157,53.7,21.8,21.3,60,29.3,24.3,10
3912,15,45,2,164,61.3,22.8,27,78.8,33.9,31.7,10
3913,15,46,1,178,59.5,18.8,15.6,73,44.6,36.9,10
3914,15,46,1,169,71.3,25,25.2,89.1,40.6,33.4,10
3915,15,46,1,169,71.6,25.06915024,25.2,89.1,40.6,33.4,10
3916,15,46,1,168,83.2,29.5,25.7,91.5,47,42.4,10
3917,15,46,1,178,59.5,18.77919455,15.6,73,44.6,36.9,10
3918,15,47,1,165,58.5,21.5,11.5,70.5,40.9,45.1,10
3919,15,47,1,177.9,90.9,28.72182204,27.3,102,48.8,44.7,10
3920,15,47,1,170,74.7,25.84775087,15.3,76.49761146,54.6,53.1,10
3921,15,47,2,159.2,41.9,16.53209515,17.8,68.33618683,13,13.9,10
3922,15,47,2,155,55.9,23.26742976,38.8,81.6,22,21.4,10
3923,15,47,2,160,58.9,23.0078125,28.2,76.5,19.6,20.8,10
3924,15,47,2,160.8,56.4,21.8125789,25.2,75.1,22.5,19.6,10
3925,15,47,2,158.6,63,25.0457582,35.2,87.4,26.8,25,10
3926,15,48,1,173,59,19.7,12.2,73.8,46.3,40.6,10
3927,15,48,1,168.1,56.9,20.1,19.9,73.6,34.8,31.3,10
3928,15,48,1,173,59,19.71332153,12.2,73.8,46.3,40.6,10
3929,15,48,2,144,49.5,23.87152778,28.9,70.5,22.3,20.7,10
3930,15,48,2,155.6,63.5,26.22735774,41.4,87.6,22.6,19.7,10
3931,15,48,2,181,56.5,17.24611581,28,73.3,17,19.1,10
3932,15,49,1,170,64.7,22.4,19.4,78.1,41.2,41.4,10
3933,15,50,1,186,73.3,21.18742051,16.1,77.59697452,52.6,52.6,11
3934,15,50,1,154,52.2,22,20.1,74.3,37.6,31.4,11
3935,15,50,1,154,52.2,22.01045708,20.13,74.3,37.6,31.4,11
3936,15,50,2,162.4,64.8,24.56987551,34.1,89.65349158,31.1,29.1,11
3937,15,50,2,161.5,57.16,21.91528722,25.7,79.3,26.2,26,11
3938,15,51,2,154.9,50.7,21.13027376,32.8,77,22.8,20.7,11
3939,15,51,2,164.7,59.6,21.97146732,33.3,88.60724349,24.2,23.8,11
3940,15,51,2,159.5,56.2,22.09097788,31.6,86.38396631,17.9,18.4,11
3941,15,52,1,175,66.6,21.74693878,25.8,83.2,51.4,48.1,11
3942,15,52,1,175,66.6,21.7,25.8,83.2,51.4,48.1,11
3943,15,52,1,169,66.3,23.2,25.4,90,48.2,42.6,11
3944,15,52,1,170.2,81.3,28.06541278,22.8,86.80414013,46.2,54.4,11
3945,15,52,1,169,66.3,23.21347292,25.4,90,48.2,42.6,11
3946,15,52,2,156,50,20.54569362,27.1,80.49882083,18.6,23.9,11
3947,15,53,1,171,84.1,28.8,26.4,92.1,45.1,35.3,11
3948,15,53,1,171,84.1,28.76098629,26.4,92.1,45.1,35.3,11
3949,15,53,2,164.5,79.9,29.5267043,41.9,98.3,26.3,19.7,11
3950,15,53,2,164,62,23.05175491,33,88.21490046,24,26.9,11
3951,15,54,1,179,76.4,23.8444493,14.4,75.26082803,64,67.8,11
3952,15,54,1,165,58.7,21.6,9.7,69.5,39.4,35.3,11
3953,15,54,1,169,87.1,30.49613109,23.7,88.04092357,50.1,55,11
3954,15,54,1,165,58.7,21.5610652,9.7,69.5,39.4,35.3,11
3955,15,54,2,152.4,58.4,25.14449473,38.1,89.6,22.2,20.7,11
3956,15,54,2,158.9,51.7,20.47588816,30.7,74.1,22.3,18.2,11
3957,15,54,2,155.6,51.4,21.22970374,31.1,76.5,26.1,24.6,11
3958,15,54,2,154,51.9,21.8839602,28.7,75.6,20.6,16,11
3959,15,54,2,164.1,72.8,27.03424325,44.3,101.1,20,24,11
3960,15,54,2,157,50.7,20.56878575,11.2,59.70464012,22,23,11
3961,15,55,1,173,66.5,22.2,18.5,76.3,42.3,40.3,12
3962,15,55,1,170,85.6,29.6,28.7,91.6,52.5,44,12
3963,15,55,1,163,62.08,23.4,23.4,83.4,44.6,37.5,12
3964,15,55,2,158.4,57.8,23.03655239,31.7,82.4,25.8,25.1,12
3965,15,55,2,167,67.9,24.34651655,32.7,91.1,31.9,25.5,12
3966,15,55,2,155,56.4,23.47554631,29.8,81.3,32.1,28.1,12
3967,15,56,1,170,80.6,27.88927336,26.3,91.6138535,45.1,40,12
3968,15,56,1,169,61,21.4,22.7,78.4,35.7,34,12
3969,15,56,1,164,70.7,26.3,27.3,87,33.8,31.7,12
3970,15,56,2,154.3,50.4,21.16891915,25.2,78.01398162,23.6,27.2,12
3971,15,56,2,164,61.6,22.90303391,28.4,80.4,32.9,25.7,12
3972,15,56,2,163.5,56.4,21.09811183,31.2,85,26,26.8,12
3973,15,56,2,165.3,63.5,23.23956626,34.9,85.6,28.5,24.2,12
3974,15,57,1,172,58.4,19.74040022,19,76.7,37.9,33.1,12
3975,15,57,1,172,58.4,19.7,19,76.7,37.9,33.1,12
3976,15,57,1,170,78,26.98961938,26.9,92.4383758,44.9,45.4,12
3977,15,57,2,159,52.9,20.92480519,28,81.67584992,26.4,22.6,12
3978,15,57,2,154.1,55.6,23.41367114,34.9,79.9,19.7,15.9,12
3979,15,57,2,165,58,21.30394858,30.5,84.94537519,24.2,25.2,12
3980,15,57,2,160,59.94,23.4140625,32.1,85,17.7,18.8,12
3981,15,57,2,157.4,57.2,23.08801377,23.4,72,28.8,30.6,12
3982,15,58,1,168,69.9,24.76615646,20.8,84.05573248,52.2,48.7,12
3983,15,58,1,165.9,73.8,26.81412254,25.7,90,44.2,41.5,12
3984,15,58,1,165.9,73.8,26.8,25.7,90,44.2,41.5,12
3985,15,58,2,159.2,51.8,20.43824651,26.5,77.6,19.8,20.3,12
3986,15,59,1,160.1,63,24.6,23.8,82.3,39.9,34,12
3987,15,59,1,165,62,22.77318641,27.3,92.98805732,38,39.7,12
3988,15,59,2,152,46.9,20.29951524,25.1,72.3,17.5,17.5,12
3989,15,60,2,156,51.2,21.03879027,27.5,81.02194487,27.3,26.5,13
3990,15,61,2,151.6,56.6,24.62736962,37.2,84.2,24.5,22.4,13
3991,15,61,2,154.7,66.1,27.61981925,38.1,94.88473201,16.6,19.8,13
3992,15,62,1,159,64.7,25.6,31.9,88.5,41.5,33.1,13
3993,15,62,2,155,65.2,27.1383975,34,89.52271057,25.9,28.2,13
3994,15,62,2,148.4,64.9,29.46978008,46.1,91.1,23.8,22.3,13
3995,15,63,1,174.1,85,28.04280057,23.6,93.4,41.8,38.6,13
3996,15,63,1,168.7,63.3,22.24198507,22.6,81.8,38.9,37.3,13
3997,15,63,1,167.3,76.2,27.2,32.7,97.3,33.2,35,13
3998,15,63,1,156,60.9,25,22.8,83,38.1,37.7,13
3999,15,63,1,166,69.8,25.3,26,86.4,35.4,37.7,13
4000,15,63,2,153.4,60.1,25.54016818,38.3,95.14629403,26.7,29,13
4001,15,64,1,171.5,67.52,22.95642122,21.4,84.88025478,35.1,31.7,13
4002,15,64,2,151.1,67.9,29.73999188,46.2,95.8,19.9,13.5,13
4003,16,19,1,172.6,69.8,23.43008369,20.3,80.3,48.6,47.2,4
4004,16,19,2,163.7,58.7,21.90487314,24.4,72.3,24.3,25.7,4
4005,16,20,1,171.7,69.2,23.47283274,18.5,79.2,38,31.7,5
4006,16,20,2,168.5,64.1,22.5765834,29.3,68.8,24.9,21,5
4007,16,20,2,157.1,54.9,22.24436304,28,65.4,27.6,25.7,5
4008,16,21,2,157.8,48,19.27645814,20.1,65,19.9,20.1,5
4009,16,22,1,183.8,68.2,20.188003,12.6,75,45.6,38.2,5
4010,16,22,1,178.6,67.8,21.25527777,21.3,74,50,28.4,5
4011,16,22,1,171.7,64,21.70897826,21.3,78,39,36.1,5
4012,16,22,2,162.6,50.7,19.17639103,24.6,67.5,15.7,16.8,5
4013,16,23,1,176.2,65.3,21.03300733,19.5,76.5,42.3,38.5,5
4014,16,23,2,155.9,65,26.74367749,47.3,104,16.1,15.9,5
4015,16,24,1,170,65,22.49134948,12.8,78,46.4,49.3,5
4016,16,24,2,160,65.6,25.625,42.1,86.5,23.4,21,5
4017,16,25,1,166.5,51.44,18.6,16.8,69.5,31.1,28.3,6
4018,16,25,2,162.2,56.6,21.51368133,28.8,79,34.6,31,6
4019,16,25,2,165.3,45.8,16.7617659,18.1,59.8,26.8,24.6,6
4020,16,25,2,162.4,60.3,22.86363416,29.8,83.8,31.5,30.2,6
4021,16,26,2,149,47.4,21.35038962,27.6,69.5,20.1,19.9,6
4022,16,27,1,169.8,70,24.3,18.2,84.5,41.4,38.8,6
4023,16,27,2,156.7,58.2,23.70199989,34.6,81.2,23.3,23.2,6
4024,16,28,1,174.1,61.3,20.22380794,10.2,73.8,37.3,37.6,6
4025,16,28,1,176.6,66.44,21.3,20.3,78,33.5,30.1,6
4026,16,28,1,176.6,66.44,21.30336583,20.3,78,30.1,33.5,6
4027,16,28,2,160.8,61.12,23.63802876,36.1,81,26,22.6,6
4028,16,29,1,170.6,65.84,22.6,16,77.5,42.7,44.2,6
4029,16,29,1,170.6,65.8,22.60829649,16,77.5,44.2,42.7,6
4030,16,29,2,170.2,57.3,19.78042008,31.1,68,35.2,30.1,6
4031,16,30,1,164.1,66.2,24.58333658,24.9,88.8,34.3,34,7
4032,16,30,2,168,58.4,20.69160998,28.2,77,20.8,19.4,7
4033,16,30,2,164.3,52.1,19.30023497,21.3,70.8,26.4,23.4,7
4034,16,31,2,167,72.7,26.06762523,39.2,82.5,23.4,22.4,7
4035,16,32,2,162.6,61,23.07218644,28.3,72.5,27.6,24.6,7
4036,16,33,1,177.2,86.5,27.54791107,29.7,94,39.1,34.1,7
4037,16,33,1,180.9,78.2,23.89624264,14.2,89,49.5,43.4,7
4038,16,33,1,181,76.5,23.35093556,14.8,89,49.2,45.1,7
4039,16,33,1,185.7,91.8,26.62066338,24.9,88.2,58.8,51.6,7
4040,16,33,2,159.3,67.5,26.59942332,39.2,77,22.3,22.3,7
4041,16,33,2,156.1,50.2,20.60145581,35.9,67,21.9,20.1,7
4042,16,33,2,164.6,53,19.56213303,27.6,75.8,16.9,17.7,7
4043,16,34,1,181.6,80.6,24.4401211,20.9,88,44.2,47.1,7
4044,16,34,1,183,105.3,31.44316044,29.1,106.5,44.6,42.1,7
4045,16,35,1,180.2,78.2,24.1,19.5,89.4,49.1,47.2,8
4046,16,35,1,175,60.78,19.84653061,15.9,79,34.5,29.7,8
4047,16,35,1,172.2,64.8,21.85288155,22.9,78.5,38.4,32,8
4048,16,35,2,159.3,81.2,31.9981211,41.3,89,25.7,24.4,8
4049,16,35,2,161.8,58.4,22.30775225,25.5,74,26.7,22.2,8
4050,16,35,2,163.1,62.4,23.45722684,30.2,74,37.2,34.1,8
4051,16,36,1,181.2,76.3,23.23850318,23.2,85,48.3,38.7,8
4052,16,36,2,158.8,55.2,21.8896129,31.7,70.3,29.6,24.8,8
4053,16,37,2,163.1,60,22.5550258,32.5,67.8,32.3,30.4,8
4054,16,37,2,156.6,41.9,17.08561074,15.9,64,23.7,19.4,8
4055,16,37,2,159.5,52.8,20.75451303,33.2,69.5,22.9,21.2,8
4056,16,38,1,171.2,81,27.63614726,32.2,94.5,38.2,37.2,8
4057,16,38,1,171.4,74.5,25.35914679,22.6,84,36.7,34,8
4058,16,39,1,167.7,74,26.31271092,24.8,89,45.5,42.3,8
4059,16,40,1,180.4,89.4,27.47036642,27.8,96.5,49.1,45.2,9
4060,16,40,2,154.1,54.6,22.99256195,32.4,62.3,27.6,28,9
4061,16,41,1,166.6,84.3,30.37229297,35.2,97,40,39.4,9
4062,16,41,2,159,56.9,22.50702108,30.1,71,31.7,30.9,9
4063,16,42,1,172.1,83.7,28.25945079,30,90.5,49.7,37.2,9
4064,16,42,1,169.7,64.38,22.35564928,23.2,82.4,30,25.4,9
4065,16,42,1,174.9,69,22.5563836,20.4,84.5,52.3,40.9,9
4066,16,43,1,172.4,66.2,22.27324358,24.8,81,42,38.8,9
4067,16,43,2,159.5,50.5,19.85043386,31.5,67.5,20.8,16.8,9
4068,16,43,2,172.3,56.9,19.16645137,27.4,65.6,30.3,29.6,9
4069,16,44,1,182.5,74.6,22.39819854,24,81.4,40.5,36.8,9
4070,16,44,2,160,52.6,20.546875,29.6,70.8,33.3,30.7,9
4071,16,44,2,152.5,53.9,23.17656544,32.2,71,19.3,15.9,9
4072,16,44,2,154.1,60.2,25.35077343,37.6,77,30.4,29.9,9
4073,16,45,2,158.9,62.3,24.67403931,35.7,76.5,25.4,25.7,10
4074,16,45,2,152.5,50.2,21.58559527,29.1,65,23.3,21.7,10
4075,16,46,1,171.1,82.3,28.1,25.3,92.2,50.1,42.8,10
4076,16,46,1,166,73.8,26.8,28.4,78.5,44.8,41.5,10
4077,16,46,2,160.8,53.1,20.53631098,27.5,68,26,24.6,10
4078,16,46,2,157,48.6,19.71682421,26.3,64.2,24,24.3,10
4079,16,47,1,168.5,71.6,25.2,21.6,74.5,43.8,41.6,10
4080,16,47,1,173.2,75.6,25.20147849,29.4,85,43.3,35.9,10
4081,16,47,2,165.1,67.3,24.68999021,35.8,85,25.3,19.9,10
4082,16,48,1,156.7,59.74,24.3,29.9,84.6,36.3,34,10
4083,16,48,1,179.4,82.5,25.6,20.7,86,39,45.1,10
4084,16,48,1,160,75.5,29.4921875,36.5,90.4,38,36.1,10
4085,16,48,2,151.4,53.1,23.16555827,34.8,77,25.3,22,10
4086,16,49,2,160.5,54.6,21.19544647,32.4,67.5,28,27.6,10
4087,16,50,1,170.3,59.5,20.5,10.7,71.2,38.8,41.8,11
4088,16,51,2,158.4,55.5,22.11987297,29,77,23.1,23.9,11
4089,16,52,1,168.6,73.4,25.82146742,31,87,36.8,35.1,11
4090,16,52,1,176.7,75.8,24.3,26.2,84.2,45.4,43.6,11
4091,16,52,1,173.3,86,28.63527286,27.4,97.6,40.7,39,11
4092,16,52,1,181.4,82.9,25.19300455,23.5,91,45.5,35.9,11
4093,16,52,2,161.7,52.6,20.11711527,25.7,69,24.6,26,11
4094,16,52,2,156.4,56.1,22.93450461,23.5,72.5,25.9,21,11
4095,16,53,2,153.3,52.48,22.33106916,34.2,76.6,20.4,18.9,11
4096,16,53,2,156,68.8,28.27087442,37.5,85,27.6,23.6,11
4097,16,53,2,161.5,56.3,21.58556106,35.6,73.5,24.6,22,11
4098,16,53,2,165,56.3,20.6795225,21.2,68.5,20.9,17.2,11
4099,16,54,1,176.3,72.2,23.22911013,18.5,85,49.1,45.6,11
4100,16,54,1,178.1,85.5,26.95493419,27.2,96.6,47.9,52.5,11
4101,16,55,1,162.9,54.4,20.5,18.1,79.5,44.2,37.2,12
4102,16,55,1,168.6,73.9,26,29,78,40,28,12
4103,16,55,2,155.3,56.1,23.26054841,32.4,74.5,22.1,21.1,12
4104,16,55,2,149.3,46.4,20.81605205,31.6,69.5,15.3,15.3,12
4105,16,56,1,168.8,73.4,25.76031536,23.6,90,38.3,38.3,12
4106,16,56,1,163.1,67.6,25.4,25.1,73.5,37.2,36.1,12
4107,16,56,2,158.3,62.9,25.10087239,31.4,83.7,32,27.2,12
4108,16,58,1,172,56.8,19.19956733,17.2,77.5,36.2,25.5,12
4109,16,58,2,156,56.6,23.25772518,31.2,78.8,25.4,20.9,12
4110,16,58,2,157.6,58.6,23.59310985,30.8,73.5,27.9,25,12
4111,16,59,1,168.2,58.2,20.57173881,13.7,73,31.9,30.5,12
4112,16,59,1,161.2,55.6,21.39659748,27.1,77,25.6,21.6,12
4113,16,59,2,158.2,55.1,22.01601135,35.2,77.2,25.9,24,12
4114,16,59,2,161.1,54.3,20.92226742,22.5,72.3,21.2,27.2,12
4115,16,60,1,170.2,72.5,25,33.5,82,41.6,35.7,13
4116,16,60,2,160,57,22.265625,30.8,74.5,25.1,21.7,13
4117,16,61,1,166,70.7,25.7,24.2,86.1,49.1,38.3,13
4118,16,61,1,164.4,59.3,21.9,13.4,73.3,46.2,41.6,13
4119,16,61,1,167,71.2,25.52977877,25.5,93,41,36.8,13
4120,16,61,2,157.7,54.4,21.87436795,36.8,75,25,21.9,13
4121,16,61,2,161.4,64.4,24.72172702,35.3,80,23.9,24.1,13
4122,16,61,2,156.6,70.4,28.7070882,38.9,88,36.5,29.4,13
4123,16,62,1,160.4,60.1,23.35961841,18.6,80.5,33,22.7,13
4124,16,62,1,171.1,71.8,24.52587018,22.1,86.4,27,24.5,13
4125,16,62,2,161.8,57.1,21.81117557,25.7,78,25.1,24.4,13
4126,16,62,2,155.6,66.1,27.3012338,37.3,88.5,24.9,19.5,13
4127,16,64,1,167,70.2,25.17121446,26.2,90,41.9,36.4,13
4128,16,64,2,158.6,54.3,21.58705826,40.5,73.5,25.7,20.1,13
4129,17,19,1,170,76.8,26.57439446,21.4,90.5,38.1,38.1,4
4130,17,19,2,161.1,53.8,20.72961302,33.2,76,30.3,25.7,4
4131,17,19,2,154.3,59.3,24.90708147,34.4,83.7,33,27.6,4
4132,17,19,2,154.5,52,21.78443879,40,78,18.7,18.2,4
4133,17,19,2,154.7,48.3,20.18210695,28.2,69.2,32.1,24.2,4
4134,17,20,1,165.4,67.8,24.78327429,16.5,78.7,39.9,35,5
4135,17,20,1,172.3,68.6,23.10753188,13,77.8,59.9,51.8,5
4136,17,21,1,173.5,72,23.91847785,8.9,80.2,53,53,5
4137,17,21,2,160.2,69,26.88586832,37.3,89.2,30.2,32.6,5
4138,17,21,2,153.6,75.4,31.95868598,48.7,99.8,27.4,23.7,5
4139,17,22,1,168,84.2,29.83276644,25.6,89.3,48.7,44.2,5
4140,17,22,1,172,66.2,22.37696052,7.8,75.8,49.4,42.5,5
4141,17,22,1,173,67.2,22.4531391,12.4,76.2,46.4,36.4,5
4142,17,22,2,148.5,51.5,23.35362605,30.8,77.4,23.4,22.7,5
4143,17,22,2,156.5,50.6,20.6595964,26.1,71.6,27.5,25.8,5
4144,17,23,1,180,75.8,23.39506173,14.4,77.8,42.1,42.9,5
4145,17,23,1,174,71,23.45091822,12.3,72.375,56.9,47.2,5
4146,17,24,1,180,77,23.7654321,14.1,79.8,44.3,26.8,5
4147,17,24,2,153.5,53,22.49360736,34.6,74.9,22,20.6,5
4148,17,24,2,161.5,56.8,21.77726231,31.1,74,28.6,26,5
4149,17,25,1,179.3,76.7,23.85804123,16.8,81.8,49.6,45,6
4150,17,25,1,172.4,64,21.53304515,16,79.4,43.1,43.4,6
4151,17,25,1,184.4,79.4,23.35063358,24,93.1,44.6,43.6,6
4152,17,25,1,176.5,82.1,26.35443668,25.6,88.6,48.8,48.6,6
4153,17,25,2,165.2,57.6,21.10582814,28.4,78.1,21.4,18.8,6
4154,17,26,1,178,78,24.61810377,8.9,80.7,55,54.5,6
4155,17,26,1,175.8,69.1,22.3583786,20.1,80.1,47.7,40.5,6
4156,17,26,2,170.1,61.7,21.32438608,40.6,83.2,17.8,19.6,6
4157,17,27,2,171,81.2,27.76922814,39.6,97.6,27.2,25.9,6
4158,17,27,2,156,51.8,21.28533859,26.7,73.5,23,19.7,6
4159,17,27,2,168.2,56.7,20.04153936,34.1,83.4,29.4,26.3,6
4160,17,27,2,160.7,63.6,24.62778549,34.2,83.2,37.1,29.7,6
4161,17,28,1,171.7,63.8,21.6411377,19.8,81.3,46.4,35.3,6
4162,17,28,1,170.4,70.3,24.21119046,26.4,83.7,46.1,33.6,6
4163,17,28,2,155.2,72.2,29.97462536,41.2,90.6,31.3,30.7,6
4164,17,29,1,170.7,68.5,23.50842477,20.8,81.8,51.5,50.7,6
4165,17,29,2,165.1,56.9,20.87459796,24.7,78.7,41.2,36.4,6
4166,17,29,2,157.9,51.7,20.73606202,30.9,73,31.4,27.8,6
4167,17,30,1,176.4,84.2,27.05919858,21.4,91,56.1,47.7,7
4168,17,30,2,172.7,67,22.4641571,30,84.8,30.1,28,7
4169,17,31,2,163.6,56.4,21.0723274,25,75.3,27.5,23.6,7
4170,17,32,1,173.7,78.9,26.1503416,18.2,84.3,57.7,48.4,7
4171,17,32,1,171.2,74.1,25.28195694,7.5,75.6,51.3,48.8,7
4172,17,32,2,163.5,61.7,23.08073582,36,81.3,29.5,27.2,7
4173,17,32,2,159,61.3,24.24745857,34.5,86.3,24.5,24.2,7
4174,17,32,2,162.8,46,17.35597559,25.5,67.2,19.2,18.7,7
4175,17,32,2,162.6,67.5,25.53069811,34.8,88,34.7,31.4,7
4176,17,33,1,182.9,97.1,29.02630932,31.4,111.4,48,46.9,7
4177,17,33,1,174.9,84.9,27.75415896,17.8,92.4,58.5,53.3,7
4178,17,33,1,184.3,84.5,24.87746011,13.8,85.1,61.1,61.1,7
4179,17,33,2,157,56.9,23.08410077,28,80.2,28.1,27.8,7
4180,17,34,1,173.7,70,23.20055655,26.9,83.4,49,43.7,7
4181,17,34,1,182.1,94.5,28.49783824,30.1,113.2,55.8,51.5,7
4182,17,34,1,172,81,27.37966468,26,81.2,62.8,56.3,7
4183,17,34,2,151.1,58.3,25.5352213,37.4,82,29.2,24.3,7
4184,17,34,2,153.1,46.8,19.96620251,17.9,68.1,29.9,28.4,7
4185,17,35,1,179.5,73,22.65655915,13.7,78.5,57.4,52.1,8
4186,17,35,1,170,67,23.183391,29.5,84.4,40.5,38,8
4187,17,35,2,160.9,73.8,28.50652463,37.2,90.8,34.5,26.3,8
4188,17,35,2,161.4,59.1,22.68717495,33.6,78.8,29.1,24.9,8
4189,17,36,2,159,59.7,23.61457221,32,79.9,30.2,27.8,8
4190,17,37,1,169,60,21.0076678,20.7,77.3,37.1,29.5,8
4191,17,37,1,182.2,79.7,24.00830922,14.5,81.7,65.9,62.3,8
4192,17,37,2,148.2,56.7,25.81586323,33.1,81,23.4,22,8
4193,17,37,2,168.2,71.4,25.23749401,31.2,82.5,28.9,22.9,8
4194,17,38,1,165.9,71.5,25.97845205,23.2,92.5,42.6,41,8
4195,17,38,1,165.9,71.5,25.97845205,22.2,86.9,42.6,41,8
4196,17,38,1,158.7,59.7,23.70393664,20.3,77.8,45.9,43.3,8
4197,17,38,1,177.2,81.3,25.89185168,27.1,93.9,50.6,49.3,8
4198,17,38,1,170.5,88.94,30.59485213,23.5,96.2,55.7,50,8
4199,17,38,2,153.8,53.9,22.7864198,33.1,87,24,23.1,8
4200,17,39,2,149.5,39.7,17.76266485,27.2,67.1,25.6,19.5,8
4201,17,39,2,157.8,64.9,26.06337778,36,88,30.4,24.2,8
4202,17,39,2,166.8,67.7,24.33305154,25.3,87.7,31.8,27.9,8
4203,17,40,1,185.2,79.3,23.12018062,16.3,85.3,44,41.2,9
4204,17,40,1,173.4,76.2,25.34292773,9.1,74.9,60.6,58,9
4205,17,40,1,161.4,67,25.71980917,19.9,77,39,37.8,9
4206,17,40,1,165,59.2,21.74471993,25.1,81.1,35.9,39.2,9
4207,17,40,2,155.3,73.9,30.64090067,43.1,99.2,28.7,23.5,9
4208,17,40,2,166.1,59.7,21.63889434,28.3,75.1,21.2,19.3,9
4209,17,40,2,160.5,54.9,21.31190497,30,81,26.7,24.4,9
4210,17,40,2,155.2,57,23.66417791,27.6,79.9,34.5,33.2,9
4211,17,41,1,185,84,24.54346238,13.7,85.6,62.7,54.8,9
4212,17,41,2,153.3,55.2,23.48847214,33.1,77.8,43.4,40.4,9
4213,17,41,2,155.6,65.4,27.01211332,34.4,86.3,24.6,22.9,9
4214,17,41,2,150.6,56.4,24.86733015,30.3,74.8,36.3,32.2,9
4215,17,42,1,170.9,72.5,24.82297793,21.5,84.9,46,44.3,9
4216,17,42,2,168,67.2,23.80952381,31.9,83.5,27.5,19.6,9
4217,17,42,2,156,68.6,28.18869165,27.8,97.7,22.1,22,9
4218,17,43,1,174.5,78.7,25.84543641,23.4,89.6,53.8,50.3,9
4219,17,43,1,157.2,55.6,22.49933635,17,74.8,44.9,42.9,9
4220,17,44,1,164,70.1,26.06335515,25.5,85.3,48.3,37.1,9
4221,17,45,1,172.3,58.5,19.70540255,8,71.7,42.4,45.7,10
4222,17,45,2,160.1,63.6,24.8127244,32.9,83,34.4,30.5,10
4223,17,45,2,154.4,59.5,24.95872372,23.2,75.2,26.3,26,10
4224,17,45,2,162.2,46.2,17.56063741,17.3,67.8,28.5,28.3,10
4225,17,46,1,167.1,75.5,27.03921331,23.1,94,48.6,43.4,10
4226,17,46,1,174.8,83.1,27.19682252,22.4,90.4,44.8,44.1,10
4227,17,46,1,183.5,88.7,26.34216603,16.9,91.5,59,53.1,10
4228,17,46,2,154.8,53.9,22.49297251,33,79.1,26.4,25.4,10
4229,17,46,2,157.2,65,26.30318099,37.8,91.2,30.3,28.7,10
4230,17,46,2,157.3,49.6,20.04583869,31.6,74.8,26,25.3,10
4231,17,47,2,158.1,56.6,22.64397628,33.9,82.6,31.5,28.7,10
4232,17,47,2,156,65.3,26.83267587,34.8,87.7,20.3,19.1,10
4233,17,48,1,162.7,62,23.42160129,26.1,83.6,43.5,35.6,10
4234,17,48,1,168.8,85.5,30.00690685,30.2,100,44.4,42.5,10
4235,17,48,1,168.4,69.5,24.50759136,21.5,86.5,56.9,50.9,10
4236,17,48,1,168.2,61.7,21.80887087,12.1,73.3,43.7,43,10
4237,17,48,1,170.9,76.4,26.15828295,30.6,90.1,46.4,43.7,10
4238,17,48,2,168.8,64.5,22.63678938,28.7,88,26.7,25,10
4239,17,49,1,174,76.8,25.36662703,19.6,87.7,52.8,50,10
4240,17,49,2,161.5,67.2,25.76464837,33.7,91.3,32.1,28.5,10
4241,17,50,1,162.5,68,25.75147929,28.7,89.7,47.6,45.3,11
4242,17,51,1,170.2,74.6,25.75251898,26.8,91.5,44,42.7,11
4243,17,51,1,163.5,64.1,23.97852781,23.4,78.1,40.5,35.1,11
4244,17,51,2,156.8,62.2,25.29870367,34.3,83.2,30.5,29.2,11
4245,17,51,2,160.7,68.2,26.40904041,37.5,87,29.3,28.4,11
4246,17,52,1,165.1,79.4,29.12905234,31.1,100,49.8,40.3,11
4247,17,52,2,162,70.8,26.97759488,36,92.3,23,24.4,11
4248,17,52,2,161.3,53.1,20.40919082,33.4,87,24.4,21,11
4249,17,52,2,165.6,67.4,24.57758641,24.6,81.9,32,32.7,11
4250,17,53,1,173.7,72.3,23.96286055,20.1,80.6,42.5,42.8,11
4251,17,53,1,167.5,59.8,21.3143239,16.8,76.3,35.1,36.2,11
4252,17,53,1,171,78.4,26.8,26.5,80.6,41.2,37.8,11
4253,17,53,2,149.2,56.2,25.2463541,29.3,80.3,25.6,24.2,11
4254,17,53,2,152.7,60.9,26.11795796,38.6,86.6,23.5,22.5,11
4255,17,53,2,155.3,61.8,25.62391964,31.5,77.3,31.9,25.7,11
4256,17,54,1,159.7,62.8,24.62350156,16.2,78.6,44.5,36.6,11
4257,17,54,1,171.2,74,25.24783824,23.1,83.1,44.3,40.2,11
4258,17,54,1,168.8,76.8,26.95357247,25.5,90.7,45.2,43.6,11
4259,17,54,2,163,70.5,26.53468328,30.5,87.7,34.9,33.1,11
4260,17,54,2,153.5,53.9,22.87557428,32.2,74.8,22.9,23.1,11
4261,17,55,1,171.3,98.8,33.6699304,27.6,104.1,44.4,38.3,12
4262,17,55,2,157.8,50.8,20.4009182,35.5,78.7,15.1,14.7,12
4263,17,56,1,163.6,67.2,25.10745392,19.8,84.9,50.6,47.7,12
4264,17,56,1,168.4,76.5,26.97598186,26.7,87.6,41.7,39.4,12
4265,17,56,1,177.2,74.1,23.59884636,23.7,92.5,35.1,35.6,12
4266,17,56,1,164.8,45.1,16.60588887,12.1,62.3,34.5,29.9,12
4267,17,56,2,160.6,64.8,25.12371881,35.3,85.1,30.2,27.6,12
4268,17,56,2,152.6,54.8,23.53268553,32.6,80.4,14,18.5,12
4269,17,57,1,165.4,80.9,29.57178304,19,80.1,37.6,36.4,12
4270,17,57,1,170,78.3,27.09342561,23.3,96.5,45,41.1,12
4271,17,57,2,153.1,66,28.15746508,36.6,87.5,25.4,24.9,12
4272,17,57,2,155.7,58.8,24.25493421,36.1,89.2,31.2,28.1,12
4273,17,57,2,144.6,55,26.30426091,41,84.3,20,18.2,12
4274,17,57,2,150,53.7,23.86666667,26.8,74.6,26.4,24.9,12
4275,17,58,1,164.7,75.5,27.83298293,20.3,85.5,46.9,45.2,12
4276,17,58,1,175,91.3,29.8122449,26.2,98.9,48.8,43.4,12
4277,17,58,2,159.6,62.3,24.45807501,36,78.2,29.3,24,12
4278,17,58,2,154.3,51.2,21.50493374,28.1,78,24.2,24,12
4279,17,59,1,169.3,76.2,26.58526876,25.8,91.2,39.6,32.9,12
4280,17,59,2,158.4,59.6,23.75395368,38.5,87.2,27.5,30.4,12
4281,17,60,1,166,73.3,26.60037741,23.2,85.3,42.6,38.1,13
4282,17,60,1,158.3,52.6,20.99055465,21.9,75.5,30.1,28.4,13
4283,17,60,1,171.1,82.7,28.24915688,33.5,99.8,34.5,28.8,13
4284,17,60,2,148.2,59.7,27.18178192,37.8,90,17.6,19,13
4285,17,60,2,160.5,68.7,26.66899584,33.9,90.1,31.3,27.3,13
4286,17,62,1,165.1,65.6,24.06632032,22.9,82.9,41.8,40.8,13
4287,17,62,1,167.3,68.4,24.43791893,23.1,82,41.3,36.3,13
4288,17,62,2,152.3,67,28.88517453,41.2,86.6,23.5,21.7,13
4289,17,62,2,163.5,54.4,20.34995184,25.3,73.5,27.7,24.1,13
4290,17,63,2,150.4,70.8,31.29951335,41.3,97.5,26.1,24.1,13
4291,17,64,1,170,89,30.79584775,28.3,97.1,42.7,41.6,13
4292,17,64,2,144.6,40.8,19.512979,25.5,66.9,21.1,18.9,13
4293,1,65,1,169.4,48.4,16.86625063,12,73.5,24.2,22.2,14
4294,1,65,1,173.5,87.5,29.1,29.6,89.5,25,23.4,14
4295,1,65,1,166,55,19.95935549,13.6,76,33.9,31.7,14
4296,1,65,2,158.1,55.3,22.12388495,34,76.5,21.6,19.9,14
4297,1,65,2,150.3,56.9,25.18803599,39.2,84.4,26.1,19.8,14
4298,1,65,2,145.5,58.4,27.58588113,39.2,81.2,24.5,20.6,14
4299,1,65,2,151.8,57.8,25.08327822,34.7,85.4,27,26.4,14
4300,1,65,2,160.9,55.1,21.28332666,23.6,75.3,25.7,23.8,14
4301,1,65,2,157.3,58.9,23.80443344,35.3,84.3,22.1,21.2,14
4302,1,65,2,162.8,67.9,25.61892918,37.7,88.1,23.5,21.6,14
4303,1,65,2,147.2,57.3,26.44472176,41.2,83.5,15.9,14.7,14
4304,1,65,2,152.8,69.8,29.89569913,46.1,98.8,20.3,18.3,14
4305,1,65,2,147.3,51.6,23.78177182,35.4,78.6,25,21.8,14
4306,1,65,2,148.2,36.7,16.70973864,18.5,61.3,17.4,15.5,14
4307,1,66,1,168.5,61.7,21.7312823,25.1,85,32.3,28.6,14
4308,1,66,1,168.7,72.8,25.5800397,34.9,83.7,35.7,34.1,14
4309,1,66,1,164.5,64.9,23.98351826,21.6,88,36,29.9,14
4310,1,66,1,161,71.14,27.4,29.4,88.4,36.4,32.4,14
4311,1,66,1,162.4,66.5,25.21445558,17.8,79.1,40.1,37.8,14
4312,1,66,1,158.6,60.8,24.17114442,28,85,32.2,29.1,14
4313,1,66,1,174.2,62,20.43127118,17.3,78.5,35.6,31.9,14
4314,1,66,2,150.1,63.6,28.22901543,42.7,86.6,19.8,14.7,14
4315,1,66,2,147.5,43.9,20.17810974,24,74.6,19.7,17.9,14
4316,1,66,2,152.2,55.4,23.91555478,33.6,86.5,21.2,19.2,14
4317,1,67,1,175,66.4,21.68163265,23.9,84.1,42.4,41.2,14
4318,1,67,1,163.4,71.5,26.77946753,32.9,95.6,35.2,34.7,14
4319,1,67,1,170.8,67.6,23.17239715,17.6,82.5,46,40.1,14
4320,1,67,1,160.3,59.2,23.03852454,16.7,78,33.2,28.9,14
4321,1,67,1,172.2,60.9,20.53766182,19.8,76.5,41.9,40.3,14
4322,1,67,1,160.3,59.2,23,16.7,78,33.2,28.9,14
4323,1,67,1,162.1,67.8,25.80261154,28.5,89.2,27.1,26.7,14
4324,1,67,2,158.4,58,23.11626365,32.7,69.5,25.3,21.5,14
4325,1,67,2,156,59.3,24.36719264,38.9,79.5,24.9,24,14
4326,1,67,2,155.6,53,21.89055055,32.5,75.2,19.4,16.7,14
4327,1,68,1,171.2,66.3,22.62069831,25.5,88.4,32.2,29.9,14
4328,1,68,1,168.5,61.5,21.66084055,25.1,82.6,27.6,26.2,14
4329,1,68,1,174.3,69.3,22.81069199,26.8,81.5,40.3,30.4,14
4330,1,68,2,151.5,58.2,25.35699114,38.4,84.8,20.1,19.2,14
4331,1,68,2,152.2,61.4,26.50568707,35.1,90.8,20.7,15.4,14
4332,1,68,2,152.7,58.4,25.0457922,37.5,77.5,22.6,22.5,14
4333,1,68,2,150.1,56.4,25.03327784,37.6,81,22.8,19.6,14
4334,1,69,1,175.5,65.5,21.26606115,26.9,82.4,32.8,31.9,14
4335,1,69,1,161.1,61.78,23.80437718,19.7,83.5,41.7,40.7,14
4336,1,69,1,167.4,57,20.34060885,23.1,79.2,34.5,31.2,14
4337,1,69,1,163.2,59.4,22.30211938,15.8,72,23.4,17,14
4338,1,69,1,174.7,61.9,20.28172263,20.1,78.4,33.5,32.5,14
4339,1,69,1,169.2,67.9,23.71750806,25.1,87.2,38.7,38.4,14
4340,1,69,2,150.5,60.18,26.56924317,45.7,94.3,21.8,21.6,14
4341,1,69,2,149.5,47.2,21.11833201,35.2,73.6,18.4,14.2,14
4342,1,69,2,147,49.1,22.72201398,30.8,76,15.9,15.1,14
4343,1,69,2,152.7,61.1,26.20373122,32.9,89.5,27.6,23.3,14
4344,1,69,2,161.6,53.7,20.56324135,20.1,79,16.4,14.9,14
4345,1,70,1,162.8,78.1,29.46742812,38.1,104.6,30.3,25.4,15
4346,1,70,1,158.3,60.2,24.02341045,21,75.9,34.3,28.6,15
4347,1,70,1,172.6,67.5,22.65803222,21.4,82.9,34.4,30.2,15
4348,1,70,2,152.1,52.74,22.79720987,33.9,79.5,18.1,15.3,15
4349,1,71,1,167.8,61.52,21.84904272,18.7,77.4,29.3,26.3,15
4350,1,71,1,171.8,71.3,24.15701177,28.3,91.9,34.8,25.2,15
4351,1,71,2,149,52.2,23.51245439,36.4,71.4,20.9,16.6,15
4352,1,71,2,153.4,66.2,28.13243151,42.1,101.5,15.5,13.5,15
4353,1,71,2,156,55.9,22.97008547,35.2,82.5,23,22.1,15
4354,1,71,2,155.5,56.1,23.20075268,31.8,65,23.6,22.1,15
4355,1,71,2,148.8,54.8,24.74997109,37.1,81.5,18.8,18.1,15
4356,1,71,2,157.1,60.3,24.43233317,32.4,87.7,22,18.6,15
4357,1,71,2,146.4,46.2,21.55558542,30.9,79.8,23.2,22.5,15
4358,1,72,1,163.2,74.1,27.82133074,30,85.2,28.2,25.5,15
4359,1,72,1,160.2,70.1,27.31448361,42.3,97.2,31,26.5,15
4360,1,72,1,160,52.5,20.5078125,24.6,77,26.9,24.4,15
4361,1,72,1,162.6,56.4,21.33231664,24.9,75,41,34.7,15
4362,1,72,1,167.1,62.2,22.27601414,20.7,84.4,31.1,26.4,15
4363,1,72,2,153.3,59.1,25.14798376,34.3,86.7,20.3,20.2,15
4364,1,72,2,159.9,64.5,25.22683619,36.9,85.9,21.7,20.9,15
4365,1,72,2,157,55.4,22.47555682,35.8,77,27.9,25.9,15
4366,1,72,2,156.3,55.4,22.67732419,29.2,78.9,27.2,26.6,15
4367,1,73,1,162.9,93,35.04618748,39.8,89.8,29.9,28.4,15
4368,1,73,1,166.9,43.6,15.65214332,16.2,74,31.9,26.9,15
4369,1,73,1,162.7,71.6,27.04817181,29.5,90,26.8,23.1,15
4370,1,73,1,168.1,75.4,26.68307759,27.1,89.5,44.9,37.2,15
4371,1,73,2,153.3,51.1,21.74385736,38.1,81,19.4,17.6,15
4372,1,73,2,156.9,56.5,22.95105008,27.1,77.2,25.8,24.4,15
4373,1,73,2,148.9,45.2,20.38679892,19.7,68.2,17.8,17.6,15
4374,1,74,1,172.8,70.9,23.74426655,21.6,81.5,33,31.5,15
4375,1,74,1,165,65.2,23.94857668,27.3,87,36.7,34.9,15
4376,1,74,1,169.2,76.8,26.82628305,29.1,75,34,32.5,15
4377,1,74,2,149.3,59.7,26.78272214,41.2,87.5,22.7,17.2,15
4378,1,74,2,155.1,55.6,23.11272734,32.7,80,22.9,20.9,15
4379,1,75,1,156.9,61.7,25.1,29.7,75.8,35.9,30,16
4380,1,75,1,156.2,64.9,26.6,29.5,78.9,40.7,29.1,16
4381,1,75,1,159.1,62.8,24.8095727,21.7,79.9,30.4,29.2,16
4382,1,75,1,162.3,48.5,18.41215825,18.9,72.1,25.5,22.4,16
4383,1,75,2,150.9,57.7,25.33945872,30.9,82,23.8,22.4,16
4384,1,75,2,161.9,72,27.46874381,38.4,92,21.2,20.9,16
4385,1,75,2,154.3,54.9,23.05900122,31.9,88,23,18.1,16
4386,1,75,2,156.1,63.9,26.22376546,35.5,90,23.6,23,16
4387,1,76,1,166.5,62.84,22.66771276,26.3,90,27.7,25.9,16
4388,1,76,1,168.2,58.2,20.57173881,22.2,81,36.4,34.3,16
4389,1,76,1,162.3,71.1,27,25.7,83,38.8,31.2,16
4390,1,76,1,160.6,81.3,31.52096202,31.4,102.5,20.7,20.5,16
4391,1,76,2,152,50.42,21.82306094,36.4,75.3,17.3,14.6,16
4392,1,76,2,152,50.7,21.94425208,29.6,78,15.3,13.4,16
4393,1,76,2,145,54.7,26.01664685,34.6,92.1,22.3,19.5,16
4394,1,76,2,155.9,49.34,20.30050842,30.4,72.2,19.6,16.5,16
4395,1,76,2,155.6,79.2,32.71191705,35.2,106.5,27.1,23.7,16
4396,1,76,2,146.5,53.7,25.02067584,34.1,79.8,20.4,19.7,16
4397,1,77,1,166.4,74.8,27.01437685,38.3,98.5,29.1,22.4,16
4398,1,77,1,176,60.94,19.67329545,11,76.9,37.9,34.9,16
4399,1,77,1,162,88.2,33.6,45.1,90,29.2,24.5,16
4400,1,77,1,162,71,27.05380277,35.5,103.2,28,26.6,16
4401,1,77,2,158.9,62.2,24.63443411,33.8,92,23,22.7,16
4402,1,77,2,156.9,61.8,25.10398044,37.9,86,11.6,7.6,16
4403,1,78,1,159.3,57.14,22.51690443,19.2,71.9,32.7,29.2,16
4404,1,78,2,134,42.6,23.7,35.4,68,22.3,21,16
4405,1,78,2,149,49.2,22.16116391,34.1,81,14.9,12,16
4406,1,78,2,152.7,50.6,21.70063502,29.5,77.3,22,20.2,16
4407,1,79,1,173.7,60.46,20.03865213,14.4,74.3,34.4,34.1,16
4408,1,79,1,173.3,74.3,24.73954388,32.9,97.5,33.4,31.3,16
4409,1,79,1,163.1,53.4,20.07397297,15.3,77,30,26.8,16
4410,1,79,1,163.5,58.1,21.73404783,14.9,74,37.3,34.9,16
4411,1,79,2,150,51,22.7,35.3,75,18.2,16,16
4412,1,79,2,160,59.42,23.2109375,39,84,17,15.1,16
4413,1,80,1,174.1,74,24.41373226,29.1,88.9,24.7,19.2,17
4414,1,80,1,158.5,66.8,26.58997502,37.3,98.3,25,22.3,17
4415,1,80,1,162.5,64.6,24.46390533,29.1,91,33.8,24,17
4416,1,80,1,170.1,58.9,20.35666677,19.6,77.5,27.4,26.6,17
4417,1,80,1,155.1,56.5,23.5,30,92.4,33.9,31.4,17
4418,1,80,1,157,62.6,25.4,24.1,90.2,25.4,22.4,17
4419,1,80,2,155.4,54,22.36102622,32.7,83.2,18.5,15.6,17
4420,1,80,2,154.4,45.1,18.9,26.8,82.5,20.3,18.6,17
4421,1,80,2,151.4,53.9,23.51456856,39.2,88.5,16.2,14,17
4422,1,80,2,150.9,54.6,23.97806666,33.3,83,20.6,18.4,17
4423,1,81,1,159.4,54.9,21.6,31.3,80,22,19.4,17
4424,1,81,1,155,61.4,25.6,28.3,86.2,27.8,19.3,17
4425,1,82,1,163,65,24.5,29.7,75.5,28.4,27.5,17
4426,1,82,2,142,75,37.2,38,86.9,20.1,15.4,17
4427,1,82,2,152,64.2,27.78739612,40.4,97.8,25.9,23.4,17
4428,1,82,2,144.8,35.42,16.89318092,25.5,68,15.5,13.2,17
4429,1,82,2,143.1,40.3,19.7,24.5,69.5,19.9,13.9,17
4430,1,82,2,146.8,57.3,26.6,29.3,74.5,14.8,12.4,17
4431,1,83,1,163,57.8,21.7546765,23.9,92,23.3,20,17
4432,1,83,1,161.3,76.1,29.24932998,32.5,93.6,29,27.1,17
4433,1,83,1,170,59,20.4,23,72.3,25.2,23,17
4434,1,83,1,171.4,70.3,23.92950361,26.6,94,29,27.3,17
4435,1,83,2,147.9,63,28.8,45.7,90.5,25.1,15.5,17
4436,1,83,2,148.4,55.82,25.34673535,39.1,78.9,18.5,16.1,17
4437,1,83,2,152.5,54.4,23.39156141,36.6,82.6,19.7,17.4,17
4438,1,83,2,149.2,47.9,21.51780003,30.8,76.5,17.6,17,17
4439,1,84,2,160.4,53.2,20.6777321,33.6,74.5,17.1,16,17
4440,1,85,1,162,72.6,27.66346594,34.8,86.2,24.1,22.8,18
4441,1,85,2,151.8,56.7,24.60591479,35.8,90,15.2,14.9,18
4442,1,86,2,152.9,49.6,21.21615627,27,70.1,18,15.5,18
4443,1,88,1,168.1,69.82,24.70838829,30.7,85,28.6,22.9,18
4444,1,89,1,157.8,66.7,26.78624496,32.9,89.7,23.8,22.3,18
4445,1,90,1,159.4,46.1,18.14363461,21.3,66,27.4,25.6,18
4446,1,91,2,152.7,49.2,21.1002222,34.5,79.2,18.1,17.6,18
4447,2,65,1,164.4,67.2,24.86369368,20.1,84.2,37.2,32.4,14
4448,2,65,2,153.2,57,24.28607462,40.8,87,20.8,16.7,14
4449,2,66,1,171,72.6,24.82815225,29,88,43.7,41.5,14
4450,2,66,2,150.1,64.2,28.4953269,46.5,93.5,17.5,14.6,14
4451,2,67,2,144.8,56.7,27.04244376,44.5,90.4,18.4,15.1,14
4452,2,68,1,164.6,68.3,25.20931482,32.4,93,29,28.1,14
4453,2,68,1,168,63.9,22.64030612,22.7,80.1,35,34.1,14
4454,2,68,1,173.3,55.8,18.57963053,15.4,73.2,33.8,29.1,14
4455,2,68,2,159.5,61.4,24.13498295,42.5,80.3,20.7,19.9,14
4456,2,68,2,155.4,60.2,24.92840331,34.9,75.9,21.8,20.4,14
4457,2,68,2,150.9,44.9,19.71822698,33.2,69.8,23.3,20.9,14
4458,2,69,1,162.5,60.3,22.83550296,25.3,88.7,41.2,35.9,14
4459,2,70,1,175.7,69.3,22.44862326,23.3,86.9,33.7,30.5,15
4460,2,71,1,162.1,69.2,26.33540883,31.6,96.8,27.9,25.4,15
4461,2,73,1,167.2,70,25.03949085,31.2,88.2,25.3,25.1,15
4462,2,73,2,160.7,56.3,21.80101137,23.1,77.3,25.3,25.1,15
4463,2,73,2,155,77,32.04994797,41.7,89,28.6,13.9,15
4464,2,73,2,143.2,47.58,23.20269342,38.1,78,13.7,13.4,15
4465,2,73,2,155.1,62.8,26.10574239,36.2,84.7,24.1,22.4,15
4466,2,74,1,163.8,66.1,24.6361968,23.4,93.5,30.5,28,15
4467,2,75,1,165.6,63,22.97311489,25.3,79.5,42.5,42.1,16
4468,2,75,2,153.4,63.5,26.98503627,34.2,80.4,30.4,21.5,16
4469,2,76,2,143.1,52.5,25.63775753,42.1,86.3,15,13.1,16
4470,2,77,1,173,67,22.38631428,22.4,84.5,36.3,29.6,16
4471,2,77,1,161.7,59.7,22.83254337,18.9,78.5,29.2,28.3,16
4472,2,77,1,161.6,60.6,23.20544554,25.3,82.3,31.3,30.4,16
4473,2,78,2,149,54.6,24.59348678,39.3,66.8,24.9,23.8,16
4474,2,79,2,149.3,57,25.57144325,46.1,68.4,19.7,16.9,16
4475,2,80,2,147.8,51,23.3464745,29.8,68.1,19.3,12.8,17
4476,2,81,1,161.3,51.4,19.75578923,21.7,75,28.6,21.1,17
4477,2,82,2,141,55.5,27.9161008,47.1,69.1,18.8,14.9,17
4478,2,84,2,146.6,56.6,26.33591978,36.5,68.7,24.5,23.9,17
4479,2,84,2,148.6,69.3,31.38308375,45,69.7,21.4,17,17
4480,2,85,1,152.2,56.4,24.34724349,39.7,75,31.3,29.2,18
4481,2,89,1,169.6,81.7,28.40340201,40.5,107.6,32.4,27.1,18
4482,2,91,1,156.6,60.1,24.50704547,26.2,78.1,27,26.1,18
4483,3,65,1,164.9,75.9,27.91261109,31.9,95.9,32.9,27.2,14
4484,3,65,1,167.4,68.6,24.5,22.2,82.7,37.5,31.7,14
4485,3,65,1,164.1,66.3,24.62047153,25.6,83.6,31.8,31.6,14
4486,3,65,1,166.2,52.8,19.1,23.7,77.2,39.7,33.4,14
4487,3,65,1,163,86.1,32.40618766,30,92,31.6,29.7,14
4488,3,65,2,153.1,47,20.1,24.8,68.3,20.8,18.1,14
4489,3,65,2,154.6,52.6,22.00730006,31.5,80,23.4,21.9,14
4490,3,65,2,158.7,45.5,18.06581436,24.8,67.8,19.3,18.6,14
4491,3,65,2,156.7,70.7,28.7926356,43.3,94.2,24.6,22.3,14
4492,3,65,2,147.4,56.5,26.00479777,37,78.9,21.4,15.1,14
4493,3,65,2,150.5,54.1,23.88494608,37.2,75,20.3,18.5,14
4494,3,65,2,160.2,58.2,22.67764545,31.3,79.8,20,18.4,14
4495,3,65,2,153,59.1,25.24669999,35.1,87.3,25.7,23.7,14
4496,3,65,2,159.5,66.7,26.21829581,31.4,88.5,24.8,22.2,14
4497,3,66,1,159.3,63.7,25.10197431,23.1,83.6,33.8,31.6,14
4498,3,66,1,166.2,71.2,25.77614432,32.4,91.8,29.4,26.4,14
4499,3,66,1,174,60.6,20.01585414,20.6,87,33.1,31.8,14
4500,3,66,1,170.2,61.9,21.36837701,21.3,86,29.8,23.6,14
4501,3,66,1,169.7,63.4,22.01534893,23.3,86,34.5,30.9,14
4502,3,66,1,171.5,74.7,25.39758094,27.3,94.7,39.6,36.8,14
4503,3,66,1,162.8,64.1,24.2,27.1,87.6,33.5,31.5,14
4504,3,66,2,156.2,66.9,27.41978586,38.6,88,26.2,26.1,14
4505,3,66,2,150.4,46.5,20.55688377,31.4,70,23.4,21.3,14
4506,3,66,2,144.1,52.7,25.37947614,36,77,22.6,21.6,14
4507,3,66,2,155.5,52.5,21.7,23.3,73,22.6,20.9,14
4508,3,67,1,169.9,67.38,23.34233238,21.3,87.6,36.8,32.2,14
4509,3,67,1,169.5,68.4,23.80765917,17,79.2,35.9,35.2,14
4510,3,67,1,165.1,60.8,22.30537005,22.9,81.2,41.7,35.3,14
4511,3,67,1,159.6,78.8,30.93573533,34.3,91.5,27.4,25.7,14
4512,3,67,1,169,65.3,22.86334512,17.2,81,39.3,35.3,14
4513,3,67,2,157.6,66.6,26.81401221,37.1,88.5,20.7,17.9,14
4514,3,67,2,147,49.2,22.8,37.9,79.2,18,17.2,14
4515,3,67,2,152,65.2,28.2,42.4,94,23.4,22.3,14
4516,3,67,2,146,53,24.86395196,33.2,82,24.6,19.4,14
4517,3,68,1,168.7,63.2,22.21,22.1,82.5,33.5,32.1,14
4518,3,68,1,168.2,65.5,23.15204282,25.6,87.5,37.7,36.1,14
4519,3,68,1,170,76.8,26.57439446,24.7,85,49.4,42.8,14
4520,3,68,1,163,63.7,23.97530957,24.85,82.2,41.2,37.9,14
4521,3,68,1,159,65.2,25.79011906,28.3,89.5,30.2,26.5,14
4522,3,68,1,159.8,52.8,20.67665934,19.6,71.1,27,24.8,14
4523,3,68,1,166.7,66,23.75049885,23.8,83.2,37.4,36.9,14
4524,3,68,1,168.2,66.3,23.43481587,22.8,82.5,37.1,35.5,14
4525,3,68,2,154,54.6,23.02243211,32.2,80,20,19.4,14
4526,3,68,2,162,48.2,18.36610273,20,72,28.3,25.5,14
4527,3,69,1,177,78.8,25.1524147,30.1,90,39.6,35.9,14
4528,3,69,1,170.2,75.8,26.17,25.8,85.1,28.5,27.4,14
4529,3,69,1,173.6,65,23.7,18,81,36.7,34.7,14
4530,3,69,1,186.2,62.8,18.11341304,19.8,77.8,39.3,36.5,14
4531,3,69,2,152,53.6,23.19944598,31.6,88,20.4,17.7,14
4532,3,69,2,155,57.9,24.09989594,33.9,79,19.6,19.1,14
4533,3,69,2,156,54,22.18934911,31.7,75.5,27.3,24.7,14
4534,3,69,2,152,62.8,27.18144044,34.1,85,27,23.5,14
4535,3,69,2,155.2,64,26.57030503,40.8,88.5,22.6,22.6,14
4536,3,69,2,159,58.1,22.98168585,34.7,75,21.8,20.1,14
4537,3,69,2,143,43.2,21.12572742,25.6,74.8,19.7,18.5,14
4538,3,69,2,151,61.5,26.97250121,32.4,89,20.9,20.5,14
4539,3,69,2,139.7,46.8,23.98021325,32.6,73,17.4,15.9,14
4540,3,69,2,148.5,42.1,19.09102246,23.6,71.2,13.8,13.3,14
4541,3,70,1,164.6,64.6,23.84365648,21.8,85.5,31.8,29.6,15
4542,3,70,1,163.5,65.2,24.3900158,26.3,83.8,28.3,25.9,15
4543,3,70,1,162,68.8,26.21551593,24.9,73,33.8,29.3,15
4544,3,70,1,176,66.1,21.33910124,17.6,81,35.4,34.9,15
4545,3,70,1,169,76.8,26.88981478,27.7,83.7,38.6,35.7,15
4546,3,70,2,156,61.3,25.18902038,38.1,80,25.6,24.7,15
4547,3,70,2,151.5,54.8,23.87565489,29.8,85.6,19.9,17.7,15
4548,3,70,2,157,46.3,18.78372348,26.7,65,21.3,21,15
4549,3,70,2,152,48,20.77562327,23,82,22,17.7,15
4550,3,70,2,156.3,67,27.42564478,40,92.7,20.2,18.2,15
4551,3,70,2,150.1,55.2,24.5006549,32.4,82.1,19.2,17.3,15
4552,3,70,2,147,58.9,27.3,43.2,92,19,15.8,15
4553,3,70,2,150,61.1,27.15555556,37.2,78,25.1,21.7,15
4554,3,71,1,175.2,79,25.73705719,24.3,93.2,34.3,32.7,15
4555,3,71,1,160.7,61,23.62098922,25.6,88,28.2,27.8,15
4556,3,71,1,163,64,24.08822312,22.1,82,35.3,34.7,15
4557,3,71,1,170,54.5,18.85813149,16.8,80,36,35.4,15
4558,3,71,1,171,63.6,21.75028214,20.7,89,28.5,28,15
4559,3,71,2,149.2,56.3,25.29127644,34.5,83.2,18.3,17.1,15
4560,3,71,2,152.6,62.9,27.01105693,35.4,84.5,24.7,22.4,15
4561,3,71,2,155.3,61.1,25.33368107,39.5,85.2,26.3,23.1,15
4562,3,72,1,162.7,57.4,21.68386958,15.4,71.3,34.9,33.2,15
4563,3,72,1,158,56.3,22.55247556,21.8,79,40.1,34.6,15
4564,3,72,1,165.9,73.4,26.66878854,26.7,94,38.5,38.4,15
4565,3,72,2,152.8,54.9,23.51395247,34.8,82,20.5,18.5,15
4566,3,72,2,151.3,50.1,21.9,27.4,74.5,17.3,16.3,15
4567,3,72,2,154.1,57.4,24.17166769,35.3,81.2,19.1,15.1,15
4568,3,72,2,159.1,56.2,22.20219723,30.2,74.5,22.7,21.3,15
4569,3,73,1,161.6,47.9,18.34225811,15.4,72.5,30.2,28.4,15
4570,3,73,1,162.8,70.5,26.59991911,39.3,88.7,30.1,26.1,15
4571,3,73,1,166.8,56.1,20.16372513,23.7,84.5,32.9,30,15
4572,3,73,1,158,58.1,23.27351386,18.3,69,26.8,24.1,15
4573,3,73,2,150,54,24,32.9,84,24.8,21.8,15
4574,3,73,2,160,55.8,21.796875,26.7,82,25.6,22.7,15
4575,3,74,1,165,67.2,24.68319559,27,87.5,38.7,34.4,15
4576,3,74,1,171,76.3,26.09349885,25.4,87.8,29.8,26,15
4577,3,74,2,152.6,60.7,26.06631408,34,95.5,18,16.6,15
4578,3,74,2,150,44.9,19.95555556,22.8,66,20,19.9,15
4579,3,75,1,162.2,68.1,25.88483567,32.2,85.2,24.7,22,16
4580,3,75,1,162.4,68.4,25.9348686,29,85.2,28.9,25.1,16
4581,3,75,1,167.6,70.8,25.20491453,33.3,89,32.6,30.5,16
4582,3,75,1,161.3,73.2,28.13470373,37.5,96,27.8,26,16
4583,3,75,1,173.9,80.9,26.75157509,24.1,94,35.3,30.3,16
4584,3,75,1,168.5,89.3,31.45224489,30.4,94,40.6,38.6,16
4585,3,75,2,153,59.2,25.2894186,34.1,72,18.4,18.1,16
4586,3,75,2,152.7,56.9,24.40249274,36.9,83.6,16.6,13.5,16
4587,3,75,2,142,49.6,24.59829399,29.4,85.5,22.4,21.7,16
4588,3,75,2,150.9,49.6,21.78227301,30.8,69.5,19.9,19.1,16
4589,3,76,1,160.9,70.5,27.23184264,39.4,92.5,27.2,22.4,16
4590,3,76,1,165,67.3,24.71992654,29.4,82,37.6,26.8,16
4591,3,76,1,167.1,72.06,25.80722796,31.6,89.8,36.5,36.2,16
4592,3,76,1,165,59.7,21.92837466,25,69.1,27.2,25.8,16
4593,3,76,1,162,59.5,22.6718488,20.6,78.5,34.4,33.4,16
4594,3,76,2,150.4,44.7,19.76113343,33,76.3,18,17.7,16
4595,3,76,2,151.8,52.18,22.64438508,32.9,75,15.5,15.5,16
4596,3,76,2,152.4,56.7,24.41254883,39.8,78.5,20.9,18.6,16
4597,3,77,1,175,82.5,26.93877551,29.5,91.4,24.7,23.6,16
4598,3,77,1,160,58.5,22.8515625,28.8,82.5,28,26.1,16
4599,3,77,2,151.1,42.2,18.48347065,28.3,77.4,14.8,12.7,16
4600,3,77,2,140,54.1,27.60204082,41.2,86,15.6,14.4,16
4601,3,77,2,165.9,58.3,21.18243014,28.2,75.6,17.2,16.9,16
4602,3,77,2,158,50.6,20.26918763,22.4,70,25.1,19.9,16
4603,3,77,2,152,58.4,25.27700831,35.2,74,22,20.4,16
4604,3,77,2,155,64.3,26.76378772,32.5,79,21.1,20.7,16
4605,3,77,2,154.5,54.2,22.70608812,27.4,85.3,21.6,20.9,16
4606,3,78,1,165.4,59.3,21.67622663,29.3,87.5,35.6,32.8,16
4607,3,78,1,158,49.8,19.94872617,20.7,73,26.8,25.2,16
4608,3,78,1,165.5,72.6,26.50578217,32.6,82,31.3,29.2,16
4609,3,78,2,141.7,40.7,20.27004481,29,84.3,20.3,18.6,16
4610,3,78,2,148,51,23.28341855,32.1,72,20.1,19.4,16
4611,3,78,2,146,52.5,24.62938638,34,77,23,17.3,16
4612,3,79,1,155.7,61.9,25.53368074,30.6,83,32.9,30.4,16
4613,3,79,1,166,71.3,25.87458267,27.8,92.5,32.4,27.6,16
4614,3,79,1,158.2,65.8,26.29135294,33.3,83.3,25.3,21.6,16
4615,3,79,2,149.1,70.4,31.66776199,46.2,96.3,24.1,23.3,16
4616,3,79,2,152,57.1,24.71433518,32.9,79,18.7,16,16
4617,3,80,1,160,51.8,20.234375,20.8,78,27.5,16.3,17
4618,3,80,1,163,62.6,23.56129324,31.4,86.8,39.2,36.4,17
4619,3,80,2,154.9,62.4,26.00649079,38.6,89.8,20.6,18.3,17
4620,3,80,2,155.5,64.7,26.7573743,39.1,94.3,18.9,8.9,17
4621,3,80,2,146.6,48,22.33434893,30.8,78.3,18.2,16.9,17
4622,3,80,2,154.2,54.3,22.83658092,37.3,86,15.1,11.7,17
4623,3,80,2,148,54,24.65303141,33.7,85,20.6,18.6,17
4624,3,81,1,154.2,47.9,20.14497654,21.1,86.2,24.6,21.7,17
4625,3,81,2,147.2,54.5,25.15248405,40.9,98.9,17.7,16.6,17
4626,3,81,2,154.3,48.2,20.24487903,31.3,76,20.3,18.9,17
4627,3,81,2,152.4,49.6,21.35559827,39.1,96.5,15.3,14.9,17
4628,3,81,2,152.9,64.3,27.50400904,38.6,95.4,24.1,22.9,17
4629,3,81,2,148.2,60.9,27.7281494,38.7,90.2,24.2,24.2,17
4630,3,81,2,149.8,64.6,28.78782747,41.6,97.9,21.5,21,17
4631,3,81,2,150.6,58.5,25.79324138,30.2,79,21.4,20.1,17
4632,3,82,1,161.5,60.4,23.15751133,23.1,72,22.2,20.7,17
4633,3,82,1,146.2,54.2,25.35738948,33.7,93.2,25.7,25.5,17
4634,3,82,1,160,59.9,23.3984375,28.8,85,24.3,23.9,17
4635,3,82,1,164.3,61.4,22.74538248,23.3,84.5,32.7,30.9,17
4636,3,82,1,166.8,53.7,19.30110588,21.2,82.1,27.6,27,17
4637,3,82,2,154.1,51.7,21.77134529,31.8,91.1,21.9,11.1,17
4638,3,83,1,167,63.9,22.91225931,21.6,84.5,23.7,23.7,17
4639,3,83,1,164.6,47.5,17.53210035,18.4,75.5,25.1,22.5,17
4640,3,84,1,154.5,45.2,18.93570449,24.9,71.6,15.9,14.9,17
4641,3,84,2,140.2,42.9,21.82535241,26,77.5,14.6,13.8,17
4642,3,84,2,151.2,56,24.49539487,40.9,84,14.8,12.9,17
4643,3,85,1,164.7,78.8,29.04952391,36,88.5,30.1,30.1,18
4644,3,85,2,145,51.3,24.39952438,32.7,91,17.7,16.3,18
4645,3,85,2,150.4,50.9,22.50205127,36.6,89.5,20.4,17.5,18
4646,3,85,2,153.2,48.3,20.5792527,30.9,85,19.9,12.6,18
4647,3,85,2,152.2,43.5,18.77845908,18.4,72,17.6,17.5,18
4648,3,86,1,174.2,68.4,22.54030563,21.9,87.4,17.9,15.5,18
4649,3,86,1,158,64.6,25.87726326,36.9,88,28.8,27.3,18
4650,3,87,1,165.6,66.4,24.21293379,33.3,95,25,23.5,18
4651,3,88,1,163,60.1,22.62034702,26.1,72.2,28.7,23.1,18
4652,3,88,1,160.7,55.7,21.56867377,19.8,85,27.7,25.7,18
4653,3,88,1,176,76.8,24.79338843,27.3,88,33.8,31.5,18
4654,3,90,1,170,72.2,24.98269896,23.5,83.8,25.2,24.9,18
4655,4,65,2,163.1,52.9,19.88601442,26,68.1,33.2,28.3,14
4656,4,65,2,150.7,46.8,20.60721719,33.1,72.8,27.2,23.9,14
4657,4,67,1,166,64,23.22543185,24.9,85.6,41.4,40.3,14
4658,4,67,1,167.8,69.2,24.6,29.3,88.2,36.1,34.1,14
4659,4,67,2,148.6,51.1,23.14106175,34.5,77.3,27.6,27,14
4660,4,68,1,156.8,65.56,26.66532174,30.4,88.4,34.6,32.9,14
4661,4,68,2,152,57.3,24.80090028,45.7,84.9,21.5,19,14
4662,4,68,2,143.7,56.4,27.31275869,42,81.7,24.1,20,14
4663,4,69,1,172.8,76.1,25.48573603,21.5,86.6,42,37.1,14
4664,4,69,1,152.7,66,28.30517612,43.11,92.9,22.4,20.2,14
4665,4,69,1,163.9,70.5,26.24407135,23.7,83.9,39,37.4,14
4666,4,69,2,152.7,66,28.30517612,43.1,92.9,22.4,20.2,14
4667,4,70,1,156.2,53.7,22.00960389,18.7,75,27.4,22.8,15
4668,4,70,2,157.9,60.2,24.1,28.9,88.5,27,23.8,15
4669,4,71,2,155.8,73,30.0737755,39.7,89.6,22.8,21,15
4670,4,72,1,169.3,67,23.37549878,13.8,75.1,39.1,38.6,15
4671,4,72,2,142.3,40.6,20.05008571,28,68.8,22.1,20.5,15
4672,4,73,1,168.3,63.4,22.38314076,21,81.8,42,40.9,15
4673,4,73,1,165.1,60.9,22.34205652,17.1,77.3,37.1,36.9,15
4674,4,73,2,153.5,51.3,21.77211429,32.44,79.4,24.8,24.7,15
4675,4,75,1,179.1,79.3,24.72190969,22.2,88.4,43.1,35.7,16
4676,4,75,2,154.9,65.2,27.17344871,39.5,93.5,14.5,12.5,16
4677,4,75,2,144,53,25.55941358,40.9,80.4,19.6,19,16
4678,4,76,1,162.6,68.7,25.98457719,24.6,83.8,40.1,33.7,16
4679,4,76,2,151.9,52.5,22.75326661,43.5,82.3,14.4,11.4,16
4680,4,77,1,170.2,66.9,23.09441716,28.4,90.2,38.3,35.9,16
4681,4,78,1,172.1,84.6,28.56331586,36,105,35.4,34.9,16
4682,4,78,2,156,57,23.4,38.9,88,20.6,14.1,16
4683,4,80,2,148.5,54.5,24.71403145,42.5,80.4,21.7,19.5,17
4684,4,80,2,148.5,54.5,24.7,42.5,80.4,21.7,19.5,17
4685,4,82,1,153.5,55.6,23.59706734,33.5,78.4,33.6,23,17
4686,4,82,1,161.4,61.3,23.531706,30.5,84.5,29.7,28.3,17
4687,4,82,1,171.1,60.1,20.52931473,23.5,79.6,35,32.2,17
4688,4,82,2,152.6,69.7,29.93117119,42.8,96,11.5,8.8,17
4689,4,86,1,156.1,54,22.2,27.2,86,28.5,28.2,18
4690,4,86,2,146.8,50.5,23.4,31.3,74.2,22.8,17.6,18
4691,5,65,1,162.1,70.5,26.83014917,29.6,91.8,32.7,27.5,14
4692,5,65,1,157,64.6,26.20795975,25.1,76,32.9,32.7,14
4693,5,65,2,158.8,60.4,23.95167789,34.9,83.5,27.2,23.8,14
4694,5,66,2,159.5,61.2,24.05636737,31.7,80.4,27.2,21.6,14
4695,5,66,2,159.1,63.8,25.20462959,33.9,81.8,32.6,27.9,14
4696,5,67,2,162.3,60.5,22.9677438,29,76.5,30.3,28.1,14
4697,5,67,2,150,46,20.44444444,23.9,71.9,23.1,21.5,14
4698,5,68,1,164.5,81.7,30.19188662,32.5,93,35.4,35.1,14
4699,5,68,1,172,63,21.29529475,17.8,73,26.4,22.1,14
4700,5,68,1,165,76.5,28.09917355,28.7,89,38.7,37.7,14
4701,5,68,2,155.8,45.4,18.70341655,17.1,66,25.7,24.3,14
4702,5,69,1,160.2,63.9,24.89865197,23.9,85,30.6,30,14
4703,5,70,2,145.2,49.8,23.620882,34.9,76.4,20.6,18.9,15
4704,5,71,1,172,63.4,21.43050297,20.4,72.4,36.4,35.6,15
4705,5,71,1,164,65.4,24.3158834,25.8,78.3,43,35.9,15
4706,5,71,2,155.4,62.5,25.88081739,36,97,19.7,14.8,15
4707,5,72,2,156.5,60.8,24.82417908,29.8,93,25.7,21.5,15
4708,5,73,2,158.2,58.8,23.4944005,33.7,89,22.1,18.3,15
4709,5,74,1,170,69.1,23.9100346,29.6,76.8,30.9,29.5,15
4710,5,74,1,175,65.5,21.3877551,10.9,73,31.3,29.7,15
4711,5,75,1,160,60.9,23.7890625,28.8,84.5,33.4,28,16
4712,5,75,1,170,63.2,21.86851211,12.3,69.5,40,34.9,16
4713,5,76,2,154,55.4,23.35975713,33.2,82.4,19.3,18.6,16
4714,5,76,2,150.8,57.2,25.15320589,32,89,29.5,23.5,16
4715,5,77,2,152,56.2,24.32479224,35.2,77.8,25.3,25.1,16
4716,5,78,1,171,74.6,25.51212339,25.7,80,39.9,39.5,16
4717,5,78,1,162,56.1,21.37631459,21.8,77.8,32.8,24.8,16
4718,5,78,2,151,56.7,24.86733038,31.6,82,21.2,16.4,16
4719,5,80,1,160,56.5,22.0703125,19,76,36.1,34,17
4720,5,80,2,146,66.9,31.38487521,37,85.7,24.3,19.7,17
4721,5,81,2,149,46,20.7197874,26.3,75,19,17,17
4722,5,81,2,158,45.1,18.06601506,27.4,72.3,19,15.1,17
4723,5,82,2,151,48,21.05170826,22.9,74.6,24,18.8,17
4724,5,84,1,164,65.8,24.4646044,31.2,90,27.7,26.3,17
4725,5,84,1,173,65.3,21.81830332,23.2,82.5,20.8,18.8,17
4726,5,90,1,170,58.9,20.38062284,18.3,78,26.5,26.1,18
4727,6,65,1,164.5,62.8,23.20747221,27,83.4,32.8,29.6,14
4728,6,66,1,165,74.36,27.3,20.9,86.8,51.1,43.3,14
4729,6,66,2,158,59.9,23.99455216,35.4,85.5,22.8,19.7,14
4730,6,66,2,147.5,53.2,24.45274346,38.3,78.5,26,21.1,14
4731,6,66,2,158.7,53.5,21.24222128,37.8,76.7,23.1,22.2,14
4732,6,66,2,161.3,64.4,24.75238962,29.4,85.6,28.7,26.7,14
4733,6,66,2,144.6,63.92,30.6,46.8,94.8,23.8,21.9,14
4734,6,66,2,160.4,61.4,23.86490134,29.5,82.1,34.7,32.5,14
4735,6,67,1,169.3,53.5,18.7,13.3,73,34.4,33.2,14
4736,6,67,1,169,73.2,25.6,23.8,86,41.5,40.9,14
4737,6,67,1,162,68.8,26.2,25.7,92.5,38.5,31.2,14
4738,6,69,1,169.4,58.7,20.45555604,15.5,83.2,33.7,32.7,14
4739,6,70,1,161.4,68.2,26.18046247,25.1,94,33.5,30.2,15
4740,6,70,1,164.9,65.1,24,28,86.4,34.5,32.6,15
4741,6,71,1,164.9,65.1,23.9,28,86.4,34.5,32.6,15
4742,6,71,1,152.8,57.9,24.7988679,29.7,87.1,29.4,27,15
4743,6,71,2,158,70.2,28.12049351,36.4,87.4,26.1,22,15
4744,6,72,2,157.1,76.2,30.87468968,44.2,106,23.9,18.7,15
4745,6,74,2,154.9,51.5,21.46369031,27.8,74,23.6,21.6,15
4746,6,74,2,150.7,48.1,21.17963989,31.5,83,19.8,17,15
4747,6,75,1,160.7,61.9,24,32.6,92.3,30.5,28.6,16
4748,6,75,1,158.9,52.58,20.8,26.2,75.5,26.4,23.6,16
4749,6,75,1,159.9,64.18,25.10167979,26.4,91,37.5,33.5,16
4750,6,75,1,156.9,69.32,28.2,31.1,86.9,38.7,31.6,16
4751,6,75,2,154.1,66,27.79320675,41.7,96.5,22.4,18.6,16
4752,6,75,2,154.1,66.08,27.8,41.7,94.5,22.4,18.6,16
4753,6,75,2,144.6,53.1,25.39556826,35.7,83.3,19.9,16.7,16
4754,6,77,2,153.9,56.38,23.8,44,87.5,23.3,22.4,16
4755,6,80,1,172.9,59.5,19.90338662,18.8,85,31.3,29.4,17
4756,6,81,1,162.1,58.4,22.2,22,74.6,33.2,32.3,17
4757,6,81,2,149.1,59.8,26.9,44.9,94.5,19.7,18.3,17
4758,6,82,2,144.2,61.9,29.8,41.4,99,12.9,10.4,17
4759,6,82,2,156.4,65.2,26.7,38,96,25.4,22.8,17
4760,6,83,1,160.4,58.24,22.63667515,25.4,84,31.3,30.1,17
4761,6,83,2,151.4,50.4,22,35.4,76.8,17.5,16.4,17
4762,6,84,1,159,53,21,18.9,70,27.1,26.8,17
4763,7,65,1,167.7,64.4,22.89917005,22.9,89,30.6,28.6,14
4764,7,65,2,152.7,48.32,20.72281985,24.3,68.4,13.7,13.6,14
4765,7,66,1,170.7,66.86,22.9,22.7,81.6,33.3,31.7,14
4766,7,66,2,151.6,52.9,23.01745323,41,95.8,23.3,20.6,14
4767,7,67,1,164.8,66.94,24.6,27.9,85.4,36.5,35.9,14
4768,7,67,2,155.7,48.3,19.92369596,29.9,76.8,22.8,20,14
4769,7,68,1,157.8,64.02,25.7,30.4,86.8,35.9,31.6,14
4770,7,68,1,168.5,82.5,29.1,40,102,45,42.3,14
4771,7,68,1,157.8,62.82,25.2,28.8,85.6,33.4,33.4,14
4772,7,68,2,157.2,47.2,19.10015604,26.4,75.5,24.3,22,14
4773,7,68,2,152.7,58.3,25.00290557,41.6,83.2,12.7,10.8,14
4774,7,69,2,150.8,57.6,25.32910244,36.5,92.8,23.1,20.3,14
4775,7,70,1,165.4,78.74,28.8,29.6,95.2,34.8,32.7,15
4776,7,70,2,158.7,58.1,23.06865526,35.2,80.5,26.2,22.5,15
4777,7,70,2,162.9,52.6,19.82182217,30.8,78.2,24,22.8,15
4778,7,70,2,152.8,61.9,26.51208848,35.3,83.5,24.2,23.3,15
4779,7,71,2,155.9,48.72,20.04541488,30.1,73.5,26.2,19.9,15
4780,7,72,1,176,69.22,22.3,28.4,84.1,29.5,23.8,15
4781,7,72,1,172.9,64.5,21.6,15.4,73,30.8,28.1,15
4782,7,73,1,165.2,60.92,22.3,21.3,76.4,35.7,34.5,15
4783,7,75,1,165,64.98,23.9,24.8,83.5,30.8,27.9,16
4784,7,75,1,168.4,90.9,32.1,36.4,98,41.7,41.4,16
4785,7,76,2,150.7,57.4,25.3,40,90,21.6,19.6,16
4786,7,76,2,153,51.82,22.1,35.4,78.2,20.7,19.9,16
4787,7,76,2,153,51.8,22.12824127,35.4,84,20.7,19.9,16
4788,7,77,1,168,70.2,24.9,31.8,92,25.4,17.4,16
4789,7,77,1,164.9,67.6,24.9,24.1,83,36,34.5,16
4790,7,79,2,150.6,52.2,23,33.3,81,17.5,17,16
4791,7,80,1,166.6,71.6,25.8,29.8,90,33.2,31.8,17
4792,7,80,2,150.8,55.28,24.3,32.7,78.2,22.6,22,17
4793,7,81,1,166,54.5,19.8,23,82,28.6,27.4,17
4794,7,81,2,152.5,51.7,22.2,28.3,75,23.1,19.1,17
4795,7,82,1,170.3,75.2,25.9,26.9,86,30.1,28.6,17
4796,7,83,1,162,71.9,27.4,32.3,93,34.2,31.9,17
4797,7,83,2,135,57.9,31.8,50.7,105,12.1,11.3,17
4798,7,83,2,140,52.8,26.9,48.2,101,12.9,9.6,17
4799,8,66,1,167.7,67,23.8236707,28,86,36.4,36.3,14
4800,8,66,1,167.8,61.6,21.877455,18.4,83,34.4,34.1,14
4801,8,68,1,168.8,78.2,27.44491364,28.5,89.1,33,31.5,14
4802,8,68,1,169.2,60.4,21.09775386,16.7,74.7,42.7,38.5,14
4803,8,68,2,156.2,48.8,20.00127877,21.4,75,16.6,15.1,14
4804,8,68,2,152.9,55.1,23.56875425,37,79,23.7,22.2,14
4805,8,68,2,151,69,30.26183062,39.4,89,25.1,22.9,14
4806,8,68,2,158.4,61,24.31193246,34.9,81.2,22.4,20.1,14
4807,8,69,1,169.7,76.5,26.56426173,22.6,90.2,40.5,36.6,14
4808,8,69,1,163.8,66.9,24.93436559,24.5,89,36.4,34.1,14
4809,8,69,2,158.6,63,25.0457582,31.4,88.8,25.4,21.9,14
4810,8,69,2,151.4,59.7,26.04489319,45.8,86,23.9,19.9,14
4811,8,70,1,169.7,64.7,22.46676776,19.9,86.5,33.9,29.1,15
4812,8,70,1,162.5,58.7,22.2,23.3,83.4,30.6,29.8,15
4813,8,70,2,156,51.7,21.24424721,28.6,82,23,22.7,15
4814,8,70,2,150.3,53.4,23.63868404,34.7,77,26.4,24.2,15
4815,8,71,1,173.3,64.1,21.34326733,15.4,86,30.5,22.9,15
4816,8,71,2,152.5,54.5,23.4345606,35.4,86,25.2,24.9,15
4817,8,71,2,148,53,24.19649379,38.1,74,21.5,16.9,15
4818,8,73,1,156.4,55.3,22.60745286,17.1,75.6,38.1,29.8,15
4819,8,75,2,155.5,63,26.05432119,39.7,80,19.4,18.9,16
4820,8,76,1,165.5,65.4,23.87710956,24.8,84,28.1,25,16
4821,8,76,1,172.6,73.2,24.57137717,22.8,89,33.7,29.1,16
4822,8,76,2,145.8,50.4,23.70912293,32.9,90.1,19,17.4,16
4823,8,77,1,165.4,65.4,23.9,21.8,80.1,36,33.4,16
4824,8,78,2,146.8,52.3,24.26887125,35.8,94.5,20.9,18.2,16
4825,8,79,1,177.5,76.8,24.37611585,22.2,96,31.4,23.9,16
4826,8,79,2,157,62,25.15315023,38.9,95,16.8,15.2,16
4827,8,80,1,165.3,57.3,21,28.5,80,34.5,31.4,17
4828,8,80,1,166,71.5,25.9,28.2,92,51.4,49.3,17
4829,8,81,1,171,66.6,22.77623884,22.3,94,34.1,33.6,17
4830,8,81,2,141,59.2,29.77717419,43.6,90,16,15.7,17
4831,8,81,2,154,61.4,25.88969472,36.4,88,37.7,21.4,17
4832,8,82,2,147,69.7,32.3,49.8,105,21.3,16.7,17
4833,8,83,1,163,68.1,25.63137491,29.7,95,23.7,23,17
4834,8,86,2,142.1,37.2,18.4227638,19.7,74.3,13.1,11.9,18
4835,9,67,1,160.8,65.4,25.29330957,22.5,86,33.6,31.3,14
4836,9,67,2,158.2,60.6,24.21361684,33.5,87,27.6,26.2,14
4837,9,67,2,158.9,66.5,26.33745769,34.5,83.5,25.3,23.3,14
4838,9,68,1,159,64.6,25.55278668,25.3,81.3,33.3,29.6,14
4839,9,68,1,171.2,62.9,21.4606625,16.1,92,33.9,33,14
4840,9,68,1,163.7,69,25.74848802,33.3,85,25.8,24.1,14
4841,9,68,2,157.1,58.9,23.86508166,26.5,84.6,31.9,26.6,14
4842,9,68,2,151.5,65.7,28.62464464,39,90.5,18.4,18.2,14
4843,9,69,1,169.2,67.5,23.57778784,15.7,88,40,35.5,14
4844,9,69,1,162.2,67.3,25.58075537,28.9,86,31.7,27.3,14
4845,9,69,2,154,44.9,18.93236633,12.2,64,25.1,23.8,14
4846,9,69,2,152,57.1,24.71433518,21.2,85.8,26.1,22.8,14
4847,9,70,1,170.1,64.6,22.32666678,17.2,79,41.9,40.8,15
4848,9,70,1,158.8,66.1,26.21201835,19,87.6,38.2,37.8,15
4849,9,70,2,153.6,54,22.88818359,34.1,80,28.5,19.7,15
4850,9,71,2,141.9,49.5,24.58331285,16.9,89,22.9,20.3,15
4851,9,71,2,145,53.9,25.63614744,33.2,78,16.2,12.5,15
4852,9,72,2,148,55.6,25.3834916,20.4,81,20.9,14.4,15
4853,9,74,1,160.8,67.8,26.22150442,26.3,84.5,34.8,30.8,15
4854,9,74,1,161.2,50.9,19.5878923,20.7,87,31.3,25.7,15
4855,9,75,1,169.6,72.8,25.30927376,28.1,95,51.7,42.2,16
4856,9,75,1,169.8,68.5,23.75829112,26.1,84.5,28.6,24.5,16
4857,9,75,2,149.4,59.2,26.5228697,35.6,96,25.5,24,16
4858,9,75,2,146,65.1,30.54043911,43.8,98,19.6,18.2,16
4859,9,77,1,160.9,52.8,20.39491193,20,75,24.4,22.3,16
4860,9,77,2,158.3,62.4,24.9013424,29.2,93,25.8,21.4,16
4861,9,79,1,160.5,61.3,23.79635291,23.7,82,33.7,29.3,16
4862,9,79,2,150.6,55.7,24.55869307,36.5,93,23,19.4,16
4863,9,80,1,170.6,65,22.33342358,27.8,85.4,25.6,25.4,17
4864,9,81,2,150.5,64.6,28.5206565,41.4,94,17.8,15.3,17
4865,9,81,2,142.2,51.8,25.61713559,38.3,84,17.1,15.9,17
4866,9,82,2,149.5,55.1,24.65296809,38.1,88,10.4,10.3,17
4867,9,83,1,171.3,78.8,26.85415502,31.4,96,33.3,32,17
4868,9,83,1,162.2,62.4,23.71826352,25.9,89,33.7,30.4,17
4869,9,87,1,170,66.8,23.1,31.9,89,23,19.7,18
4870,9,88,2,146.8,59.4,27.56349813,42.2,85,17.1,11.6,18
4871,10,65,1,167,65,23.30668005,21.7,87,43.7,42.3,14
4872,10,65,1,157.9,66.8,26.79243603,26.5,86.1,39.2,34.3,14
4873,10,65,2,161.3,65.3,25.09830811,36.1,79,27.7,26.2,14
4874,10,66,1,159,62.3,24.64301254,23.9,79.7,33.8,33.7,14
4875,10,66,2,151.2,53.8,23.53307578,32.6,75,19.7,17.5,14
4876,10,67,1,165.3,80.3,29.38798694,28.9,91.9,35.4,32.6,14
4877,10,67,2,154.3,53.7,22.55497934,29.6,79.2,23,21.9,14
4878,10,68,2,153,55.8,23.83698577,32.7,84,19.5,18.1,14
4879,10,68,2,159.9,62.8,24.56194283,37.6,82.4,25,24.7,14
4880,10,69,1,164.7,63.5,23.40919757,23.3,74,38.2,36.2,14
4881,10,69,1,164.9,62.1,22.8375909,23.4,77,34.3,29.7,14
4882,10,69,2,147.8,49.4,22.61403608,32.4,76.3,23.5,22.9,14
4883,10,70,1,173.4,72,23.9,27.1,90.6,35.6,35.3,15
4884,10,70,1,159.1,67.2,26.54782302,31.3,85.1,36.3,35.4,15
4885,10,70,1,159.7,67.1,26.30950565,26.2,80.5,41.5,38.9,15
4886,10,71,2,149.6,48.7,21.76034488,30.6,75.5,21.4,16.7,15
4887,10,71,2,153.3,59.1,25.14798376,35.2,83,25.4,25,15
4888,10,72,2,148,55.8,25.47479912,35.6,87,26.1,24.8,15
4889,10,73,1,169,68.6,24.01876685,21.9,88,38.5,30.6,15
4890,10,73,2,156.2,70,28.69035889,37.2,98,25.7,23.2,15
4891,10,76,1,164.6,58.97,21.76564122,25.9,86,33.5,30.2,16
4892,10,76,1,165.8,75.3,27.39213755,28.4,90.5,40.6,37.5,16
4893,10,76,1,170,66,22.83737024,35,85.4,23.7,23.1,16
4894,10,76,2,146.3,62.7,29.29401426,42.9,88.7,20.9,17.7,16
4895,10,77,2,152.5,68.2,29.32545015,41.6,93,22,20.9,16
4896,10,78,1,169.6,67.6,23.50146849,29,85,29.7,29,16
4897,10,78,2,158.8,51.7,20.50168455,19.4,77,25.4,23.5,16
4898,10,78,2,147.6,54.5,25.01634095,41.6,96,17.5,16.4,16
4899,10,81,1,160.6,53.04,20.5642291,31.4,87,25.3,22,17
4900,10,82,2,147.7,51.6,23.65313503,34.8,79.4,21.8,21.5,17
4901,10,83,1,158.4,62.1,24.75034435,29.3,86.5,26.8,24.3,17
4902,10,83,1,170,69.8,24.15224913,22.6,88,36.4,27.7,17
4903,10,84,1,152.4,48.7,21,33.1,77.1,26.5,23.7,17
4904,10,85,2,149,56.6,25.4943471,41.7,79.5,8.6,8.1,18
4905,10,85,2,145,52.4,24.9,36.7,82.4,24.9,21.3,18
4906,10,87,2,151.6,55.4,24.1,39.9,82.4,23.6,20.1,18
4907,11,65,1,164.5,60.88,22.4979444,21.5,78.1,34.5,34.4,14
4908,11,65,1,168.4,75.9,26.76440553,25.2,89.2,41.7,36.6,14
4909,11,65,2,158.2,64.1,25.61209306,32.7,84.5,20.4,15,14
4910,11,66,1,172,67.9,22.95159546,24.9,91,38.3,37.2,14
4911,11,66,1,165.4,65.9,24.08875775,29.4,85.3,33.3,31.8,14
4912,11,66,2,159.6,59.9,23.51586988,35.6,84.3,17.5,15.7,14
4913,11,66,2,150.7,55.6,24.48207855,35,84.2,25.5,24.8,14
4914,11,67,1,172.7,67.3,22.56474287,22,82.8,38.8,35.1,14
4915,11,67,2,160.2,56.8,22.13213508,33.4,82.1,25.5,22,14
4916,11,68,1,154.1,61.7,25.98243722,30.5,83.1,29.7,29.2,14
4917,11,68,2,153.6,47.2,20.00596788,28.8,71.1,21.8,20.5,14
4918,11,69,2,150.7,48.4,21.31173744,25.1,70.5,20.7,20.5,14
4919,11,70,1,172.8,74.4,24.91640947,14.2,78.6,36.8,35.5,15
4920,11,70,2,147,56.9,26.33162108,37.9,94,18.3,14.6,15
4921,11,71,1,172.5,70.7,23.75971435,19.9,83.2,37.2,32.5,15
4922,11,72,2,155.8,71.7,29.53821512,40.7,92.8,18.5,18.1,15
4923,11,72,2,151.7,69.5,30.20046591,45.3,107.6,19,18.6,15
4924,11,73,2,162.1,63.3,24.09004883,34.2,88.8,19.8,18.1,15
4925,11,74,1,169.5,78.6,27.35792414,31.2,96.4,35.5,33.4,15
4926,11,74,1,161.6,61.7,23.6266665,29.6,81.7,32,29.2,15
4927,11,75,1,170.2,56.1,19.36617044,18.4,73,30.3,25.8,16
4928,11,75,2,145,59.5,28.29964328,46.6,92.3,16.5,15.4,16
4929,11,75,2,147.8,55.48,25.39730206,29.6,73.1,23.5,22.1,16
4930,11,77,1,148,56,25.56610665,45,82.5,22.5,20.3,16
4931,11,77,1,166.3,61.98,22.41130125,29.2,85.2,37.7,34.1,16
4932,11,77,1,167.7,75.8,26.95274984,21.7,83,39,32.5,16
4933,11,77,2,143.7,55.9,27.0706243,42.8,82.3,13.1,12.5,16
4934,11,79,2,152.8,64,27.41152929,44.3,92.8,27.2,23.4,16
4935,11,80,1,164,52.3,19.44527067,22.6,72.9,24.5,21.5,17
4936,11,82,1,172.3,71.18,24,23.3,81.9,41.7,37,17
4937,11,82,2,149.5,62.7,28.05337748,45.8,93,22.1,20,17
4938,11,83,1,161.3,67.6,25.98232203,24.4,82.5,33.8,33.6,17
4939,11,83,2,149,52,23.42236836,29,76.4,16.8,15.2,17
4940,11,84,1,163.7,62.9,23.47217241,29.1,87.5,24.6,22,17
4941,11,86,2,146.3,54,25.22929457,38,85.9,14.2,13.1,18
4942,11,90,2,146.2,46.4,21.70817107,39.5,75.9,22.6,18.6,18
4943,12,65,1,174.5,65,21.34629437,20.2,79,41,38,14
4944,12,65,1,165.7,68.7,25.0214066,26.7,86,37.7,33.7,14
4945,12,65,2,157.3,70,28.29049815,40,95,18.6,17.8,14
4946,12,66,1,166.7,77.5,27.88884335,27.2,94,33.5,29.5,14
4947,12,66,2,156.5,57.9,23.64013106,26.7,75.2,27.3,27.3,14
4948,12,66,2,157.2,55.62,22.50742964,29.2,77.5,25,23.3,14
4949,12,68,1,157.3,52.3,21.13704362,27.5,84,29.7,29,14
4950,12,68,2,155.4,68,28.15832932,42.7,97,22.1,21.7,14
4951,12,68,2,148.1,58.6,26.71698822,40,83.5,27.8,25.2,14
4952,12,68,2,155,55.9,23.26742976,34.9,79,22.8,20.6,14
4953,12,68,2,148.1,58.64,26.7,40,85.5,27.8,25.2,14
4954,12,69,1,153,62.04,26.5,33.9,94,32.5,31.3,14
4955,12,69,1,166,74.9,27.18101321,30.8,88,33.4,26.9,14
4956,12,69,1,153,62,26.48553975,33.9,95,32.5,31.3,14
4957,12,69,1,161.5,60.7,23.27253209,25,86,36.5,36.5,14
4958,12,69,2,156.3,72.4,29.63606988,39.2,95,30.2,29,14
4959,12,70,1,164,62.4,23.20047591,25.7,77,30,29.7,15
4960,12,70,1,174.5,68.6,22.52855067,25.7,77,39.1,38.3,15
4961,12,70,2,147.4,49.8,22.92104299,29.5,68,21.4,20.7,15
4962,12,70,2,147.4,50,23.01309537,30,72,24.4,23.4,15
4963,12,70,2,154.2,60.6,25.48612899,39.1,79,24.2,23.1,15
4964,12,71,2,152.8,60.8,26.04095282,40.1,87,22.3,18.7,15
4965,12,71,2,152.8,62.3,26.68341054,42.5,92,25,21.2,15
4966,12,72,1,159.3,64.9,25.57485294,22.6,89,29.2,27.8,15
4967,12,73,1,162.9,75.5,28.45147479,32,92,39.3,38.9,15
4968,12,74,1,158,60.34,24.2,21.4,85.3,39.3,37.7,15
4969,12,74,1,158,60.3,24.15478289,21.4,83,39.3,37.7,15
4970,12,74,2,149.1,57,25.64009139,35.5,90,25,24.7,15
4971,12,75,1,171.3,64.8,22.08311225,20,86,39.8,34.1,16
4972,12,75,1,162.2,69.4,26.37896616,42.3,89,21.7,18.5,16
4973,12,75,2,147.6,42.3,19.4163527,33.4,76,19.3,16.9,16
4974,12,77,1,163.2,67.8,25.45595444,25.2,84,35.3,31.7,16
4975,12,77,1,164.8,72.5,26.69461071,31.5,95,39.7,34.6,16
4976,12,78,1,164.4,72.7,26.89866861,26.8,93,34,33.2,16
4977,12,78,2,157,64.5,26.16739016,44.8,93,25.5,23,16
4978,12,78,2,152.6,56.8,24.39154266,42.1,98,17.9,15.9,16
4979,12,78,2,151,66,28.94609886,41.2,95,23.3,21.3,16
4980,12,78,2,152.4,56.9,24.49866011,28.5,78.4,27.4,26.1,16
4981,12,79,1,158,55.6,22.27207178,18.6,85,29,26.5,16
4982,12,79,2,144.7,51.8,24.73960137,40.1,85,21.4,18,16
4983,12,80,2,155.3,60.98,25.3,41.8,91,18.4,13.1,17
4984,12,81,2,146.6,49,22.8,31.4,84,15.9,8.6,17
4985,12,82,1,170.5,76.4,26.28116373,37,90,35.4,32.6,17
4986,12,82,1,156.9,50.4,20.5,21.2,77,23.4,21.8,17
4987,12,82,2,148.6,51.24,23.2,29.4,83.5,15.3,12.7,17
4988,12,82,2,155,62.4,25.97294485,40.3,88,19.4,18.3,17
4989,12,83,1,162.5,66.2,25.06982249,40.5,90,25.6,23.1,17
4990,12,83,1,164.2,48.7,18.1,19.8,78.8,31.5,29.4,17
4991,12,84,2,143.5,51.8,25.2,44.5,86,14.9,10.7,17
4992,12,84,2,143.8,49.2,23.8,40.1,92,10.1,9.5,17
4993,12,85,1,138,53.4,28,43,89,18.9,11.3,18
4994,12,86,1,164.2,57,21.1411472,40,95,21.5,14.1,18
4995,13,65,1,160.6,66.8,25.9,27.9,90.2,31.3,30.6,14
4996,13,65,1,160.6,66.8,25.89914223,27.9,90.2,31.3,30.6,14
4997,13,65,2,154.4,59.32,24.88321834,32.2,81.5,21.5,21,14
4998,13,66,1,164.2,63.14,23.4,23.4,80,36.3,30.3,14
4999,13,66,1,164.2,69,25.6,27.4,90,40.9,34.4,14
5000,13,66,1,170,70.4,24.35986159,18.5,86,42.4,39.5,14
5001,13,66,2,149.2,44.1,19.81075117,20.3,64.9,26.8,26,14
5002,13,66,2,158,52.6,21.07034129,27,74,29.1,28.1,14
5003,13,67,2,147.5,63.9,29.37087044,44.4,89.7,21.7,19.6,14
5004,13,67,2,156.7,64.4,26.2269552,39.1,90.7,23.6,18.8,14
5005,13,67,2,156.8,57,23.1836995,33.8,79.9,24,23,14
5006,13,68,1,170.3,81.1,28,29.9,91,38.1,34.3,14
5007,13,68,1,169.4,83.3,29,31.7,94.5,33.7,28,14
5008,13,68,2,151.8,67.7,29.37954906,42.3,95,28.6,26.2,14
5009,13,68,2,150.9,57.1,25.07596348,34.3,81,22.7,22.3,14
5010,13,68,2,170.9,64.8,22.18660648,26.2,80.3,22,20.3,14
5011,13,69,1,162.1,61.4,23.4,22.7,79.7,32.1,31.6,14
5012,13,69,1,164.7,63.1,23.3,25,83,33.6,33.1,14
5013,13,69,1,170,71.5,24.7,21.9,85.3,33.8,31.6,14
5014,13,69,1,162.1,61.4,23.3669668,22.7,79.7,32.1,31.6,14
5015,13,69,2,152.5,56.9,24.46654125,33.8,82.7,29.3,26.8,14
5016,13,69,2,154.6,63.7,26.65142612,37.4,90,18.9,16.3,14
5017,13,70,1,170,67.6,23.39100346,28.7,90.8,36.2,33.4,15
5018,13,70,2,157.1,65.4,26.49874941,38,86.9,19.3,18.3,15
5019,13,70,2,158.6,77.6,30.85001328,41.2,98,22.9,22.4,15
5020,13,70,2,157,61.4,24.90973265,34.7,86.4,27.2,23.8,15
5021,13,71,1,163.8,54.2,20.20093595,17.1,81,30.6,29.4,15
5022,13,71,1,170,75.3,26.1,22.2,86.8,35.3,31.6,15
5023,13,71,1,162,70.3,26.8,26,88,36.1,35.4,15
5024,13,71,1,159.8,57.84,22.7,18.7,74.9,33.7,33.1,15
5025,13,71,2,159.8,57.84,22.65034046,18.7,74.9,33.7,33.1,15
5026,13,71,2,158.8,66.7,26.44994892,33.4,86,29.7,27.3,15
5027,13,71,2,162.5,59.8,22.64615385,34.9,84.2,25.8,25.4,15
5028,13,71,2,147,58.7,27.16460734,35.7,81.4,23.7,20.8,15
5029,13,72,1,170.9,72.8,24.9256937,16.1,78,44.4,41.8,15
5030,13,72,2,157.2,57.3,23.1872657,30.8,78,24.5,24.1,15
5031,13,74,1,162,62.7,23.89117513,33.5,73.4,32.7,27.3,15
5032,13,74,1,170,67.6,23.4,22.2,88,34.6,34.1,15
5033,13,75,2,159.6,59.8,23.47661133,30.9,77.5,22.7,21.1,16
5034,13,75,2,159,66.7,26.38345002,32.2,87.2,27.7,27,16
5035,13,75,2,155.3,57.8,23.96541351,39.2,88.7,20,15,16
5036,13,75,2,150.8,58.1,25.54897312,34.7,87,23.7,18.4,16
5037,13,75,2,155.9,62.5,25.71507451,35.6,85,24.4,20.3,16
5038,13,75,2,161.5,58.9,22.58240758,33.4,79.9,18.8,17.2,16
5039,13,75,2,148,56.6,25.84002922,40.7,86.5,22.6,18.6,16
5040,13,76,1,159.3,62.9,24.78672188,24.7,83.9,34.1,20,16
5041,13,76,2,154.5,61,25.55482243,31.8,80,24.7,21.5,16
5042,13,77,1,169.6,89.6,31.1,41.7,115,31.6,28.4,16
5043,13,77,1,165,58.8,21.59779614,23.4,80.3,36,29.3,16
5044,13,78,1,164,69.6,25.9,23.1,96,33,30.3,16
5045,13,78,1,171,74.2,25.4,28.2,92,31.9,28.2,16
5046,13,79,1,166.3,71.2,25.7,30.9,93,36.3,34.9,16
5047,13,79,1,166.2,64.2,23.2,19.6,79.5,36,33.1,16
5048,13,79,1,164,67.2,24.9851279,27.4,86,31.8,27.4,16
5049,13,80,1,162.4,52,19.7,15.4,80.4,32.4,30.3,17
5050,13,81,2,148.1,42,19.14869463,25.7,69.3,22,20.1,17
5051,13,81,2,146,58,27.20960781,40.6,99.7,10.9,8.7,17
5052,13,81,2,160.6,70.2,27.2,36.5,90.5,18.9,15.6,17
5053,13,81,2,142.8,44.9,22,42.4,73.8,17.2,12.1,17
5054,13,81,2,157,51.6,20.9,29.7,72.3,16.3,15.2,17
5055,13,81,2,157,51.6,20.93391213,29.7,72.3,16.3,15.2,17
5056,13,82,1,161,68.3,26.3,33.7,87,31,29.4,17
5057,13,82,1,170,69.7,24.1,33.6,85,32.7,30.9,17
5058,13,82,1,157.8,60.3,24.2,23.3,79,14.2,11.4,17
5059,13,82,2,152,54.8,23.71883657,36.4,78.5,11.8,8.4,17
5060,13,82,2,144.8,57.5,27.4,39.5,80,25.2,24.2,17
5061,13,83,1,162,58.2,22.2,27.8,89,19.8,18.5,17
5062,13,84,1,150,46,20.4,11.7,79,30.3,29.6,17
5063,13,85,1,165.7,66.1,24.1,33.3,80,30.9,28,18
5064,13,85,1,157,77.2,31.3,37.6,97.6,30.3,18,18
5065,14,67,1,174.1,46.6,15.37405302,10.2,65,32.1,28.5,14
5066,14,67,1,164.9,66.8,24.5660398,23.4,89.5,36.2,34.8,14
5067,14,67,2,154.2,57.2,24.05621416,30,88,22,21.4,14
5068,14,67,2,154.3,68,28.56124013,42.7,92,26,21.4,14
5069,14,68,1,161.7,67.9,25.96867161,23,87,40.7,39.3,14
5070,14,68,2,164.4,79.7,29.4886367,36.8,101,32.8,27.5,14
5071,14,70,1,153,64,27.339912,27.2,89,34,27.6,15
5072,14,70,1,172.5,53,17.81138416,20.4,81.2,30.1,27.2,15
5073,14,70,1,169.6,80,27.81238875,28.7,100,51.2,47.8,15
5074,14,70,2,148,52.1,23.78560993,26,85,22.8,20.8,15
5075,14,70,2,164.3,56.3,20.85610804,29,74,22.6,22.6,15
5076,14,72,2,156.9,66.3,26.93194018,34.7,93,26,22.3,15
5077,14,75,1,166.2,65.5,23.71260468,21.5,87,34.1,27.5,16
5078,14,75,1,168.4,92,32.44170367,32.7,114,33.8,31,16
5079,14,75,1,167.8,67.2,23.86631454,19.9,88,36.8,36.6,16
5080,14,79,2,157,38,15.41644691,7.5,70,12.4,12.4,16
5081,14,79,2,138.8,50.8,26.36846083,22.7,91.7,18.6,16.5,16
5082,14,79,2,148.3,56.6,25.73559,18.4,93,16.7,14.1,16
5083,14,80,1,171,69,23.59700421,24.5,89,35.6,28.5,17
5084,14,83,1,172,78,26.36560303,19.5,92.5,30,24.5,17
5085,14,84,2,151,55,24.12174905,27.2,82,12,5.9,17
5086,14,85,1,166,71.9,26.09232109,32.5,102,30.9,30.2,18
5087,14,87,2,152.2,60.5,26.11716722,28.5,97,15.1,10.5,18
5088,14,93,2,149.4,65.6,29.39020697,34.5,88,16.6,15.8,18
5089,15,66,1,148,50,22.8,25.7,84,28,24.5,14
5090,15,66,1,169.6,59.3,20.6,19.1,79.3,35.5,32.7,14
5091,15,66,2,147.5,57.2,26.2912956,38.8,93.6,19.1,18.6,14
5092,15,66,2,151.5,54.2,23.61424261,26.4,89.6,19.8,19.7,14
5093,15,67,1,169.4,68.8,23.97516619,22.1,83.5,22.9,21.5,14
5094,15,67,1,174,78.8,26.02721628,26.2,95.2,32.6,27.5,14
5095,15,67,2,160,71.2,27.8125,41.6,95.8,20,19,14
5096,15,67,2,149,56.6,25.4943471,31.1,104,22.2,22,14
5097,15,67,2,144,51,24.59490741,34.6,75.7,22.3,21.7,14
5098,15,67,2,158,61,24.4,34.5,88,28.1,23.9,14
5099,15,68,1,167,65,23.3,15.9,92,34.7,33.9,14
5100,15,68,2,161.5,62.4,23.92431635,33.9,85,29.4,28.7,14
5101,15,69,1,171,69.7,23.8363941,26.7,86.8,37.3,30.7,14
5102,15,69,1,161,60.7,23.4,21.8,76.8,30.4,27.9,14
5103,15,69,1,164,63,23.42355741,27.5,84,36,33.6,14
5104,15,69,2,147,47.6,22.02785876,33.8,76,22.3,20.3,14
5105,15,70,1,169,61.3,21.46283393,15.4,73.5,35.3,27.8,15
5106,15,70,1,163,63.1,23.74948248,24.3,80.7,48.8,44.4,15
5107,15,70,1,173,93.8,31.34083999,31.2,104.5,44.4,43,15
5108,15,70,2,153.5,60.7,25.76154654,36.3,92,22.7,21.2,15
5109,15,71,2,154.7,56,23.39954429,35.3,98.3,23.2,20.8,15
5110,15,71,2,149.5,44.4,19.8655496,27.1,68.5,20.5,14.5,15
5111,15,71,2,157,64.1,26.00511177,39.1,93.9,22.6,20.6,15
5112,15,72,1,174,86.8,28.7,34.8,103.2,35.3,28.3,15
5113,15,73,1,163,58.1,21.86759005,19.3,85.5,39.7,31,15
5114,15,73,2,148,67.7,30.90759679,42.7,89.7,15.4,15.1,15
5115,15,73,2,147.5,51.8,23.80925022,37.7,86.1,22.9,22.4,15
5116,15,74,1,164.5,66.8,24.68565516,19,81.6,26.5,25.5,15
5117,15,75,2,149.5,52.3,23.40018568,38.7,79.2,19.7,17.1,16
5118,15,75,2,157.6,51,20.5332526,32,78.5,25.8,17.8,16
5119,15,76,1,165,69,25.34435262,29.4,90.7,43.1,30.3,16
5120,15,76,1,165,61,22.4,32.6,85,27.7,21.3,16
5121,15,78,1,164,62.1,23.08893516,29.8,81.6,36.4,32.5,16
5122,15,78,1,163,60.2,22.7,31,81.8,31.3,31.1,16
5123,15,78,1,161,66.5,25.65487443,27.7,82.1,38.3,33.3,16
5124,15,78,2,150,59.1,26.26666667,29.1,99.7,17.9,16.9,16
5125,15,79,1,168,63.1,22.4,33.6,88.2,30.6,30.6,16
5126,15,79,2,149.3,44.2,19.82908406,31.8,66,16.1,14.1,16
5127,15,79,2,145,49.1,23.35315101,37.1,87.4,14.6,12.7,16
5128,15,79,2,148,47.6,21.73119065,35.2,73.3,20.9,18,16
5129,15,80,1,163,70.4,26.49704543,31.9,92.5,30.3,30.1,17
5130,15,80,2,141.7,48,23.90570395,37.3,87.3,20.9,19.4,17
5131,15,82,2,148,67.2,30.67932798,44.9,89.5,20,18.8,17
5132,15,82,2,152.6,60.9,26.15219979,39.9,85.2,22,21.5,17
5133,15,82,2,153.5,60,25.46446116,40.6,91.2,24.4,22.9,17
5134,15,82,2,141.5,57.4,28.66810673,40.5,82.7,19.7,18.6,17
5135,15,84,1,167,67.8,24.3,33.1,98.5,35.1,34.1,17
5136,15,84,1,159,51.3,20.3,20.6,71.2,29,27.2,17
5137,15,85,1,176,91.9,29.66813017,42.5,112.3,33.7,29.6,18
5138,15,86,2,150,56.2,24.97777778,42.5,89.4,16.2,15,18
5139,15,87,1,152,45.1,19.5,30.8,68.9,22,22,18
5140,15,88,1,158,63,25.23634033,32.4,78,29,28.2,18
5141,16,65,2,147.4,49.6,22.82899061,31,81.2,19.4,17.7,14
5142,16,67,1,166.1,71.3,25.8,27.3,85,28.4,27,14
5143,16,67,1,166.1,70.1,25.4,27.8,85,28.5,28,14
5144,16,67,2,152.6,57.7,24.8,33.7,79.5,14.7,14.2,14
5145,16,69,1,162.1,59.52,22.7,26.6,81.3,32.4,29.2,14
5146,16,69,2,157.6,55.3,22.3,22.8,76.2,20.6,20.1,14
5147,16,72,1,179.7,70,21.7,19.5,82.3,43.9,37.1,15
5148,16,72,2,154,56.4,23.78141339,33.1,79,20.9,20.8,15
5149,16,73,1,169.7,73.92,25.7,28.4,93.2,22.7,21,15
5150,16,73,2,153,53.9,23.02533214,31.2,84.6,16.5,15.5,15
5151,16,74,1,169.2,80.82,28.2,32.5,99.2,29.5,29,15
5152,16,74,2,155,50.8,21.144641,24.7,70.3,23.3,21.7,15
5153,16,75,1,169.2,80.82,28.2,32.5,99.2,36.2,25.5,16
5154,16,75,2,155,69.6,29,41.6,75,20.8,18,16
5155,16,76,1,157.8,69.6,28,38.8,90.9,36.7,34,16
5156,16,76,1,156.3,68.08,27.9,31.9,88.7,28.3,25.4,16
5157,16,76,2,153.3,49.7,21.1,42.3,78.8,28.6,25,16
5158,16,76,2,150.4,42.8,18.9,31.7,72,14.9,12.8,16
5159,16,81,1,150.7,56.9,25.1,34.9,80.8,36.8,34,17
5160,16,81,2,149.6,53.4,23.9,26.9,74.2,25.1,21.7,17
5161,16,81,2,157.1,61.14,24.8,41.1,86.3,20.5,19.2,17
5162,16,81,2,157.1,60.3,24.4,32.4,87.7,22,18,17
5163,16,82,1,146.8,54.5,25.3,30.8,78.6,26.9,26,17
5164,16,83,1,156,49.5,20.34023669,18.5,96,19.7,11.6,17
5165,17,65,2,155.1,51.5,21.40837155,32.8,76.5,22.5,19.7,14
5166,17,66,1,160,61.7,24.1015625,26.2,81.4,28.7,22.8,14
5167,17,66,2,158,75.1,30.08331998,35.7,93.1,25.9,22.8,14
5168,17,67,1,168.7,78,27.40718539,32.2,93.2,43,35.1,14
5169,17,67,1,160,70.2,27.421875,25.7,97.7,26.9,24.8,14
5170,17,67,2,149.6,56.9,25.42430438,36,80.2,27.3,23.8,14
5171,17,68,1,156.5,64.4,26.29403179,36.5,85.7,31,27.7,14
5172,17,68,1,169.2,83.5,29.16659681,30.8,96,42,39.1,14
5173,17,68,2,160.4,47.3,18.38452497,20,69.1,29.3,26.3,14
5174,17,68,2,149,49.9,22.47646502,33.2,78.2,19.3,19,14
5175,17,69,1,167,71.3,25.5656352,19.8,77.6,41,38.3,14
5176,17,69,2,152.4,58.3,25.10143909,40.3,86.8,21.5,18.5,14
5177,17,70,1,160.3,58.1,22.61044385,22.2,81.3,35.2,30.1,15
5178,17,70,1,169.2,69.6,24.31131901,19.8,80.1,37.5,34.7,15
5179,17,71,2,147.6,57.8,26.53109187,35.6,90,19.4,16.8,15
5180,17,71,2,151.6,50,21.75562688,31.1,81.6,19.4,18.7,15
5181,17,72,1,153.6,89.2,37.80788845,23,78.2,24.4,21.1,15
5182,17,73,2,158.5,58.6,23.32593617,38.6,82.4,22.6,21.5,15
5183,17,74,1,161.7,61.9,23.67394363,26.1,80.4,34.8,32.4,15
5184,17,74,2,159.4,60.22,23.70086066,30.1,80.5,24.1,20.4,15
5185,17,75,2,157,61.4,24.90973265,34.5,87.5,21.1,20.4,16
5186,17,75,2,157,62.3,25.27485902,36.5,83.2,23.2,21.6,16
5187,17,75,2,144,52.7,25.41473765,34.5,83.2,20.2,18.4,16
5188,17,77,1,154,56.3,23.73924777,18.3,74.1,40.3,32.1,16
5189,17,77,1,159,63.7,25.2,30,87.5,32.9,31,16
5190,17,77,2,147.8,53.9,24.67401913,35.9,84.8,22.8,22,16
5191,17,79,1,176.5,67.6,21.69987722,20.5,78.9,36.5,36.4,16
5192,17,79,1,167.7,69.6,24.74817136,29,84.1,33.1,31.3,16
5193,17,80,2,164,63.5,23.60945866,36.6,89.1,16.6,16.4,17
5194,17,81,2,145.3,48.7,23.06735146,33,78,17.9,13.5,17
5195,17,81,2,145.2,52.3,24.80666925,40,86,15.6,15.5,17
5196,17,82,1,158.1,53.7,21.48377255,31.9,85.1,31,30.4,17
5197,17,83,1,164.2,64.8,24.03414629,27.6,81.1,34.3,34.3,17
5198,17,84,1,159.1,56.7,22.39972567,24.9,75.9,27.8,26.3,17
5199,17,85,1,167.4,60.5,21.5895936,28.3,81.9,29.8,29,18
5200,17,89,2,150.8,50.3,22.11899049,30.2,76.7,13.2,7,18
